Pop,Latitude,Longitude,MAT,Seeds,Flowering_Date,Water_Content,Growth_Rate,Bolt_Date,SLA,Num_Trichomes,Leaf_Totphe,Flower_Totphe,Fruit_Totphe,Leaf_Oenothein_A,Flower_Oenothein_A,Fruit_Oenothein_A,PC1,PC2
22,43.648016,-79.356773,7.8,42003,0.6589863000402646,-0.10135918337939913,0.7562646447583985,-0.5613901303436173,-0.3583347173810466,-0.8350491292242602,0.5194484844489907,0.36142502047833097,0.6991838126727286,0.41814800505618493,0.1391784812058309,1.1574734762340213,-1.3682431629637712,-0.5819894826087338
23,43.632911,-79.325592,7.9,27122.2,-1.3665935704864187,-0.6988203891371128,0.07681288846713681,-0.4067944602770829,-0.6144472546754668,0.3283902440106987,0.6091939930776703,-0.1322078631108333,0.029771350619363784,0.6701757673494038,0.04020692763373192,0.07112350462444553,0.15798082297559815,0.5084130295067041
182,40.1337,-86.15892,10.1,8022,0.5470758099559042,-1.6402774806280738,-0.5784426350093012,-0.13749877693542226,1.4226620789959001,-1.613032904639733,1.3237814945780966,2.8990344765344673,1.8594221009554472,0.7160096874073827,2.6791304935427567,1.9892712440369418,-4.504276524185766,1.579804760096027
183,40.1337,-86.15892,10.1,8425,-0.4601186008032132,0.12183450621790767,-0.6385529704145629,-0.511520559354396,-0.5246543125785847,1.2955655284476717,-0.187738235862678,-0.830804447648263,-0.22664718565725686,-0.6274721964646706,-0.4156366480173215,-0.6419760120259678,1.2924643173115566,0.39838142292699125
8,42.470627,-76.523911,8.9,2759.8,-0.9742074146281794,-0.06908604343716619,0.6946661149487839,-0.5302216484753446,-0.3305135967363474,0.17986606870410843,-0.4648107734031008,-0.433190653000986,-1.060237081430469,-0.7355260575001608,-0.6423031504409363,-0.8413688929031372,2.0355086028457974,-0.13764058346180666
9,42.470627,-76.523911,8.9,22377,-0.38667734168536094,0.02506010746232753,0.00478038647079101,-0.2310042225401657,0.5473340927618595,-1.5997718175587874,-0.2771618503725786,-1.1721882460131121,-0.41168641833441766,-0.6582099134670522,-0.802574378010559,-0.6218434213353045,1.6176115328103562,-0.9258498547660853
411,42.463813,-76.528893,8,8121,-0.2922528656766937,-0.19866827510555293,-1.157859668003281,0.23652300548355143,-0.2531586445785623,-1.4804220338302774,-0.449686466520054,-0.14539998834624898,-0.09001462764401331,-0.6997924634633236,-0.07900946058672471,-0.5115158117187308,0.8733815206596777,0.883151999626499
442,43.594882,-79.515846,7.8,10120,-0.14537034744098903,-0.253895728606906,0.01044334128565379,-0.24970531166111437,-0.21957708138137425,0.0512335240189365,-0.5426533588830317,0.8695387336887243,0.7476177528033499,0.17016495038426777,1.1064642036773498,0.9817663240716695,-1.3538700294879047,0.7815736212266109
465,35.66419,-78.47168,15.5,18203.25,1.5962366544966515,0.9392976548866034,-0.0378348373647066,0.853658946474858,2.2037843994474478,-0.306815827166594,-0.8993928132347883,0.5618513578486757,0.6562432261499779,0.7188951378831165,1.4773266083467835,1.7113992635255062,-3.031133127640213,-0.9996960884176584
501,35.91668,-78.385292,15.3,17244.1666666667,1.3584268630674017,-1.0314259163929704,0.3460300154001701,0.3562099758576226,-0.9134447864674421,0.19047493836886503,-0.1309621231026078,0.5534823881948442,1.7143592551892795,0.20010805316442073,0.8845004649976577,2.027357751735881,-2.9124375009089167,0.9565759235755847
514,35.71578,-78.656181,15.4,1117.33333333333,1.5822478432361222,1.1375662699680997,1.1476314805043717,1.7700123134013435,1.3687190164393934,-0.7996862303417369,-1.3819770365222988,0.6387544740168054,-0.12360300400968319,0.22443512700567206,0.8883833784259418,-0.4235041839781731,-1.3568830646385968,-0.9768656353530959
515,35.96879,-78.961891,15.2,13158.6,1.7053493823288903,-0.5751725458555876,1.5685218071427722,0.22156213418679332,-1.1460561702975476,-0.6582346348116517,0.6375633902042335,-0.7387686023118185,1.475844269009765,1.9467082347715243,0.18442008023986226,2.4993278051817946,-3.2839549445719443,-1.1594689716835
516,43.649047,-79.5438,7.5,14202.6666666667,0.5890422437375341,0.9504703288846027,-0.3348054329360824,-0.212303133419217,-0.45724233765724165,0.13743059004508273,0.7750586049879408,0.07510505263443705,0.5862352775448619,2.9573550890427818,1.2619132490757707,1.3957319102028465,-2.9157282136469367,-0.6288552433777965
518,44.162759,-77.383232,7.1,29483.6666666667,-0.5300626571059437,-0.6534524776314549,-0.32156814777842485,-0.4367162028706012,-1.0982833087474155,-1.0649079719606485,-1.4449586655828666,-0.2578825418192939,-0.280094655114846,-0.7337519527077029,-0.6280071923837582,-0.6363061994169579,1.790593036618982,0.993695761557355
570,43.962878,-79.522835,6.5,8917.75,-1.0476486737460318,1.1232922925756128,-0.3889167645724094,-0.06269442045162753,-0.12432365907767223,-1.2019392051304203,-1.1306764849164432,-0.7669342255485004,-1.3407337041251521,-0.7458658405815372,-0.73348364101012975,-0.8673315160663112,2.549285500607887,-0.4625251119312347
571,43.962613,-79.523201,6.5,664,-0.3971689501307684,1.5739786812638836,-1.9229780362433888,-0.28710748990301177,1.2841690663406187,1.5563669077062592,-1.4539132810227582,-0.7483963792171986,-1.618304081400335,-0.7936900179287479,-0.7231797658139202,-0.9099603751016232,2.2981557090268874,-0.11839907391699028
572,43.962613,-79.523941,6.5,25502,-0.9469292326701197,1.6530554654168217,0.995087766805307,-0.26840640078206307,0.04552501369701302,0.24882372152502563,-1.5044088868422694,-0.12823071622563412,-1.1632882288831605,-0.8042243166126342,-1.0574820338464768,-0.8607976887734808,2.4226846378681675,-1.1801427665199538
573,43.962762,-79.523209,6.5,39346.6,-0.67834405646768825,0.9724605474261372,-0.690390599613002,-0.3020683611997698,0.3216661560870098,-0.22327097855663672,-1.9472338930134718,-0.9179024840647294,-0.776767220565425,-0.8213527165237836,-0.7821924694036427,-0.7864290266755667,2.3527183765461364,-0.35441421022696434
574,43.961764,-79.523544,6.5,7065.25,-0.8902745470649197,0.3171231120971855,-1.0286048388074618,-0.36191184638680646,0.11337903407499308,0.41591341874493976,-0.7325436252268753,1.123368325790168,0.040514906686911926,-0.30371724721420496,0.5720085790323335,0.2593842213111398,0.02059717081533426,1.1620578831952881
658,42.004086,-77.126945,8,3175.4,-0.37618573323995347,-0.02043902109243879,-0.4734175978830528,-0.31204227539758517,-0.5718673361205645,-0.5521459381640871,-0.8228654897915427,0.26321341056513714,-0.373773980729624,-0.6745413969138948,-0.31867260351377064,-0.5577705450389749,1.2153822510020742,0.7660919676598534
676,41.878114,-87.629799,10.1,32326,-0.5608380418791252,-0.09404030132634654,0.5668627647817671,-0.212303133419217,-0.3418442776529585,0.31247693951356414,2.1150139802115433,0.22632739272764568,1.6835459965121853,2.0145207537800216,1.2262188602486186,2.065861556153803,-3.294481636243144,-0.5575188258803979
688,49.157497,-121.951981,10.1,18658,-0.41815216702158337,-0.05834015132645294,0.7337987074605652,-0.4367162028706012,0.07684207901421243,0.31424508445769916,0.5994143837708883,-0.03878650576406462,0.6254666362830681,-0.47355458014767243,-0.43799775267564756,-0.3588149725454333,0.29989996099287153,-0.5382130226314981
688,49.157497,-121.951981,10.1,18658,-0.41815216702158337,-0.05834015132645294,0.7337987074605652,-0.4367162028706012,0.07684207901421243,0.31424508445769916,0.18544321479990528,-0.03878650576406462,0.6254666362830681,-0.47355458014767243,-0.43799775267564756,-0.3588149725454333,0.3934865580059245,-0.47607516965975805
689,49.283726,-117.631439,8.2,1948.33333333333,-1.1315815413092916,0.23075083890175013,0.3829120116345723,-0.36191184638680646,0.9557371341047414,-0.7378011572973251,0.31138539259122683,0.9625754669867967,-0.6174657542096319,-0.682824814777959,-0.4649507369495308,-0.8629991170287334,1.2412980139157153,-0.32186312792361577
690,50.960833,-119.285599,7.4,2166.25,-0.6279843359297328,-0.2378752420234194,0.21135524254923008,0.1866534344943301,-1.0560565197112532,-0.5433052134434576,0.6493518294050074,-0.18619893969266207,0.8878392159837878,-0.8130900366429409,-0.8019485962406032,-0.5323824532497153,0.7154338393268727,0.25700144557422744
692,49.610409,-117.563469,7.8,19116.75,-0.48110181769402816,0.6121775503273446,0.06345920026321909,-0.28710748990301177,-0.10331933731640044,-1.1953086615899475,-1.1380029692460145,0.7650172934872154,-0.3337285525534726,-0.8363337358231452,-0.4909668857830809,-0.7180102343001911,1.408753911533975,0.07937756893439377
693,49.561061,-121.429169,8.4,42913.3333333333,-0.7958500710562524,-0.4231458075703816,-0.1591411519564563,-0.4117814173760278,-0.1864103276770499,0.14627131476570432,-0.719420093138752,-1.3270757389124082,-0.31067129352660516,-0.812381216376558,-0.8381306512548884,-0.7823036182705526,2.0006023780471835,0.017342939742188708
694,50.018423,-96.774117,2,1552.2,-1.2364976257633662,-0.8577729422054499,1.2738797012422152,-0.36191184638680646,0.03945915866513397,0.30717250468118623,0.9228103293368743,0.947958041286854,-1.865671058280719,-0.7744926487522883,-0.4037238284704448,-0.9245758891685498,1.6008765996101504,0.4594439807016717
696,47.001544,-65.566162,4.8,15881,-0.76437524572003,-0.7611512809984898,-0.3676370280336513,-0.3058085790239604,-0.7441387612328488,0.687765703904324,-0.6194949044410133,-0.15109739180055418,-1.168894775766854,-0.8469130228644628,-0.6789619532761018,-0.8385013212788881,1.9800130236440672,1.2788888560670721
697,45.485094,-75.474731,5.5,24797.4,-0.7119172034929926,0.4921798323088498,-0.049537055620981194,-0.3469509750900484,-0.008478496101412854,-1.0958505084828556,1.2720981535819327,-0.6077286233874793,-0.8076594775487823,-0.6860459013288761,-0.6443845058316784,-0.6133979114009344,1.43949973818194,-0.7644461904270121
698,43.544805,-80.248169,6.6,15579,-0.7874567842999269,-0.3209730936360235,-0.06616814892333348,-0.07516181319895146,-0.5254122903655268,0.3584487080608335,-0.5611691916822611,0.7776335430452406,-1.030240215183706,-0.6973695143820371,-0.4292217064314767,-0.8393285692565281,1.4780479135421074,1.1795170808660103
699,44.927178,-78.725372,5.1,8651.66666666667,-0.8378165048378823,0.6330437633627592,0.13887211141285902,-0.11256399144084883,0.817971946714749,1.5961501689490958,-0.03584015368952209,0.8966754237970497,-0.8181952073896883,-0.6013891664044567,-0.6076973483333772,-0.8325466978112357,1.1223967118015725,0.015525847589303863
701,46.315411,-63.241093,5.6,27488.2,-0.8063416795016599,0.08889291594223465,0.9956287377135713,-0.5863249158381907,0.14589866550379169,-0.3824040235279836,-0.7320790909389546,-1.1252365677799223,-0.5970488891814791,-0.7710766148858212,-0.8373204903216818,-0.6844487420930669,2.038396106163302,-1.0565594124259878
702,46.461958,-63.453724,5.5,12360.5,-0.9217493724011421,0.9198335062507372,-0.25021656847322904,-0.3058085790239604,0.33745679489464553,-0.804106592702053,-1.9005224863496433,-0.46497654498424856,-0.9952914552134692,-0.8645358489740345,-0.7819703838214866,-0.8644555301395291,2.4923526262360696,-0.41290893126811073
703,45.50527,-73.600243,6,13301,0.0434786045763455,-3.674469336943333,-0.877502549361448,-0.4554172919915499,-0.1282891044130088,0.2037360254498106,1.1493501488327766,1.6696666956570505,0.3319986059640543,-0.49728935436856103,0.20891225640792588,-0.5333436761029033,-0.5973306691077518,3.271096708914569
704,45.958702,-73.219673,5.5,10124,-1.0266654568552167,0.6822304457454885,0.29510780415084553,-0.2310042225401657,1.330040307112054,0.999401250306545,0.5772449796407686,-0.04186105654905274,0.49971327791953024,-0.7319369415693128,-0.5342048016781249,-0.42834639231207494,0.5988391845842024,-1.0210278767019019
705,45.501857,-73.600479000000007,6,80042.75,-0.5125766430302506,0.038740770482264604,0.2149016739837303,-0.4117814173760278,-0.2820610269623328,-0.6250819171092877,0.3410414509746908,-0.8902708653010267,-0.0387071166775949,-0.6206716228152577,-0.9334605362267311,-0.4826158644986858,1.3450977661380716,-0.6299497302399222
706,47.592963,-79.487495,2.9,17522.8,0.2952772072661249,0.2500175436225492,0.38156547385309925,-0.4367162028706012,-0.6691328824403656,-1.9379295381228996,-1.1684384416084244,-0.6790153224324531,-0.49637768426003837,-0.6872969195494398,-0.8343946185163403,-0.7666366428173412,1.756380603574378,-0.549632650799324
708,46.810776,-71.290688,4.8,21355.8,-0.6279843359297328,-0.036611204767302875,0.34110590265732466,-0.3170292324965301,-0.7134723622376236,-1.7191216012872976,0.26684136411656395,-1.170274342494068,-0.5869033829397053,-0.6884730373876716,-0.8214647901458886,-0.7701865158606052,1.8967749075943003,-0.5957732426243922
712,31.090742,-88.228012,18.5,2042,0.35822685793856973,0.6337251164695619,-0.8503793422814125,2.1814362740622144,0.1999894580052558,0.6059890002385018,-1.1092535932176346,-0.960406619462533,-0.29680076977810127,0.44326744323651834,-0.8042596094803869,-0.6631339345175945,0.3128617703752608,0.2054139446258828
713,36.002981,-94.288231,14.5,1965,0.7359247619732388,-1.500813488547088,-1.77964709265678,4.201153899124672,0.28821585437278785,-0.2670325659237573,-1.6670221915081724,2.3889956586032257,1.1700211159066256,0.0031644379557744886,3.1567005563003976,1.8587018981394485,-4.4609279641631705,4.407995521133302
714,34.503701,-93.055176,16.4,1246.66666666667,1.7221359558415412,-0.2421208234027849,1.4077389861390786,2.218838452304112,0.5769472677066837,-0.6405531853703901,-0.4230129569627098,-0.3867031300755788,1.4272342170849004,0.7849729874941062,0.1626636732826403,2.11138108008969,-3.1779417894630493,-1.0035860115732038
715,35.491971,-90.358101,16,23935.25,1.1870639251257602,0.925628599827499,0.951036770782358,-0.2310042225401657,0.11804289693685649,0.011450262776099781,1.60623628395251,-0.20283908928142444,1.5205144645204012,1.0702257587943749,-0.003944364957148514,2.0036382140908557,-2.7464333765334,-2.0030223200256216
718,47.677676,-116.780602,8.4,3649.75,-1.341413710217441,-0.4778583841200937,0.1333927657469401,-0.3245096681449091,-0.6224464646036465,0.8866820101185077,-0.46312740841028116,-1.1977890064328451,-1.6103870015599173,-0.7626213176618888,-0.8009857940939631,-0.8775622563215983,2.615634170905284,0.4215826127550418
719,45.173222,-113.901314,7,1655.6,-1.0392553869897063,1.2824110379889675,0.02968247284164634,-0.4217553315738431,0.553519219023201,0.36021685300496853,-0.9332434472132871,-0.30000400277476064,-1.7043898134688018,-0.8277282602174671,-0.6648562503573048,-0.8458905154120127,2.4174355906652383,-0.6897373585985495
723,39.725328,-89.91066,11.7,36320.8,0.7065482583260984,-0.24722646361570713,0.9045212980499457,-0.5863249158381907,0.132884312543624,0.26473702602216015,-0.5232040077119361,-0.5552313390021341,1.2764257909969008,0.1066148801903888,0.047706110062508876,1.410406786926672,-1.2689075604153568,-0.9041751038875269
725,41.4942,-87.521706,9.9,32402.2,0.40438993509836235,-0.7490048367625637,-0.2817172238307187,-0.3918335889803248,-1.5232510131188706,-0.39831732802511854,1.4173896939016457,0.580333820142938,0.8528041627146585,1.3301234239905548,1.0731192847060345,1.2643810498033095,-2.3468133332788725,0.99132829105609
726,41.466711,-86.48307,9.7,38285.4,-0.36779244648362797,0.09433720956397346,1.2129333211451088,-0.5863249158381907,-0.43988451511931337,-0.6794523741411646,2.0636775212331977,-0.16962683421891633,0.3832276265034435,2.4283858236743048,0.35174372952772526,0.7672907194904071,-1.7398103116580768,-1.4468950604642192
727,41.234169,-85.852814,9.5,44420.2,0.7065482583260984,0.4618629185966303,-0.2746088320728418,-0.36191184638680646,-0.49939718295102914,0.9118780755723039,-0.18076902174077328,0.1666602683308593,0.4564578133208585,1.2050767078486937,0.6123602198328443,0.6194571002513778,-1.4472059325748448,0.07856819855121566
728,42.02335,-93.625626,9.2,8866.75,-0.008979437650691863,-0.1614233013246271,0.8030203201363896,-0.4367162028706012,-0.7496630840686783,-0.47920995921888643,0.4932046525843693,0.3651986354338372,-0.7690572951835576,-0.7997706287231553,-0.5347304604936718,-0.6675551714697707,1.0769448161045856,0.050044183209496884
729,43.401875,-95.184128,7.4,4832.8,-1.7107183274957847,-0.11502150300172534,0.13124050987877756,-0.4516770741673593,-0.2483052216458433,1.5749324296195826,-2.1935801006632545,0.2517214035746702,-0.6369129188260487,-0.7632838366892392,-0.6205325907697692,-0.7009130784259008,2.2145026410557413,0.9637678466527827
730,36.865601,-87.488617,14.2,13915.6666666667,0.9387625252511027,0.278375801831493,-0.9488057495668125,0.012109936032167205,0.44236578544290633,1.2867248037270236,0.10041464066938922,0.22508506044235468,-1.984663860997014,1.7170828189629468,1.0225217305460743,-0.37849680778545347,-0.7653024070918161,0.5691611710479036
732,37.083401,-88.599953,14.1,14310.2,1.5123037869333917,0.2045566770663003,0.1955095189753775,0.5170393422977817,0.8645429791144498,1.627976777943365,-0.1988566561834416,-0.9787965905290631,1.1592955065500972,-0.1076902098453105,-0.4371184724781221,1.6276252028480573,-1.7284667543235064,-1.0173191097816783
734,45.412512,-84.612534,6.2,6638.4,-0.5524447551227986,-1.7013486182702906,-0.816545478285448,-0.12253790563866418,-0.30761152126365787,-0.4884927201755482,-0.26860428640101114,-0.15426433934454403,-1.8190906697606133,-0.690497519861857,-0.4985261905177431,-0.7311935525412286,1.8534700846362229,1.7426835988100071
735,46.475225,-89.939888,4.3,28635.6666666667,-0.6699507697113627,0.5650013571622576,0.7636391519924547,-0.511520559354396,-0.9360602155646202,-0.6493939100910222,-0.26836648963824433,0.5035655888380542,0.09666257019150536,-0.48280898714163417,0.17513101924648736,-0.07027983756597325,0.509979036317139,-0.0837449831297358
737,36.991148,-91.49263,13.2,1003.66666666667,-2.4605186110609187,0.39926073759258546,-0.8712772785618551,-0.212303133419217,-0.11470999742401701,-1.5599885563159508,1.3391010098450058,-1.9971541333991687,-0.5498925490452271,2.2678011464402,-0.778433909880231,0.16032731759761343,0.9968271851928157,-1.254652008738229
738,36.991165,-91.492638,13.2,9431,1.0646618265959924,-1.3596037221460164,1.1531357441267045,-0.511520559354396,-0.7524117490931356,-1.0295450730781277,1.3274834722804243,0.03999995867781999,0.39102904275190564,1.6893462890631499,0.10663538144597251,0.9935328208129186,-1.9532942531253785,-0.37303643155593424
739,38.642541,-90.32373,12.7,2348.8,1.3339464433614647,1.6715366962617244,1.4856204300237263,3.353371192308357,1.7078907936920578,-0.7643233314592163,0.31650857031233964,0.8636822068504867,0.7228686849605709,1.7047413919515388,1.994916739564669,1.7793995137470606,-4.552311867440296,-1.5542377867705366
740,36.757039,-90.392883,14.3,28712,-0.6699507697113627,-1.0065860320118132,1.2974158474798025,-0.636194486827412,-1.3980777791687582,-1.0295450730781277,0.829806531030822,0.677010024700697,-0.20428952410697493,1.1157361744781238,0.5145377504796631,0.4784666547722551,-0.6721060122123642,0.38697024970637073
741,42.742517,-71.589531,8,8223,-0.7748668541654374,-0.531356649187722,-1.7351209681406212,-0.1000965986935249,-0.20490164460527663,-0.8571509410258353,1.0819331382240596,-0.5807914848417827,-0.45701823844957823,-0.5466153368117994,-0.7436916966400452,-0.735220156716817,1.3709718986656405,0.881360948525683
742,40.796795,-74.481506,10,35656.5,0.7464163704186463,0.7855736284637543,1.079998964973326,-0.511520559354396,-0.31710118587543423,1.065706685711273,1.629074447379885,-1.4971272333000374,0.9616033280275449,-0.7694163353090243,-0.9566751033152644,-0.6003389619083437,0.3016698209748025,-1.9241028075095712
743,40.672486,-74.357536,11.1,23026.6666666667,-0.10340391365935912,-1.4847199042046757,-0.661073270809896,-0.1624335624299957,-0.7349343220271929,0.13743059004508273,0.29503956323452263,-2.0698979980358256,0.5710189619392964,1.8392891164121599,-1.0207349217646673,1.1170452724470783,-0.5119131624938195,-0.0077174205046137865
744,42.142852,-77.054688,8.1,8913.4,0.2365241999718428,0.3895244203699915,0.15276921483597605,0.11683603510948026,-0.05325609501513733,-0.6264080258173822,0.5760787836659899,-0.934520391656521,-0.6581470637515077,-0.5316809847056623,-0.7642077347670944,-0.8267646542104238,1.1530572779592327,-0.7897676561650436
745,42.142852,-77.054688,8.1,25462.2,-0.16635356433180398,0.1944673398586858,0.05714310270572655,-0.37687271768356456,-0.5866305905887689,-1.655468383298759,0.998343649177069,-0.8988103947613945,-1.3843648418120018,-0.42871257343683267,-0.7114413649219833,-0.7358227185817748,1.663753524095308,-0.6192808861606001
746,41.778461,-73.748108,8.5,36977.5,0.5890422437375341,-0.8264654306714048,0.45471445151020945,-0.5489227375962933,-1.3452325634975226,0.8800514665780349,1.3756165496226371,0.8795764903037813,1.5367287363865347,1.206642392516372,1.5074065323452315,1.8192993888259412,-3.2831605264236727,0.8559379932417186
747,42.829807,-78.636429,8.2,14787.4,-0.5020850345848431,0.5576031544034639,0.5252801512023574,-0.4815988167608776,-0.13687335359005706,0.1745616338717305,-1.3714884042104662,0.060212376119554635,-0.6697057360309941,-0.4803531387846917,-0.2831112042068619,-0.4488282920608774,1.3442640151028578,-0.2083771115120299
748,42.829806,-78.636436,8.2,5957,0.2847855988207174,-0.6490256932840207,0.5263332499657324,-0.4741183811124986,-0.3926346296116015,-0.7576927879187435,-1.1128505826767288,-0.07709425073878584,-0.727365125512616,-0.6318414770414805,-0.7853133566081996,-0.6479607151970738,1.4322275539616067,0.21096859975860957
749,42.829806,-78.636436,8.2,16476.2,0.0434786045763455,-0.46535549324109565,-0.08619840554118342,-0.3432107572658578,-0.19366815597744702,-0.27631532688041904,0.8123556510327163,-0.8211274728226712,-0.2085813538707873,-0.6165547382205114,-1.0091316552092757,-0.6544026745660192,1.1092273118163052,-0.23323920819895108
750,42.829806,-78.636436,8.2,10206,0.31626042415693983,-0.5287709138234745,-1.0618877739329156,-0.26840640078206307,-1.0549994837522496,-0.7179095266759068,-1.8832140806531632,-0.6969878139865024,-0.727895281647684,-0.666145403252279,-1.0186996798769772,-0.6692773454213297,1.9713231687716302,1.130295764768835
751,44.310051,-73.352631,6.8,2193.66666666667,-0.7958500710562524,0.2577557039610437,0.7518898464053374,-0.39931402462870386,-0.25804258515017797,3.2803082282291838,0.9169179624850495,-1.3029952206657736,-0.9074600939331816,-0.7378514361465,-0.8946813994342512,-0.8261930657040089,1.6396314446619449,-0.550626859920315
752,42.167019,-76.820511,8.4,8889.4,-0.08242069676854417,0.14609989911990134,-0.9866221179938083,-0.18238139082569868,-0.1345264861336741,0.48752328898204556,-0.21007296696494382,-1.5120693194972523,0.3428519851885952,-0.7351193410113396,-1.0199939076068032,-0.6032741919520878,1.3302147245527576,-0.14545580045862408
754,43.082556,-78.968094,8.8,14444.2,0.8744139934526179,1.0261599331029398,0.9681216742404476,-0.4741183811124986,0.07777887934299467,-0.0482246290881553,0.43366257692623356,-0.17701645287970982,-0.18834070284713306,-0.6447982945824928,-0.7069313442616105,-0.6860908286763739,0.6024992815643084,-1.4558201342127393
755,43.082556,-78.968094,8.8,33465.6,0.6729751113007939,0.16590700144914386,-0.9554989053641233,-0.4067944602770829,-0.4502044672380519,-0.28692419654517565,-0.32813085639337763,-0.3190784080388861,0.0747669236662773,-0.730552404784998,-0.5695473395999512,-0.6470461342826512,0.8394457285478231,0.3658678371675721
756,44.070702,-75.923096,7.1,28783.75,0.5995338521829416,0.31722164478796405,0.9795106094727825,-0.4554172919915499,-0.21636938817674833,-0.015071911385791366,-0.07005534425880748,-0.5030564110914567,0.31114153898910885,-0.7129665099610423,-0.718167545177363,-0.6050058563771316,0.6799177896258851,-0.9937419036451943
757,42.981389,-78.855278,8.8,27117.6,0.2197376264591906,1.3568822709984005,-0.7925171699070205,-0.3170292324965301,-0.19689726667233018,0.5776986811324756,0.16843662062338283,0.04557328854941118,1.2729213361719613,-0.6555246768461416,-0.3494323103853588,-0.37674303213588195,0.02644500794868624,-0.340859456673224
758,42.981389,-78.855278,8.8,31787.75,0.3372436410477548,0.7330633304400959,0.45210235354289474,-0.5302216484753446,-0.2287410994946045,0.316455265637848,0.9793827407911345,-0.2970131626976781,0.9954212510039906,0.8225508413983837,0.09520204867951707,0.8819127991044782,-1.3628796206025555,-1.1766497100997573
759,44.22395,-74.464058,4.7,8058.66666666667,-1.3554025214779704,-0.43547101680269834,1.3971260297236223,-0.4367162028706012,-0.35229128846410485,-1.1621559438875835,-0.28278052319512625,-1.3165799852095903,-2.2561967274865373,-0.7136804472583747,-0.7385615186961471,-0.9261797672657348,2.9439378509124894,-0.7310341716331828
761,35.357709,-76.224503,16.6,8129.2,-0.6279843359297328,-0.04886785444345391,0.27379147210089416,-0.38061293550775516,1.014779124623041,1.1983175565207287,-0.2146627282292494,0.49340136078296676,-0.9496445036114437,-0.2164535935261225,0.0184075702770869,-0.293494645755379,0.583823823838143,0.03166824816135378
762,35.991865,-78.690216,15.1,17196,1.3444380518068721,1.3699111779722257,1.023443520660293,-0.5863249158381907,5.041201092826862,-0.05706535380877689,0.545996004578192,-0.5498561588786477,2.1225723174248623,0.7043967455976626,0.1563291131090518,0.7860438928376661,-2.522276740514642,-4.399068432678999
763,35.909561,-82.213181,11,16689,-0.38457901999627897,-0.9573496770950514,-0.8676470186040223,-0.4516770741673593,1.0699973982495152,1.3680594711568321,-0.2176167520526223,0.37770688630984073,-0.16442488472536562,-0.9024427777713956,-0.1734398246473552,-0.5574070839739089,0.6685393212091773,1.0806890648580032
765,36.194986,-81.735519,10.1,23015,0.03298699613093803,0.0999346177680962,0.7108155093469243,0.08691429251596194,-0.4903897969952872,0.5246543328086933,0.4097166222546074,-0.3428593050740827,2.0375293671579646,1.979073201798084,0.9488059367742858,2.0915645482935505,-3.103738651977968,-0.7165125196609092
765,36.194986,-81.735519,10.1,23015,0.03298699613093803,0.0999346177680962,0.7108155093469243,0.08691429251596194,-0.4903897969952872,0.5246543328086933,0.4097166222546074,0.3161636725151393,2.0375293671579646,1.979073201798084,0.9488059367742858,2.0915645482935505,-3.2604406903600185,-0.4403267145180611
766,35.030126,-83.015846,13.1,33260,1.2940783312689168,0.7666858895900667,0.8989727878821062,-0.5564031732446724,-0.06455903152577347,0.5883075507972323,1.2725936091109142,0.13119190216078389,1.5333124537669385,2.220464420821157,0.91834598878013,1.7331732177133914,-3.483586499230203,-1.564599933632219
767,35.854604,-77.055511,15.7,51040.6,1.1031310575625004,-0.11162355879808403,0.5202901278139552,-0.2272640047159751,0.2626711055058816,0.8376159879190092,-0.36216412229344325,-0.5556146189319745,0.1926206311526078,0.9768800587217924,0.3315216256252667,1.05173246464797,-1.45094463356453,-0.6633866649479383
768,40.031183,-81.588455,10.8,49604.2,0.6981549715697716,0.2993555947143578,-0.4544715374537754,-0.4217553315738431,0.0033585919336330235,-0.06413793358528984,1.6025311404539577,0.6696384882426226,2.7297024353081287,1.309575989438193,0.6963296442804667,2.1509337358066274,-3.6231011780428113,-0.48749863315113456
769,40.298672,-83.067963,10.3,52281,-0.42654545377790887,-0.0105541207714263,1.2832441550922957,-0.5564031732446724,-0.12501442685021902,-0.39301289319274024,-0.4195072720978451,1.0032949365275534,0.7342457895328809,1.1255911837673565,0.9684316605066621,1.0486497908009211,-1.5674899271419787,-0.3396940402506781
770,39.96173,-82.491264,10.5,14008.75,-0.49159342613943563,-2.500589720503208,-1.7243578355123945,-0.5863249158381907,-0.9859474858979997,-0.3465990884094307,-0.5795982884006452,-0.39939414117280714,-0.35196058173942785,-0.6248117109157634,-0.35144711471324674,-0.3619379723085771,1.287056200006181,2.682075023836382
771,39.993684,-81.734016,10.7,56393.8,0.4211765086110146,0.37296270160469386,0.07883944442485696,-0.4815988167608776,-0.14277221778760807,0.6997006822771747,0.2379133487745157,0.4594280662583611,0.8808413485659654,0.7650749103977331,0.7062797572192848,0.6046991446761212,-1.5509447504100504,-0.13334676070939722
772,45.573164,-122.156479,11.2,8578,-0.7538836372746225,0.6817929372025505,0.377842966283678,-0.5302216484753446,-0.6000168419404307,-1.1091115955638011,0.23951390041112136,-0.24151993121761722,0.57550925229833,-0.5767572089854422,-0.6571775179934006,-0.6316645251165811,1.1163691776642175,-0.7381985600721458
773,45.523432,-122.676208,12,10740.5,-0.6804423781567702,1.001297220631988,-0.44755937010773006,-0.4928194702334473,0.044261883518486055,0.22362765607122898,-0.15884366766293417,0.12061942590007371,-0.4040080456107873,-0.5797336706991962,-0.6351439663148254,-0.6800532496157338,1.3785796886366766,-0.23999760661763705
775,41.733124,-77.64193,7.3,9676.6,-1.2910539896794857,-1.7668652903261297,0.8153984101840839,-0.4217553315738431,-1.0374833505499317,-0.011093585261507544,-0.9112681089177,0.9390947376868364,-1.0652131739605408,-0.6116314958658958,-0.2118825469697244,-0.8756353647526841,1.6695623303477958,1.8452044054121415
776,41.997863,-77.125137,8,72349.5,0.7673995873094612,0.17919309494305008,1.057021063942371,-0.511520559354396,0.44363249452140285,-0.9831312682948182,1.3880444973422952,0.29170531231386526,0.9732065956987337,2.1666448287881983,0.9029861660730221,1.1970491843670217,-2.8233349499950684,-1.55530349735173
777,41.997863,-77.125137,8,28295.75,-0.6804423781567702,-1.3332478974698678,0.8324378832056013,-0.41801511374965256,-0.9133846289415313,-0.8505203974853626,-0.5732403651128635,-1.3879990920082022,-0.6800047307081399,-0.6424581822320349,-0.7916949905144214,-0.5895935691356764,1.9675613908226857,0.1279020546551024
778,41.469147,-79.123497,7.4,18033,-0.2293032150042488,0.23121002583643496,-0.26723081189099795,-0.4367162028706012,-0.04399909871387027,-0.24051039176186612,-0.3046166599151313,-0.4819524725816676,-0.26105937315554145,-0.7556889310843502,-0.78758953273395,-0.8181821819330769,1.491775225849278,-0.1965698646713922
779,41.469147,-79.123497,7.4,21452.6,-0.6531641961987105,0.32237424295180195,0.23314139955546853,-0.4217553315738431,0.33712094038097123,-0.849194288777268,-1.3467914468970847,0.13204680359823967,0.5011295596077818,-0.788204474892015,-0.7120728440351487,-0.5932686000725684,1.3015267472367653,-0.378867484991422
780,35.045631,-85.309685,14.9,1490.75,1.9319681247496907,-2.1450903314286798,-3.2271282024697454,2.929479838900162,-0.5512727560747315,1.6668759667141477,-0.38748165565392034,0.45113199222779343,0.8651558033011238,-0.23356372997190272,0.807009169370742,1.3827218813364774,-2.945350889791622,4.315182400718314
781,35.240081000000004,-85.839699,13.4,38554,0.4841261592834594,-0.041749469709057165,0.1905589512462091,-0.13749877693542226,0.1513876715050532,0.48221885414966764,0.6373504727267526,0.6682847792256587,2.227910886685776,1.103227770242845,2.524652355797387,1.9930172390587926,-3.9941656950886824,0.14661374776769504
782,44.33782,-72.756264,5.6,23952.75,-0.523068251475658,0.2929856470221305,-0.2940616006440647,-0.28710748990301177,-0.4828287077792026,-0.585298655866451,-0.15468715403177702,0.024954890151595556,-0.8049040120726939,-0.7330987706923084,0.5309070228349133,-0.6987333187339725,1.0441942028335238,0.5274102124699969
784,38.029306,-78.476677,13.4,20358.2,0.6729751113007939,-0.08115221133522076,0.816171123158184,-0.4666379454641195,-0.1481568154597236,-1.2682446405351482,-0.3398426008127156,-0.7676652226861359,0.4180758640974638,-0.7163661177636079,0.13459404616806442,0.5485287451824865,-0.10535426674163853,-0.8592938312831986
785,37.514904,-76.984833,14.3,14858.4,-1.1105983244184765,0.32541867381707473,0.5154233839979545,-0.4367162028706012,-1.1582344734527323,0.052559632727030986,-0.18400577221627207,1.379589663272089,-0.490212900912124,0.6740644037897158,-0.45951745099313385,-0.7649647015632023,0.8163139481948025,0.577969757415399
786,37.540725,-77.43605,13.9,2174,1.3759128771430946,-0.1513259150309978,1.7301036024798464,-0.212303133419217,0.8978568610085691,0.8535292924161437,-0.3566523068810512,-0.7327031600942635,0.45501884800493064,0.32482633115736315,-0.15415298568525762,1.1230693249539405,-1.3237957224561678,-1.69479780695612
787,38.713452,-77.795273,12.5,15428,2.505509386431981,0.029180754488870378,-0.34652189753258245,0.4360012894403622,-0.6121108373942415,-0.43279615443557695,-0.4017015593867722,-0.25733091227080956,0.8750595928627672,0.31990973441672654,0.8786289200907372,1.0763653302932445,-2.3045640950866755,0.21290615480364747
789,45.904559,-122.743988,11.4,17138.8,-1.0812218207713362,-0.492258751869605,-0.2988607990490434,-0.511520559354396,-1.2076633038764797,0.9543135542313304,-0.547562090956411,2.136380048657528,0.3264509117453191,-0.6879040080245024,-0.2593197428163711,-0.653153889086219,0.6984073508742082,2.1686205918271653
790,38.791397,-79.441299,9.3,4724.33333333333,-0.7958500710562524,2.023656155488006,-0.928949821830327,-0.28710748990301177,1.0192276205073236,-0.33112782014833636,0.8818236858737354,-1.252415664832047,-0.7991583887520645,-0.6989843251895934,-0.8332313030347619,-0.8681713496822752,1.86465635431543,-1.7280267904793358
791,46.592443,-90.883797,4.9,30378.8,-0.745490350518297,-0.638797050468205,-1.2704337782075685,-0.36191184638680646,-0.7123314177502154,-0.27631532688041904,-0.3297297611423713,-1.0825645734936609,-0.7427992236810306,-0.5890405678943967,-0.6725300799722468,-0.5130475863872294,1.8457086878541544,0.9752598972893564
792,42.928896,-88.837051,8.2,34208,-0.12438713055017407,0.08060833361361196,-0.22209145762008065,-0.3432107572658578,-0.564451106283189,-0.9963923553757639,-0.4818150690094914,-0.6005103221851239,-0.4949770689367685,1.7957980637522175,0.9830899094282086,0.5831138853361693,-0.7277574192234392,-0.08707548549264642
831,39.993684,-81.734016,10.7,28942,0.7359247619732388,-0.5041714600059166,-1.1967313757351539,-0.3245096681449091,0.3776841531206134,0.37613015750210305,2.8545986221809727,2.0041931603763805,0.8014006164022287,2.5332317120860934,2.5322992667297473,0.9577069264295625,-4.336056695826052,1.180207887765818
880,48.182659,-67.148071,2.5,15322,-1.0056822399644019,1.5347461294405003,-1.3868523588897832,-0.13749877693542226,-0.49369529510037796,-0.896934202268672,-0.24483659889360376,0.7189340060654313,-1.2073822063260895,-0.6267482845427047,-0.5077448077333221,-0.8422385737858932,1.8729671970919466,0.5203684375603879
888,44.33782,-72.756264,5.6,15080,-0.37618573323995347,1.0213400162170343,2.479990396168302,-0.4367162028706012,1.7131185234448139,-0.44605724151652254,0.7144298200993028,-0.29902764181215796,-1.1715659561993408,-0.7368918413499463,-0.49377881717509103,-0.8436300043725766,1.2504608087574687,-2.80494479060101
890,36.615425,-81.600121,9.1,9593,-0.5860179021481029,-0.2608442782562072,-2.0263516974694147,-0.13749877693542226,-1.8083566698472169,-1.056067247240019,-1.3636639039300198,-1.235328331972129,-1.1757699249704152,-0.679447737693695,-0.5353442565645338,-0.75664535054868,2.485461578141917,1.7444690713677737
891,35.696051,-82.065384,14.3,5843.66666666667,1.0087065815538332,-1.2211355956214889,-1.1792011669587021,0.1617186489997567,-0.27825694726217626,2.6039927871009594,0.7424065582998052,2.5953952012047425,0.14631472263371986,-0.386174924812175,3.1289922029961152,0.3644850562497318,-3.0166859903404317,3.5686744544215845
892,42.963947,-78.737808,8.7,13998,-0.41815216702158337,0.008083753595920984,-0.7027668529698851,-0.511520559354396,0.020946782997028186,-0.9765007247543455,2.809571283552476,2.20743878894868,0.46122936867981185,-0.41854761229969295,0.20852077739127883,-0.17695570559100185,-0.867362615578482,0.753795843106138
893,45.504651,-73.597115,6,9165.66666666667,-0.20831999811343385,-0.19005808125702953,-1.6762582547586855,-0.46165098836517465,-0.9104778171487224,1.277884079006402,1.355573708485451,2.0723170310944425,0.0377589904283531,-0.5276075737194906,0.22856773188909738,-0.43355536843064074,-0.32171706795852884,2.3624859864521754
908,42.02335,-93.625626,9.2,17756,-0.1558619558863965,-0.797282962251352,0.44478427476147164,-0.5489227375962933,-0.9262526618662535,0.08438624172130044,-0.3711330208629013,-0.0661013600947538,-0.2092117867250102,-0.807826354529306,-0.4751060669442248,-0.45645392678503693,1.0741293442801223,0.6542360928559386
914,44.355899,-72.446144,4.8,27489.75,-0.5860179021481029,0.7295405419878275,0.3479866719952398,-0.4367162028706012,0.30458594604145023,0.044602980478463713,1.299400089687438,-1.0958699515209835,-0.2989632356723712,-0.5114055827819576,-0.707421424398746,-0.620880992000059,1.1538831141188834,-1.410282252480495
915,44.466992,-73.170837,6.7,8928.33333333333,-1.278464059544996,-2.621677227478621,1.885106600917513,-0.511520559354396,-0.17449064849230844,-1.0383857977987572,-0.41010979123483615,0.7894378173767191,-1.0125665743675576,-0.7630059481111076,-0.3389599482903115,-0.7923585596584525,1.5527507160560219,1.0690592830960575
