"","Plant.ID","Pop","Block","X","Flowering_Date","Leaf_Toughness","Water_Content","Growth_Rate","Bolt_Date","SLA","Above_mass","Below_mass","Num_Trichomes","Leaf_Herb_Sept","bug","Hight","Leaf_herb_July","S.florida","M.brevivatella","Fruit_no_damage","Fruit_correction","Seeds_per_fruit","Seeds","Latitude","Longitude","Distance","MAT","MSP","CMD","RH","MAT_Distance","MSP_Distance","CMD_Distance","RH_Distance"
"1",1,22,1,"",228,120,80.15377222,0.108635956,130,61.79371853,97.1,8.8,100,0.9,7,169,0.6,0,0,233,1,208.08789916,48484,43.648016,-79.356773,46.87,7.8,361,226,67,-0.100000000000001,-95,105,-2
"2",2,22,2,"",229,120,74.88372093,0.108635956,130,45.71584182,158,13.6,86,1.4,16,168,0.6,1,0,390,1,186.02942568,72551,43.648016,-79.356773,46.87,7.8,361,226,67,-0.100000000000001,-95,105,-2
"3",4,22,5,"",241,100,66.84171043,NA,131,44.44811333,12.6,NA,67,2.3,2,96,0,0,0,33,1,150.73061536,4974,43.648016,-79.356773,46.87,7.8,361,226,67,-0.100000000000001,-95,105,-2
"4",5,23,1,"",120,110,77.72838409,0.093899782,130,59.54497062,74,7.8,65,1,5,146,0.2,0,0,206,1,167.57446496,34520,43.632911,-79.325592,47.25,7.9,361,229,67,0,-95,108,-2
"5",6,23,2,"",133,145,71.94139194,0.077815125,137,48.36195582,20.5,1.2,122,3.8,13,NA,0.2,0,0,47,1,283.42955824,13321,43.632911,-79.325592,47.25,7.9,361,229,67,0,-95,108,-2
"6",7,23,3,"",221,160,70.8685446,0.090308999,133,39.13294283,78.9,6.9,84,0.5,1,143,0.5,7,0,217,1,108.715608,23591,43.632911,-79.325592,47.25,7.9,361,229,67,0,-95,108,-2
"7",8,23,4,"",226,150,70.91172214,0.111111111,131,51.1993587,25.2,1.9,156,0.5,9,106,0.1,0,0,48,1,268.05566836,12867,43.632911,-79.325592,47.25,7.9,361,229,67,0,-95,108,-2
"8",9,23,5,"",222,125,70.04909984,0.108635956,131,41.38030361,91.4,7.6,214,1.3,9,133,0.1,27,0,260,1,197.3547728,51312,43.632911,-79.325592,47.25,7.9,361,229,67,0,-95,108,-2
"9",11,181,5,"",NA,100,NA,0.087371251,157,NA,NA,NA,NA,0.7,0,NA,NA,NA,NA,0,0,0,0,40.1337,-86.15892,691,10.1,482,207,61,2.2,26,86,-8
"10",12,182,2,"1",230,140,69.68421053,0.084509804,136,69.62749668,12.2,1,55,1,0,93,0.3,0,0,42,1,190.99875648,8022,40.1337,-86.15892,691,10.1,482,207,61,2.2,26,86,-8
"11",13,183,2,"1",192,130,71.99259716,0.065321251,131,47.8318004,28.5,2.3,164,2.6,24,NA,0.3,0,5,97.1,1,177.014432,17188,40.1337,-86.15892,691,10.1,482,207,61,2.2,26,86,-8
"12",14,183,3,"2",194,65,69.39393939,0.109691001,131,53.06744341,11.1,0.9,56,0.4,4,91,0.3,0,7,36.74,1,207.62817152,7628,40.1337,-86.15892,691,10.1,482,207,61,2.2,26,86,-8
"13",15,183,4,"3",232,80,82.35294118,0.075257499,NA,45.74246724,2,0.1,274,5.4,0,58,3.9,0,4,3.28,1,139.8639363125,459,40.1337,-86.15892,691,10.1,482,207,61,2.2,26,86,-8
"14",16,378,1,"",210,130,78.44670315,0.10211893,134,43.27262603,42.5,3.4,114,1.4,15,111,4.3,0,11,71.02,1,103.51277392,7351,42.470627,-76.523911,300,8.9,417,224,62,1,-39,103,-7
"15",17,378,2,"",210,105,72.23113965,0.097772361,136,46.61116691,42.4,3.7,78,2.5,13,106,1.1,18,0,71,1,191.00129152,13561,42.470627,-76.523911,300,8.9,417,224,62,1,-39,103,-7
"16",18,378,3,"",NA,NA,NA,0.090308999,141,NA,NA,NA,NA,NA,11,NA,NA,NA,NA,0,0,0,0,42.470627,-76.523911,300,8.9,417,224,62,1,-39,103,-7
"17",19,378,4,"",217,125,68.90645586,0.121748394,134,37.66897662,26.3,2.5,59,4.2,9,100,0.3,22,0,50,1,257.42373856,12871,42.470627,-76.523911,300,8.9,417,224,62,1,-39,103,-7
"18",20,378,5,"",NA,140,71.2920354,0.097772361,135,41.68780056,2.2,0.1,193,1.4,0,27,NA,NA,NA,0,0,0,0,42.470627,-76.523911,300,8.9,417,224,62,1,-39,103,-7
"19",23,379,4,"",257,150,74.30952381,0.113465478,131,47.71556273,90.2,9.8,22,2.6,7,165,0.2,0,0,30,1,115.63801936,3469,31.744657,-88.18325,1559,18.1,578,342,58,10.2,122,221,-11
"20",24,379,5,"",246,165,70.54565702,0.119909027,131,46.88944254,49.1,7.3,235,2.4,18,145,0,0,0,10,1,55.2244,552,31.744657,-88.18325,1559,18.1,578,342,58,10.2,122,221,-11
"21",25,411,4,"",210,130,73.68938401,0.074036269,141,51.77311552,34.3,4.3,60,0.4,10,107,0.1,26,2,34.64,1,234.44375008,8121,42.463813,-76.528893,300,8,439,169,64,0.0999999999999996,-17,48,-5
"22",26,442,1,"",NA,95,80,NA,NA,64.27153539,2.4,0.5,160,1.25,3,0,0.8,NA,NA,0,0,0,0,43.594882,-79.515846,48,7.8,362,222,67,-0.100000000000001,-94,101,-2
"23",27,442,2,"",201,135,72.52085264,0.1,135,37.56088773,65.4,NA,71,3.1,1,145,0.5,0,1,219.82,1,152.7616018,33580,43.594882,-79.515846,48,7.8,362,222,67,-0.100000000000001,-94,101,-2
"24",28,442,3,"",226,100,80.90865152,0.090308999,134,57.66506333,10.1,0.3,117,12.3,3,79,0.7,0,0,26,1,265.3916116,6900,43.594882,-79.515846,48,7.8,362,222,67,-0.100000000000001,-94,101,-2
"25",30,442,5,"",NA,115,60.71428571,NA,NA,49.02610253,0.4,0.1,123,6.5,0,0,1.8,NA,NA,0,0,0,0,43.594882,-79.515846,48,7.8,362,222,67,-0.100000000000001,-94,101,-2
"26",31,447,1,"",NA,100,81.13492303,0.106026945,131,68.35493146,160.7,NA,53,1.2,9,176,0.2,0,0,125,1,104.00794552,13001,35.9787,-78.876846,895,15.1,535,270,60,7.2,79,149,-9
"27",32,447,2,"",283,145,76.23465211,0.12187889,131,54.73157927,67.8,NA,122,1.1,13,150,0.4,0,0,71,1,278.80208504,19795,35.9787,-78.876846,895,15.1,535,270,60,7.2,79,149,-9
"28",33,447,3,"",257,100,74.68152866,0.111111111,130,70.43929709,18,1.7,142,44.5,16,108,0.4,NA,NA,0,0,0,0,35.9787,-78.876846,895,15.1,535,270,60,7.2,79,149,-9
"29",34,447,4,"",274,95,72.01505303,0.053766923,144,NA,90,8,212,5.4,2,144,0.1,0,0,29,1,56.9952,1653,35.9787,-78.876846,895,15.1,535,270,60,7.2,79,149,-9
"30",35,447,5,"",257,120,72.2800664,0.130676807,131,53.24733305,179.5,16.9,165,1.3,11,188,1.5,0,0,105,1,177.1232896,18598,35.9787,-78.876846,895,15.1,535,270,60,7.2,79,149,-9
"31",36,465,1,"",253,85,82.11036992,0.077815125,140,92.18288292,121.1,13.8,158,2.8,2,131,0.3,0,0,179,1,229.075952,41005,35.66419,-78.47168,933,15.5,549,262,61,7.6,93,141,-8
"32",37,465,2,"",255,115,78.28178694,0.106026945,161,80.22453141,21.6,2.5,96,0,1,114,0.4,0,0,39,1,159.64694752,6226,35.66419,-78.47168,933,15.5,549,262,61,7.6,93,141,-8
"33",40,465,3,"",256,100,72.56637168,0.100343332,160,65.01640418,13.2,1.5,29,0.3,0,95,1,0,0,23,1,165.2005864,3800,35.66419,-78.47168,933,15.5,549,262,61,7.6,93,141,-8
"34",42,465,5,"",256,110,74.44529457,0.092941893,136,74.37482599,66.7,9.1,134,1.4,3,137,0.6,0,0,94,1,231.727492,21782,35.66419,-78.47168,933,15.5,549,262,61,7.6,93,141,-8
"35",43,501,1,"",NA,195,75.62582345,NA,NA,43.99989706,NA,NA,38,9.8,0,0,0.8,NA,NA,0,0,0,0,35.91668,-78.385292,907,15.3,542,256,61,7.4,86,135,-8
"36",45,501,3,"",251,145,63.22067594,0.054406804,135,41.75428828,3.9,0.4,110,1.1,0,82,0,0,0,13,1,120.28329376,1564,35.91668,-78.385292,907,15.3,542,256,61,7.4,86,135,-8
"37",46,501,4,"",248,150,73.96875,0.12187889,132,49.02610253,105.4,12.2,87,2.1,11,182,0.2,0,0,187,1,288.7818292,54002,35.91668,-78.385292,907,15.3,542,256,61,7.4,86,135,-8
"38",47,501,5,"",249,180,72.68779852,0.115710298,132,44.173125,98,7.9,257,4.7,9,153,1.2,0,0,122,1,231.266152,28214,35.91668,-78.385292,907,15.3,542,256,61,7.4,86,135,-8
"39",48,501,2,"A",NA,NA,NA,NA,155,NA,9.3,1.6,NA,NA,NA,105,NA,NA,NA,0,0,0,0,35.91668,-78.385292,907,15.3,542,256,61,7.4,86,135,-8
"40",49,501,2,"B",NA,NA,NA,0.112886248,159,NA,38.4,4.6,NA,NA,0,125,NA,0,0,68,1,289.49264696,19685,35.91668,-78.385292,907,15.3,542,256,61,7.4,86,135,-8
"41",50,512,5,"5n",NA,125,NA,0.028400544,210,NA,10.3,2.8,NA,1.6,NA,NA,0,NA,NA,0,0,0,0,35.94715,-78.90313,899,15.1,534,271,60,7.2,78,150,-9
"42",51,514,1,"5",257,150,83.3984375,NA,164,87.36353309,15.2,2.3,102,0.2,0,120,0.5,0,0,8,1,56.99978544,456,35.71578,-78.656181,926,15.4,548,243,61,7.5,92,122,-8
"43",52,514,2,"1",252,90,71.44846797,0.115710298,159,59.05249342,23.7,4.1,18,0.8,0,149,1.1,1,0,39,1,74.24415272,2896,35.71578,-78.656181,926,15.4,548,243,61,7.5,92,122,-8
"44",53,514,5,"",255,160,77.35849057,NA,NA,60.74231729,0.1,NA,137,3.8,NA,127,0,NA,NA,0,0,0,0,35.71578,-78.656181,926,15.4,548,243,61,7.5,92,122,-8
"45",55,515,1,"",286,135,80.88658607,NA,184,54.8462404,3.5,0.6,160,0.1,0,79,0,NA,NA,0,0,0,0,35.96879,-78.961891,896,15.2,536,276,60,7.3,80,155,-9
"46",56,515,2,"",250,80,74.67532468,0.117855316,130,41.75428828,93.6,8.4,68,1.9,23,120,0.2,0,0,127,1,145.44734968,18472,35.96879,-78.961891,896,15.2,536,276,60,7.3,80,155,-9
"47",57,515,3,"",248,60,71.83206107,0.117855316,130,42.54594596,121.4,11.2,76,2,17,180,0.2,0,0,231,1,100.57106504,23232,35.96879,-78.961891,896,15.2,536,276,60,7.3,80,155,-9
"48",58,515,4,"",247,170,70.71202076,0.123771484,130,39.38807234,44,4.2,0,1.2,11,153,0.5,12,0,50,1,246.58088784,12329,35.96879,-78.961891,896,15.2,536,276,60,7.3,80,155,-9
"49",59,515,5,"",257,150,65.11078287,0.133791109,130,32.76588079,89.4,NA,151,1,4,175,0,0,0,73,1,161.09672944,11760,35.96879,-78.961891,896,15.2,536,276,60,7.3,80,155,-9
"50",60,516,1,"",227,120,77.72131586,0.095424251,134,53.42844643,90.2,9,112,4.3,13,160,0.4,5,0,138,1,241.9972,33396,43.649047,-79.5438,42,7.5,368,215,67,-0.4,-88,94,-2
"51",63,516,4,"",235,150,76.04267701,0.111111111,131,45.76912369,40.1,NA,130,1.1,16,104,0.1,18,0,61,1,151.019088,9212,43.649047,-79.5438,42,7.5,368,215,67,-0.4,-88,94,-2
"52",64,516,5,"",NA,75,NA,0.060205999,140,NA,NA,4.5,NA,NA,0,NA,1.3,NA,NA,0,0,0,0,43.649047,-79.5438,42,7.5,368,215,67,-0.4,-88,94,-2
"53",65,518,1,"",204,145,77.87448465,0.108635956,130,62.23440273,62,5.2,17,6.6,34,121,0.4,0,0,190,1,178.063864,33832,44.162759,-77.383232,174,7.1,351,217,65,-0.800000000000001,-105,96,-4
"54",67,518,3,"",200,90,71.23109025,0.111111111,130,49.58321733,46.6,4.7,110,0.2,6,127,0.4,0,2,89.64,1,355.133146,31834,44.162759,-77.383232,174,7.1,351,217,65,-0.800000000000001,-105,96,-4
"55",68,518,4,"",209,125,68.17204301,0.047712125,136,16.48956881,32.4,2.8,100,2.8,14,112,1,0,0,81,1,281.3011312,22785,44.162759,-77.383232,174,7.1,351,217,65,-0.800000000000001,-105,96,-4
"56",70,570,1,"",195,115,84.78873239,0.084509804,140,86.49759499,5,0.3,35,0.5,4,76,2.25,3,3,28.46,1,123.89049724,3526,43.962878,-79.522835,7,6.5,381,189,66,-1.4,-75,68,-3
"57",71,570,2,"",191,50,77.21428571,0.097772361,135,50.47546031,32.1,3.3,3,0.7,12,106,1.3,6,16,158.12,1,170.96560288,27033,43.962878,-79.522835,7,6.5,381,189,66,-1.4,-75,68,-3
"58",72,570,3,"",191,135,74.35897436,0.095424251,NA,49.99351766,6.5,1.4,96,0.3,5,79,NA,4,17,26.94,1,106.647034,2873,43.962878,-79.522835,7,6.5,381,189,66,-1.4,-75,68,-3
"59",73,570,4,"",191,120,73.08657465,0.074036269,136,25.61637842,3.2,0.1,148,1.3,6,65,0,0,11,17.02,1,131.53641088,2239,43.962878,-79.522835,7,6.5,381,189,66,-1.4,-75,68,-3
"60",74,571,2,"",222,50,79.60831472,NA,NA,67.59020331,2.8,1.4,84,0.888888889,NA,NA,1.3,NA,NA,0,0,0,0,43.962613,-79.523201,7,6.5,381,189,66,-1.4,-75,68,-3
"61",75,571,3,"",193,95,77.62022195,0.060205999,134,68.71375,4.1,NA,265,1.9,7,59,0.4,10,7,20.74,1,96.06028756,1992,43.962613,-79.523201,7,6.5,381,189,66,-1.4,-75,68,-3
"62",76,571,4,"",NA,150,NA,NA,NA,NA,1,0.5,NA,0.4,0,0,5.4,NA,NA,0,0,0,0,43.962613,-79.523201,7,6.5,381,189,66,-1.4,-75,68,-3
"63",78,572,1,"",195,160,76.76258993,0.10211893,134,53.10332404,25.6,2.2,67,6.9,5,113,2.9,0,8,115.56,1,205.4027326,23736,43.962613,-79.523941,7,6.5,381,189,66,-1.4,-75,68,-3
"64",79,572,2,"",192,50,97.16675661,0.090308999,135,51.13269287,10.1,NA,112,0.9,7,86,NA,0,11,60.02,1,226.7068546,13607,43.962613,-79.523941,7,6.5,381,189,66,-1.4,-75,68,-3
"65",80,572,3,"2",195,150,74.37132156,NA,NA,59.36494048,5.8,0.4,156,0.9,6,73,1.6,0,2,32.64,1,104.11365296,3398,43.962613,-79.523941,7,6.5,381,189,66,-1.4,-75,68,-3
"66",81,572,4,"",191,100,73.54064375,0.133791109,134,NA,57.6,NA,116,1.3,8,152,5.8,1,11,289.02,1,168.617345,48734,43.962613,-79.523941,7,6.5,381,189,66,-1.4,-75,68,-3
"67",82,572,5,"",199,100,72.32851143,0.125592641,134,56.22034091,37.3,NA,175,4.4,15,127,0,0,12,193.84,1,196.216428,38035,43.962613,-79.523941,7,6.5,381,189,66,-1.4,-75,68,-3
"68",83,573,1,"",194,120,80.35820896,0.08646125,131,87.65604492,112.2,NA,104,0.8,6,105,4.9,6,23,406.86,1,225.912744,91915,43.962762,-79.523209,7,6.5,381,189,66,-1.4,-75,68,-3
"69",84,573,2,"",196,70,81.96004994,0.077663334,131,53.53770706,106.6,8.6,49,1.1,20,NA,1.1,9,8,366.56,1,237.1275,86921,43.962762,-79.523209,7,6.5,381,189,66,-1.4,-75,68,-3
"70",85,573,3,"",204,95,76.10729881,0.084509804,137,47.45608233,14.1,1.4,119,8,8,80,2.8,3,0,71,1,244.74355236,17377,43.962762,-79.523209,7,6.5,381,189,66,-1.4,-75,68,-3
"71",86,573,4,"",205,95,72.65353418,0.093899782,132,51.84146287,13.2,1.2,140,0.9,3,81,0.1,NA,NA,0,0,0,0,43.962762,-79.523209,7,6.5,381,189,66,-1.4,-75,68,-3
"72",87,573,5,"",205,125,73.63636364,0.069897,138,48.99551856,3.1,0.1,125,0.7,3,54,0.1,4,0,9,1,57.7408,520,43.962762,-79.523209,7,6.5,381,189,66,-1.4,-75,68,-3
"73",88,574,1,"2",220,80,72.99412916,0.065321251,133,71.39983295,23.1,1.7,67,2.7,11,103,2.4,4,0,32,1,306.59623564,9811,43.961764,-79.523544,7,6.5,381,189,66,-1.4,-75,68,-3
"74",89,574,2,"1",218,130,79.3487575,NA,NA,47.91935098,21.1,2.5,117,0.8,NA,NA,0.6,0,1,41.82,1,256.68498876,10735,43.961764,-79.523544,7,6.5,381,189,66,-1.4,-75,68,-3
"75",90,574,3,"",121,50,73.42799189,0.069897,134,47.71556273,6.9,0.4,236,0.9,6,76,0.3,0,0,15,1,234.6999196,3520,43.961764,-79.523544,7,6.5,381,189,66,-1.4,-75,68,-3
"76",91,574,4,"",224,105,74.71867967,0.093899782,132,NA,9.6,0.8,106,0.7,8,80,5.8,0,0,19,1,220.77693936,4195,43.961764,-79.523544,7,6.5,381,189,66,-1.4,-75,68,-3
"77",92,658,1,"",207,135,80.50216987,0.111111111,131,37.83228143,9.3,0.8,51,1,16,77,4.3,0,0,59,1,78.7108,4644,42.004086,-77.126945,299,8,423,251,58,0.0999999999999996,-33,130,-11
"78",93,658,3,"",NA,105,72.04450626,NA,NA,77.83926288,1,NA,107,2.6,0,0,1.555555556,NA,NA,0,0,0,0,42.004086,-77.126945,299,8,423,251,58,0.0999999999999996,-33,130,-11
"79",94,658,4,"",201,105,72.57617729,0.060205999,NA,32.97221505,9.1,1.1,80,2.9,5,57,4,0,3,74.46,1,113.259108,8433,42.004086,-77.126945,299,8,423,251,58,0.0999999999999996,-33,130,-11
"80",95,658,5,"",205,170,71.11111111,0.119909027,135,39.88817483,1.6,NA,146,3.5,5,59,6.1,5,0,22,1,90.497804,1991,42.004086,-77.126945,299,8,423,251,58,0.0999999999999996,-33,130,-11
"81",96,658,5,"2",219,105,74.68879668,0.054406804,135,53.35585343,4,NA,91,2.3,2,53,4.9,0,0,14,1,57.785536,809,42.004086,-77.126945,299,8,423,251,58,0.0999999999999996,-33,130,-11
"82",103,676,1,"",121,130,80.85973689,0.10326877,130,67.30061375,107,7.4,190,0.8,2,175,0.3,0,0,197,1,197.71311748,38949,41.878114,-87.629799,701,10.1,470,135,69,2.2,14,14,0
"83",104,676,2,"",220,75,80.0281624,NA,NA,49.89823142,85.7,2.8,33,1.8,NA,NA,0.5,0,0,220,1,254.2903732,55944,41.878114,-87.629799,701,10.1,470,135,69,2.2,14,14,0
"84",105,676,3,"",228,135,71.40327579,0.093899782,132,47.45608233,39.8,4.3,198,1.3,10,124,0.1,0,0,97,1,194.82868,18898,41.878114,-87.629799,701,10.1,470,135,69,2.2,14,14,0
"85",106,676,4,"",221,130,64.65909091,0.120411998,147,38.65148438,20.6,1.7,104,4.3,0,84,0.2,0,0,73,1,485.37756436,35433,41.878114,-87.629799,701,10.1,470,135,69,2.2,14,14,0
"86",107,676,5,"",228,105,72.95007564,0.10326877,131,50.83483252,42.5,NA,113,0.7,16,138,0.1,0,0,62,1,200.101936,12406,41.878114,-87.629799,701,10.1,470,135,69,2.2,14,14,0
"87",108,688,3,"4",205,120,76.51843818,0.100343332,131,53.94218149,20.5,2.3,235,1.3,20,100,0.9,23,4,19.28,1,1429.6636264,27564,49.157497,-121.951981,3255,10.1,359,164,72,2.2,-97,43,3
"88",109,688,4,"2",208,150,76.25236935,0.108635956,132,58.35053213,20.2,3,64,1.6,12,97,NA,5,0,54,1,191.12893824,10321,49.157497,-121.951981,3255,10.1,359,164,72,2.2,-97,43,3
"89",110,688,4,"3",208,175,69.46695096,0.115710298,133,53.57422664,35.7,2.1,84,6.4,8,83,1.1,20,0,94,1,192.43344,18089,49.157497,-121.951981,3255,10.1,359,164,72,2.2,-97,43,3
"90",111,689,1,"",189,140,77.08845209,0.090308999,134,65.17827075,5.7,0.7,66,0.7,11,76,6.1,0,8,28.56,1,101.05471712,2886,49.283726,-117.631439,2941,8.2,243,365,66,0.299999999999999,-213,244,-3
"91",112,689,2,"",NA,70,79.39128192,NA,NA,73.19647367,NA,NA,79,0.3,NA,NA,1.1,NA,NA,0,0,0,0,49.283726,-117.631439,2941,8.2,243,365,66,0.299999999999999,-213,244,-3
"92",115,689,5,"",191,95,68.16753927,0.113465478,132,55.58373408,7.1,0.6,119,2.1,12,68,11,7,3,44.46,1,66.55692352,2959,49.283726,-117.631439,2941,8.2,243,365,66,0.299999999999999,-213,244,-3
"93",116,690,1,"",NA,95,79.10958904,NA,157,44.54895987,3.2,1.6,17,1,5,0,1.4,NA,NA,0,0,0,0,50.960833,-119.285599,3052,7.4,225,376,66,-0.5,-231,255,-3
"94",117,690,2,"",201,125,71.57249233,0.111111111,133,38.68956466,15.5,1.1,125,0.3,12,76,0.2,0,0,34,1,169.582664,5766,50.960833,-119.285599,3052,7.4,225,376,66,-0.5,-231,255,-3
"95",118,690,3,"",203,110,70.05928854,0.08646125,131,46.41833112,10.1,0.7,144,13.3,21,90,6.8,13,0,12,1,241.54385656,2899,50.960833,-119.285599,3052,7.4,225,376,66,-0.5,-231,255,-3
"96",119,690,4,"",NA,105,NA,NA,NA,NA,4.4,0.3,NA,1,0,0,0.9,NA,NA,0,0,0,0,50.960833,-119.285599,3052,7.4,225,376,66,-0.5,-231,255,-3
"97",120,691,2,"",204,130,75.42759407,NA,NA,64.74840581,4.1,0.4,80,2.7,NA,NA,4.3,0,0,20,1,160.7051776,3214,49.762926,-117.473495,2927,7.9,224,374,66,0,-232,253,-3
"98",123,692,1,"",213,120,86.63065496,0.092941893,139,70.82039337,NA,0.5,128,1.8,7,84,0.2,12,0,6,1,192.48253776,1155,49.610409,-117.563469,2934,7.8,239,361,66,-0.100000000000001,-217,240,-3
"99",124,692,2,"",193,85,70.02295835,0.119909027,132,39.21109149,102,7.8,41,NA,31.5,NA,2.2,45,5,205.1,1,208.1656,42695,49.610409,-117.563469,2934,7.8,239,361,66,-0.100000000000001,-217,240,-3
"100",125,692,3,"",206,200,76.12021858,0.111394335,131,62.98301223,36.3,NA,10,1,18,117,6.8,22,2,82.64,1,250.362832,20690,49.610409,-117.563469,2934,7.8,239,361,66,-0.100000000000001,-217,240,-3
"101",127,692,5,"",210,160,70.99468489,0.060205999,134,40.46358385,30.8,2.9,104,1.5,22,110,0.3,26,0,43,1,277.37485752,11927,49.610409,-117.563469,2934,7.8,239,361,66,-0.100000000000001,-217,240,-3
"102",128,693,1,"",196,115,74.97294047,0.08646125,132,52.92440448,126.5,NA,114,0.9,7,130,1.1,0,2,313.64,1,279.41043872,87634,49.561061,-121.429169,3213,8.4,263,246,71,0.5,-193,125,2
"103",130,693,3,"",201,135,73.37909992,0.069897,134,54.69346536,16.4,1.1,129,1.4,15,96,3.9,0,0,62,1,272.28908264,16882,49.561061,-121.429169,3213,8.4,263,246,71,0.5,-193,125,2
"104",132,693,5,"",197,120,70.84513692,0.119909027,131,49.83490879,51.5,7,121,1.4,17,122,0.5,16,10,112.2,1,215.9012,24224,49.561061,-121.429169,3213,8.4,263,246,71,0.5,-193,125,2
"105",133,694,1,"",186,120,74.50564972,0.106026945,132,75.22970905,4,0.7,80,2.6,12,76,NA,0,4,23.28,1,76.102132,1772,50.018423,-96.774117,1464,2,341,208,59,-5.9,-115,87,-10
"106",134,694,2,"",186,95,68.21086262,0.107918125,133,43.29648084,4.6,NA,122,0.6,0,91,NA,0,25,14.5,1,184.2176736,2671,50.018423,-96.774117,1464,2,341,208,59,-5.9,-115,87,-10
"107",135,694,3,"",NA,160,78.53556485,NA,NA,64.37689857,4,0.8,188,1.2,0,0,2.9,NA,NA,0,0,0,0,50.018423,-96.774117,1464,2,341,208,59,-5.9,-115,87,-10
"108",136,694,4,"",187,105,68.03900325,0.12734756,133,53.03161124,2.9,0.1,112,0.4,12,82,2,0,17,18.94,1,108.0688,2047,50.018423,-96.774117,1464,2,341,208,59,-5.9,-115,87,-10
"109",137,694,5,"",191,125,70,0.130676807,134,38.51879169,2.2,NA,135,1.5,6,79,NA,2,10,11.2,1,113.4863296,1271,50.018423,-96.774117,1464,2,341,208,59,-5.9,-115,87,-10
"110",138,695,1,"",192,95,78.81374972,0.114824862,131,67.76515638,33.6,2.7,95,4.3,3,101,0.6,47,2,104.64,1,109.55060544,11463,46.087816,-64.778229,1184,5.6,429,123,62,-2.3,-27,2,-7
"111",139,695,2,"",208,110,NA,NA,NA,47.54226165,2.6,NA,98,9.1,NA,NA,0.777777778,0,0,16,1,211.977014,3392,46.087816,-64.778229,1184,5.6,429,123,62,-2.3,-27,2,-7
"112",140,695,3,"",196,75,73.53973827,0.115710298,132,49.92995312,12.2,0.7,84,1,8,95,0.3,20,2,53.64,1,141.46996512,7588,46.087816,-64.778229,1184,5.6,429,123,62,-2.3,-27,2,-7
"113",141,695,4,"",193,140,69.3977591,0.12734756,134,48.54129558,12.7,0.9,98,0.8,5,102,0.571428571,11,13,30.66,1,213.95986264,6560,46.087816,-64.778229,1184,5.6,429,123,62,-2.3,-27,2,-7
"114",142,695,5,"",203,100,68.14814815,0.111111111,134,43.20121906,8.2,0.5,111,0.9,4,83,1.9,6,2,28.64,1,232.317448,6654,46.087816,-64.778229,1184,5.6,429,123,62,-2.3,-27,2,-7
"115",143,696,1,"",195,135,75.826364,0.097229029,133,58.69941424,42.3,3.1,79,1.9,40,92,0.5,0,8,145.56,1,244.30667736,35561,47.001544,-65.566162,1139,4.8,436,119,61,-3.1,-20,-2,-8
"116",144,696,3,"",200,185,75.90096286,0.08646125,132,55.74153034,18.1,2,256,0.6,21,71,2,4,7,42.74,1,291.7033696,12467,47.001544,-65.566162,1139,4.8,436,119,61,-3.1,-20,-2,-8
"117",145,696,4,"",200,155,68.49620705,0.047712125,139,38.46220189,7.5,0.7,132,1.8,11,62,0.8,0,2,24.64,1,226.70854152,5586,47.001544,-65.566162,1139,4.8,436,119,61,-3.1,-20,-2,-8
"118",146,696,5,"",200,170,68.28309305,0.12187889,131,33.26548761,28.9,2.9,100,5.1,0,96,2.4,23,4,85.28,1,116.21119936,9910,47.001544,-65.566162,1139,4.8,436,119,61,-3.1,-20,-2,-8
"119",147,697,1,"",198,100,75.40125611,0.10326877,131,47.08622077,67.5,NA,180,1,21,135,0.7,7,8,183.56,1,296.03305948,54340,45.485094,-75.474731,361,5.5,409,160,63,-2.4,-47,39,-6
"120",148,697,2,"",196,125,73.84553337,0.093899782,132,44.77754632,52.8,4.5,35,1.1,24,NA,1.1,11,8,204.56,1,222.7747,45571,45.485094,-75.474731,361,5.5,409,160,63,-2.4,-47,39,-6
"121",149,697,3,"",200,75,73.97836538,0.081291336,135,59.0969272,6.1,0.4,77,1.3,13,81,0.5,0,0,11,1,227.711038,2505,45.485094,-75.474731,361,5.5,409,160,63,-2.4,-47,39,-6
"122",150,697,4,"",206,110,79.20981972,0.117855316,133,66.55916631,32.6,2.8,6,0.8,18,100,1.3,9,10,71.2,1,302.96802488,21571,45.485094,-75.474731,361,5.5,409,160,63,-2.4,-47,39,-6
"123",151,697,5,"",NA,NA,NA,0.074036269,135,NA,NA,NA,NA,NA,11,NA,NA,NA,NA,0,0,0,0,45.485094,-75.474731,361,5.5,409,160,63,-2.4,-47,39,-6
"124",152,698,1,"",199,130,74.59052678,0.113465478,132,47.71556273,59.8,NA,73,1,9,157,0.5,48,3,121.46,1,275.933883,33515,43.544805,-80.248169,78,6.6,413,169,66,-1.3,-43,48,-3
"125",153,698,2,"",191,150,72.75,0.117855316,132,44.37277754,81.4,NA,146,2.2,6,144,0.4,56,1,127.82,1,234.93264,30029,43.544805,-80.248169,78,6.6,413,169,66,-1.3,-43,48,-3
"126",154,698,3,"",209,75,76.13435474,0.069897,134,55.38774066,9.4,0.9,70,19,2,95,0.8,0,2,24.64,1,87.49435012,2156,43.544805,-80.248169,78,6.6,413,169,66,-1.3,-43,48,-3
"127",155,698,4,"",200,150,73.0748225,0.1,135,52.08210627,60.1,6.4,88,1.2,8,109,1.3,49,0,66,1,269.42596,17782,43.544805,-80.248169,78,6.6,413,169,66,-1.3,-43,48,-3
"128",156,698,5,"2",NA,100,75.78376795,0.037628749,131,59.40984588,10.7,2.5,189,0.2,2,0,1.1,NA,NA,0,0,0,0,43.544805,-80.248169,78,6.6,413,169,66,-1.3,-43,48,-3
"129",157,698,5,"",192,110,67.76406036,0.123771484,157,34.26693554,29.1,3.8,210,1.3,12,131,1.7,19,9,37.38,1,267.321504,9992,43.544805,-80.248169,78,6.6,413,169,66,-1.3,-43,48,-3
"130",158,699,1,"",197,105,77.89004458,0.107918125,134,71.07675679,20.1,1.6,185,1.3,13,105,5.4,13,26,48.32,1,202.305184,9775,44.927178,-78.725372,119,5.1,410,159,62,-2.8,-46,38,-7
"131",160,699,3,"",197,130,79.12087912,0.1,141,79.65498605,4.6,0.3,157,0.7,13,67,8.2,10,6,12.92,1,197.16476596,2547,44.927178,-78.725372,119,5.1,410,159,62,-2.8,-46,38,-7
"132",162,699,5,"",197,150,70.98937954,0.084509804,134,38.82343858,16.6,1.5,186,10,14,105,0.1,1,18,60.76,1,224.37926848,13633,44.927178,-78.725372,119,5.1,410,159,62,-2.8,-46,38,-7
"133",163,700,3,"",197,140,72.25085911,0.054194224,NA,51.29968403,2.8,NA,127,0.7,2,55,NA,0,6,8.92,1,201.52518388,1798,46.137636,-62.551315,1356,5.9,422,87,70,-2,-34,-34,1
"134",164,700,3,"4",190,140,71.2295082,0.084509804,134,49.58321733,2.6,NA,195,0.5,3,77,2,0,4,7.28,1,194.29430848,1414,46.137636,-62.551315,1356,5.9,422,87,70,-2,-34,-34,1
"135",165,700,4,"1",192,120,74.43868739,0.065321251,135,61.59985588,5,0.3,125,2.3,10,60,1.2,0,11,16.02,1,243.39154656,3899,46.137636,-62.551315,1356,5.9,422,87,70,-2,-34,-34,1
"136",166,700,5,"",189,170,67.35708368,0.119909027,131,55.42682869,8.3,0.1,95,1.9,10,76,2.2,7,14,22.48,1,267.00742,6002,46.137636,-62.551315,1356,5.9,422,87,70,-2,-34,-34,1
"137",167,701,2,"",193,60,81.86487103,NA,NA,52.88876515,99.3,10.4,4,0.5,NA,NA,0.6,2,3,312.46,1,209.057524,65322,46.315411,-63.241093,1304,5.6,425,67,70,-2.3,-31,-54,1
"138",168,701,2,"5",204,65,75.85751979,0.10326877,131,47.1994088,NA,NA,23,1.2,12,131,1.1,0,1,107.82,1,146.15032,15758,46.315411,-63.241093,1304,5.6,425,67,70,-2.3,-31,-54,1
"139",169,701,3,"",197,150,73.14949202,0.115710298,129,47.57105769,29,2.9,112,16.9,32,136,0.4,0,1,98.82,1,265.83709828,26270,46.315411,-63.241093,1304,5.6,425,67,70,-2.3,-31,-54,1
"140",170,701,5,"",197,95,70.34013605,0.119909027,130,53.21125762,33.5,3.4,256,0.777777778,19,142,0,0,9,119.38,1,252.0628,30091,46.315411,-63.241093,1304,5.6,425,67,70,-2.3,-31,-54,1
"141",171,701,5,"3",NA,110,71.2295082,NA,NA,79.2530941,31.7,3.5,112,1.142857143,0,0,1,NA,NA,0,0,0,0,46.315411,-63.241093,1304,5.6,425,67,70,-2.3,-31,-54,1
"142",172,702,1,"",187,120,75.32588454,0.092941893,134,59.40984588,3.9,0.2,11,0.7,8,67,5.7,20,18,91.76,1,219.99857024,20187,46.461958,-63.453724,1290,5.5,419,68,70,-2.4,-37,-53,1
"143",173,702,2,"",204,140,77.21769756,0.090308999,134,57.62275587,18.8,1.6,54,1.5,23,NA,1.5,10,2,81.64,1,155.3740444,12685,46.461958,-63.453724,1290,5.5,419,68,70,-2.4,-37,-53,1
"144",174,702,3,"",207,90,77.98913043,0.081291336,131,60.22992044,8.1,0.7,208,0.8,3,74,0.2,12,0,15,1,127.73040248,1916,46.461958,-63.453724,1290,5.5,419,68,70,-2.4,-37,-53,1
"145",175,702,3,"",182,120,76.65480427,0.097229029,136,54.99987132,NA,NA,69,0.6,9,64,1.3,0,6,30.92,1,473.9247942,14654,46.461958,-63.453724,1290,5.5,419,68,70,-2.4,-37,-53,1
"146",177,703,1,"",221,100,34.81012658,0.047712125,134,65.23240552,22.9,1.3,123,1,2,92,9.3,0,0,71,1,211.87550056,15043,45.50527,-73.600243,498,6,437,147,61,-1.9,-19,26,-8
"147",178,703,2,"",209,115,73.50081037,0.062838893,131,47.54226165,43.1,3.3,71,2.5,23,NA,0.888888889,0,0,74,1,247.34688,18304,45.50527,-73.600243,498,6,437,147,61,-1.9,-19,26,-8
"148",179,703,3,"",209,135,73.01374455,0.097229029,131,36.90780839,42,NA,146,1,7,108,1.6,0,0,80,1,219.3692652,17550,45.50527,-73.600243,498,6,437,147,61,-1.9,-19,26,-8
"149",180,703,4,"",233,110,74.80605837,0.108635956,131,62.73148263,12.6,1.1,154,15.7,16,96,0.1,0,0,29,1,79.5496,2307,45.50527,-73.600243,498,6,437,147,61,-1.9,-19,26,-8
"150",182,704,1,"",212,105,80.69898534,0.109691001,133,51.06620042,49.5,4.3,165,1.8,10,126,0.8,6,3,143.46,1,135.54112168,19445,45.958702,-73.219673,543,5.5,438,144,62,-2.4,-18,23,-7
"151",183,704,2,"",120,115,78.30018083,0.081291336,139,54.76974634,20,1.5,114,1.2,9,100,2,21,0,35,1,201.00599464,7035,45.958702,-73.219673,543,5.5,438,144,62,-2.4,-18,23,-7
"152",184,704,3,"",219,85,74.26124197,0.090308999,135,48.45145975,17.7,2,120,0.6,1,119,1,21,0,30,1,179.23656232,5377,45.958702,-73.219673,543,5.5,438,144,62,-2.4,-18,23,-7
"153",185,704,4,"",219,150,71.28661088,0.119909027,132,120.2753694,18.2,1.3,215,1.6,9,114,0.5,6,2,50.64,1,170.59287744,8639,45.958702,-73.219673,543,5.5,438,144,62,-2.4,-18,23,-7
"154",186,705,1,"",207,95,78.45165335,0.10326877,131,60.78933146,169.4,8.6,77,1.4,16,134,0.3,18,12,387.84,1,360.487952,139812,45.501857,-73.600479,498,6,437,147,61,-1.9,-19,26,-8
"155",187,705,1,"2",198,95,76.34998556,0.082029928,NA,53.83126542,137,10,64,0.7,8,116,0.7,154,1,281.82,1,292.5582,82449,45.501857,-73.600479,498,6,437,147,61,-1.9,-19,26,-8
"156",188,705,3,"",209,80,71.89942236,0.084509804,135,44.3226954,25.8,2.4,107,2.2,22,99,0.2,0,2,109.64,1,120.9304,13259,45.501857,-73.600479,498,6,437,147,61,-1.9,-19,26,-8
"157",190,705,5,"",205,155,70.69481645,0.125592641,131,46.91745296,92.6,8.7,121,1.8,15,120,0.5,38,5,304.1,1,278.3667292,84651,45.501857,-73.600479,498,6,437,147,61,-1.9,-19,26,-8
"158",191,706,1,"",200,115,80.32046942,0.097229029,131,38.90035475,20,2.1,22,11.8,9,64,11.5,25,13,35.66,1,276.0281082,9843,47.592963,-79.487495,396,2.9,429,126,60,-5,-27,5,-9
"159",192,706,2,"",189,110,78.03125788,0.123771484,131,49.61453964,92.4,7.6,8,0.9,7,NA,0.8,12,14,225.48,1,264.87904888,59725,47.592963,-79.487495,396,2.9,429,126,60,-5,-27,5,-9
"160",193,706,3,"",299,125,69.00900901,0.108635956,133,47.89013186,11.9,NA,76,1.7,9,80,1,12,4,47.28,1,237.16355908,11213,47.592963,-79.487495,396,2.9,429,126,60,-5,-27,5,-9
"161",194,706,4,"5",208,135,72.3830735,0.077815125,133,52.96009187,8.4,1.2,65,8,13,56,1.2,3,3,30.46,1,224.34262224,6833,47.592963,-79.487495,396,2.9,429,126,60,-5,-27,5,-9
"162",195,706,5,"4",NA,NA,NA,NA,NA,NA,NA,NA,NA,NA,NA,NA,NA,NA,NA,0,0,0,0,47.592963,-79.487495,396,2.9,429,126,60,-5,-27,5,-9
"163",196,707,1,"",NA,NA,81.29913115,0.08646125,132,68.1177938,NA,NA,54,0.4,7,NA,NA,NA,NA,0,0,0,0,48.182726,-67.147804,1062,2.5,465,70,60,-5.4,9,-51,-9
"164",199,707,5,"",189,100,75.22012579,0.097229029,134,59.32010291,1.4,NA,160,2.5,7,53,0.1,0,1,3.82,1,131.61677025,503,48.182726,-67.147804,1062,2.5,465,70,60,-5.4,9,-51,-9
"165",200,708,1,"",197,110,80.22187761,0.093899782,134,57.66506333,53.4,5.7,41,1.2,4,107,0.4,0,8,192.56,1,169.5808,32654,46.810776,-71.290688,716,4.8,527,43,65,-3.1,71,-78,-4
"166",201,708,2,"",194,85,76.82119205,0.10211893,135,49.99351766,51.8,4.8,57,1.3,30,107,2,7,8,134.56,1,290.38838284,39075,46.810776,-71.290688,716,4.8,527,43,65,-3.1,71,-78,-4
"167",202,708,3,"",200,125,75.88281454,0.100343332,132,47.45608233,30.2,3.1,88,0.8,14,100,0.4,15,1,62.82,1,294.68189248,18512,46.810776,-71.290688,716,4.8,527,43,65,-3.1,71,-78,-4
"168",203,708,4,"",217,95,69.68529223,0.10326877,133,NA,6.1,0.7,34,8.5,6,63,1.3,7,0,6,1,261.4935216,1569,46.810776,-71.290688,716,4.8,527,43,65,-3.1,71,-78,-4
"169",204,708,5,"",NA,115,68.08693166,0.106026945,134,32.36086372,22.2,2.9,35,0,12,92,0.2,8,14,45.48,1,329.12417616,14969,46.810776,-71.290688,716,4.8,527,43,65,-3.1,71,-78,-4
"170",205,709,1,"",NA,100,81.4171123,NA,163,78.4613549,NA,NA,156,0,0,NA,NA,NA,NA,0,0,0,0,31.103711,-87.071533,1579,18.3,753,182,57,10.4,297,61,-12
"171",206,709,3,"2",NA,95,72.3830735,NA,NA,67.30061375,NA,NA,300,0.2,0,0,0.8,NA,NA,0,0,0,0,31.103711,-87.071533,1579,18.3,753,182,57,10.4,297,61,-12
"172",207,710,1,"",289,NA,80.95479939,0.119280314,154,80.38875768,34.4,NA,90,0.3,0,115,0.4,NA,NA,0,0,0,0,31.105178,-87.072189,1579,18.3,753,182,57,10.4,297,61,-12
"173",208,710,2,"",NA,100,78.84615385,NA,178,70.43929709,7.9,0.4,88,0,0,67,0.6,NA,NA,0,0,0,0,31.105178,-87.072189,1579,18.3,753,182,57,10.4,297,61,-12
"174",209,710,4,"",NA,65,72.83333333,0.100343332,161,62.98301223,3.9,0.3,156,2.3,0,67,0,NA,NA,0,0,0,0,31.105178,-87.072189,1579,18.3,753,182,57,10.4,297,61,-12
"175",210,712,1,"",253,NA,80.48780488,NA,NA,67.64842054,1.9,NA,164,0.333333333,0,0,1.625,NA,NA,0,0,0,0,31.090742,-88.228012,1626,18.5,691,215,60,10.6,235,94,-9
"176",211,712,3,"",NA,110,79.07596624,0.043478261,204,69.32022617,3.5,0.1,176,0,0,69,1.1,NA,NA,0,0,0,0,31.090742,-88.228012,1626,18.5,691,215,60,10.6,235,94,-9
"177",212,712,5,"",198,155,68.44221106,0.115710298,130,32.83437134,3,2.4,76,0.2,30,99,1.4,10,2,46.64,1,175.139248,8168,31.090742,-88.228012,1626,18.5,691,215,60,10.6,235,94,-9
"178",213,712,5,"",NA,165,NA,NA,NA,NA,23.3,NA,NA,NA,NA,NA,7.1,NA,NA,0,0,0,0,31.090742,-88.228012,1626,18.5,691,215,60,10.6,235,94,-9
"179",214,713,1,"",241,115,75.91721543,0.06078,189,76.62421098,12.4,1.4,86,1.9,0,761,0.7,0,0,13,1,77.0332,1001,36.002981,-94.288231,1538,14.5,531,252,59,6.6,75,131,-10
"180",215,713,2,"",209,105,68.25938567,NA,NA,58.04864468,14.1,1.9,42,0.2,NA,NA,0.3,0,4,34.28,1,124.5652,4270,36.002981,-94.288231,1538,14.5,531,252,59,6.6,75,131,-10
"181",217,713,4,"",248,140,70.10416667,0.052353043,199,51.97870036,3.7,0.7,109,2.25,0,82,0.5,NA,NA,0,0,0,0,36.002981,-94.288231,1538,14.5,531,252,59,6.6,75,131,-10
"182",218,713,5,"",240,145,66.00594648,0.075257499,NA,43.51236357,9.6,0.9,186,0.7,0,91,0,0,0,22,1,117.6608974,2589,36.002981,-94.288231,1538,14.5,531,252,59,6.6,75,131,-10
"183",219,714,1,"",246,100,74.49101796,0.120411998,170,58.26395864,15.2,1.7,111,0.3,0,111,0,0,0,16,1,233.1535918,3730,34.503701,-93.055176,1570,16.4,580,255,59,8.5,124,134,-10
"184",220,714,2,"",278,125,78.33996589,NA,NA,72.58763055,3.7,0.2,9,1.714285714,NA,NA,8.2,0,0,4,1,-30.398003125,0,34.503701,-93.055176,1570,16.4,580,255,59,8.5,124,134,-10
"185",222,714,5,"4",250,150,67.875,NA,165,50.99988068,3.7,0.1,155,0.3,0,69,0.3,0,0,2,1,5.231454,10,34.503701,-93.055176,1570,16.4,580,255,59,8.5,124,134,-10
"186",223,715,1,"",248,165,79.19151756,0.169019608,142,62.23440273,79.8,11.8,59,1.4,4,130,3.9,0,0,121,1,265.04323,32070,35.491971,-90.358101,1323,16,482,316,63,8.1,26,195,-6
"187",224,715,2,"",240,140,79.97790666,0.108635956,131,71.39983295,72.7,8.2,66,0.7,16,141,0.888888889,0,0,170,1,216.9264,36877,35.491971,-90.358101,1323,16,482,316,63,8.1,26,195,-6
"188",226,715,4,"",247,125,73.57814599,0.084509804,134,48.24313037,75.1,7.1,186,1.4,2,134,0.1,0,0,118,1,169.0258872,19945,35.491971,-90.358101,1323,16,482,316,63,8.1,26,195,-6
"189",227,715,5,"",246,NA,74.50434783,0.08646125,132,41.03438676,29.3,3.7,154,2,17,113,NA,0,0,46,1,148.886672,6849,35.491971,-90.358101,1323,16,482,316,63,8.1,26,195,-6
"190",228,716,1,"",192,105,75.07241438,0.087506126,136,49.14882118,28,2.9,118,1.2,12,94,5.9,13,6,80.92,1,162.2646,13130,36.974115,-122.030792,3643,13.5,32,691,61,5.6,-424,570,-8
"191",229,716,2,"",NA,135,83.33333333,NA,NA,66.22244203,11.9,1.8,0,1.5,0,139,0.888888889,NA,NA,0,0,0,0,36.974115,-122.030792,3643,13.5,32,691,61,5.6,-424,570,-8
"192",231,716,4,"",NA,195,69.60167715,NA,NA,46.01043717,NA,0.1,194,4.875,0,0,0.3,NA,NA,0,0,0,0,36.974115,-122.030792,3643,13.5,32,691,61,5.6,-424,570,-8
"193",232,716,5,"",192,80,78.03600655,0.084509804,134,42.36236044,16.3,2,216,1.1,14,89,2,2,2,51.64,1,197.6731906,10208,36.974115,-122.030792,3643,13.5,32,691,61,5.6,-424,570,-8
"194",233,717,1,"",200,60,77.83972125,0.097229029,132,56.87169895,26.2,1.8,144,1.4,8,109,1.1,24,1,77.82,1,109.930936,8555,37.350831,-107.856895,2491,7.9,224,653,45,0,-232,532,-24
"195",234,717,2,"",199,60,71.88434696,0.08646125,132,53.35585343,8.6,0.4,66,2.2,13,NA,0.2,0,5,27.1,1,110.3402704,2990,37.350831,-107.856895,2491,7.9,224,653,45,0,-232,532,-24
"196",235,717,3,"",NA,105,71.37911137,NA,NA,71.66041629,1.3,NA,146,10,0,0,1.5,NA,NA,0,0,0,0,37.350831,-107.856895,2491,7.9,224,653,45,0,-232,532,-24
"197",236,717,4,"",205,95,74,0.113465478,132,64.90893905,6.1,0.4,74,0.8,6,75,4.3,4,6,10.92,1,165.79892108,1811,37.350831,-107.856895,2491,7.9,224,653,45,0,-232,532,-24
"198",237,717,5,"",205,175,65.48387097,0.111111111,132,42.5690061,11.9,1.4,165,2.5,10,64,0.7,15,0,36,1,146.725364,5282,37.350831,-107.856895,2491,7.9,224,653,45,0,-232,532,-24
"199",238,718,1,"",184,210,77.48786408,0.090308999,135,59.00812641,2.8,0.1,202,1.8,2,64,NA,0,18,12.76,1,138.05844436,1762,47.677676,-116.780602,2892,8.4,191,475,61,0.5,-265,354,-8
"200",239,718,2,"",183,75,71.42857143,0.107918125,134,45.95659231,7.9,0.7,186,0.8,28,NA,0.428571429,0,9,55.38,1,202.72306484,11227,47.677676,-116.780602,2892,8.4,191,475,61,0.5,-265,354,-8
"201",241,718,4,"",186,105,75.41818182,0.077815125,134,36.04397258,1.9,NA,88,0.6,21,54,1,0,1,6.82,1,104.67745704,714,47.677676,-116.780602,2892,8.4,191,475,61,0.5,-265,354,-8
"202",242,718,5,"",187,55,67.32026144,0.113465478,131,50.34603606,3.6,NA,121,1,4,80,0.75,6,5,7.1,1,126.2615332,896,47.677676,-116.780602,2892,8.4,191,475,61,0.5,-265,354,-8
"203",243,719,1,"",186,155,83.30970225,0.100343332,130,65.3409453,10.6,0.9,129,2.2,8,99,NA,3,12,35.84,1,206.30232696,7394,45.173222,-113.901314,2710,7,135,726,49,-0.9,-321,605,-20
"204",244,719,2,"",194,95,72.24958949,0.106026945,132,46.44578134,2.1,NA,126,0.3,9,56,NA,3,0,16,1,15.37719668,246,45.173222,-113.901314,2710,7,135,726,49,-0.9,-321,605,-20
"205",245,719,3,"",195,90,82.43243243,0.054406804,134,81.30415761,0.2,NA,148,1.5,2,NA,4,0,0,3,1,36.1618933333333,108,45.173222,-113.901314,2710,7,135,726,49,-0.9,-321,605,-20
"206",246,719,4,"",199,120,77.8968254,0.10326877,131,63.08418976,1.4,0.3,118,0.9,20,40,NA,NA,NA,0,0,0,0,45.173222,-113.901314,2710,7,135,726,49,-0.9,-321,605,-20
"207",247,719,5,"",187,170,73.13253012,0.113465478,134,45.66268387,2.1,0.1,126,0.9,13,57,NA,0,11,6.02,1,88.10067204,530,45.173222,-113.901314,2710,7,135,726,49,-0.9,-321,605,-20
"208",249,720,1,"",197,115,76.03267211,NA,196,60.69537577,77.7,NA,105,1.3,7,190,1,3,5,230.1,1,258.58028532,59499,38.52005,-89.983994,1066,12.9,462,270,63,5,6,149,-6
"209",250,720,2,"",276,100,81.34796238,NA,NA,78.38305015,7.7,0.9,126,3,NA,NA,0.2,0,0,5,1,-43.049408,0,38.52005,-89.983994,1066,12.9,462,270,63,5,6,149,-6
"210",253,723,1,"",230,120,76.38461538,0.100343332,129,60.83641847,52.2,5.2,111,1.3,14,132,0.3,11,0,100,1,228.6696,22867,39.725328,-89.91066,983,11.7,479,230,62,3.8,23,109,-7
"211",254,723,2,"",232,55,75.88377724,0.100343332,130,55.94004006,69.7,7.5,134,1.4,18,133,0.5,13,0,156,1,201.13135796,31376,39.725328,-89.91066,983,11.7,479,230,62,3.8,23,109,-7
"212",255,723,3,"",235,115,74.23137876,0.119909027,130,49.30308616,103.9,7.7,118,1,17,137,0.1,31,0,198,1,205.45814,40681,39.725328,-89.91066,983,11.7,479,230,62,3.8,23,109,-7
"213",256,723,4,"",244,95,70.85201794,0.108635956,131,72.18733111,7.1,1.2,116,2.9,5,93,0.4,15,5,2.1,1,111.84943936,235,39.725328,-89.91066,983,11.7,479,230,62,3.8,23,109,-7
"214",257,723,5,"",228,125,70.42059297,0.12734756,130,41.16342571,NA,NA,150,2.6,19,155,0.3,53,2,313.64,1,275.61740376,86445,39.725328,-89.91066,983,11.7,479,230,62,3.8,23,109,-7
"215",259,724,3,"",253,70,75.15151515,0.060205999,145,65.3409453,3.4,0.1,207,2.3,1,71,0.8,0,0,2,1,-12.009381,0,39.165325,-86.526382,793,11.9,523,196,61,4,67,75,-8
"216",261,724,5,"",274,100,76.5625,0.111111111,131,62.6814176,1.3,NA,135,0.4,2,55,0,NA,NA,0,0,0,0,39.165325,-86.526382,793,11.9,523,196,61,4,67,75,-8
"217",262,724,5,"2n",254,65,67.34177215,0.069897,172,38.51879169,2.8,0.1,NA,NA,16,92,0.4,NA,NA,0,0,0,0,39.165325,-86.526382,793,11.9,523,196,61,4,67,75,-8
"218",263,725,1,"",221,100,75.22624434,0.111111111,131,40.94880931,11.7,1,38,1.2,13,104,3.6,0,0,29,1,493.10752576,14300,41.4942,-87.521706,711,9.9,492,162,65,2,36,41,-4
"219",264,725,2,"",217,140,81.17828395,0.115710298,132,37.15223096,85.5,NA,42,1.6,3,150,0.2,6,0,196,1,709.85188,139131,41.4942,-87.521706,711,9.9,492,162,65,2,36,41,-4
"220",265,725,3,"",227,70,76.85714286,0.084509804,133,35.96145433,5.3,NA,226,0.7,8,73,0.2,0,0,15,1,307.05335368,4606,41.4942,-87.521706,711,9.9,492,162,65,2,36,41,-4
"221",266,725,4,"",230,140,61.94267516,0.047712125,133,42.84769026,3.6,NA,110,2.1,5,64,0.5,0,0,3,1,287.458088888889,862,41.4942,-87.521706,711,9.9,492,162,65,2,36,41,-4
"222",267,725,5,"",238,90,65.59766764,0.090323706,134,34.29686299,4.8,6.8,88,1.1,18,76,5.1,0,0,15,1,207.45454924,3112,41.4942,-87.521706,711,9.9,492,162,65,2,36,41,-4
"223",268,726,1,"",200,90,78.6849711,0.117855316,130,58.56809564,143.1,NA,116,1.7,6,149,0.4,20,2,368.64,1,185.160112,68257,41.466711,-86.48307,635,9.7,490,197,61,1.8,34,76,-8
"224",269,726,2,"",200,100,76.13636364,0.125592641,129,46.86146554,93,9.9,86,1,5,114,0.3,0,2,312.64,1,206.8375,64666,41.466711,-86.48307,635,9.7,490,197,61,1.8,34,76,-8
"225",270,726,3,"",207,150,73.23865219,0.100343332,130,54.27768918,56.5,5.2,156,1.1,12,118,2,0,0,197,1,245.1597556,48296,41.466711,-86.48307,635,9.7,490,197,61,1.8,34,76,-8
"226",271,726,4,"",221,150,69.95373752,0.123771484,131,39.4276186,11.1,1,30,1.5,37,86,0.2,0,3,34.46,1,92.37803944,3183,41.466711,-86.48307,635,9.7,490,197,61,1.8,34,76,-8
"227",272,726,5,"",213,160,NA,NA,NA,NA,18.5,2.3,63,2.8,NA,NA,0.3,22,0,44,1,159.657097,7025,41.466711,-86.48307,635,9.7,490,197,61,1.8,34,76,-8
"228",273,727,1,"",239,100,77.04169046,0.069897,134,45.13782543,58.1,5.1,82,7.6,8,121,1.5,0,0,121,1,334.31709376,40452,41.234169,-85.852814,603,9.5,465,202,62,1.6,9,81,-7
"229",274,727,2,"",237,165,76.63239789,0.087506126,134,47.00168537,81.6,7.6,164,3.4,9,122,0.3,0,0,172,1,166.311344,28606,41.234169,-85.852814,603,9.5,465,202,62,1.6,9,81,-7
"230",275,727,3,"",232,120,76.29427793,0.039794001,136,58.17764167,6.8,1.2,136,1.2,12,65,0.9,0,0,15,1,184.564564,2768,41.234169,-85.852814,603,9.5,465,202,62,1.6,9,81,-7
"231",276,727,4,"",232,90,74.45121951,0.123771484,131,47.74456915,58.4,5.8,154,8.5,14,121,0.2,1,0,120,1,239.34692752,28722,41.234169,-85.852814,603,9.5,465,202,62,1.6,9,81,-7
"232",277,727,5,"",229,190,73.20299022,0.129040889,130,47.68659153,213.8,17.8,215,1.7,13,143,0.1,0,0,442,1,275.0064032,121553,41.234169,-85.852814,603,9.5,465,202,62,1.6,9,81,-7
"233",278,728,1,"",219,75,77.61027359,0.081291336,134,47.02983009,29.6,2.7,37,0.6,8,127,0,21,0,58,1,185.49238864,10759,42.02335,-93.625626,1168,9.2,532,145,60,1.3,76,24,-9
"234",280,728,3,"",215,185,73.25623419,0.095424251,133,44.6248956,35.6,3.5,90,0.6,7,139,1.8,16,0,53,1,267.437305,14174,42.02335,-93.625626,1168,9.2,532,145,60,1.3,76,24,-9
"235",281,728,4,"",225,150,72.61336516,0.120411998,131,49.55193454,7.9,0.9,166,0.1,7,90,0.1,0,0,17,1,169.19402,2876,42.02335,-93.625626,1168,9.2,532,145,60,1.3,76,24,-9
"236",282,728,5,"",208,175,71.69156884,0.140796859,130,44.72654684,56.2,6.1,98,0.8,14,150,0.2,0,0,61,1,125.54353904,7658,42.02335,-93.625626,1168,9.2,532,145,60,1.3,76,24,-9
"237",283,729,1,"",123,175,79.14385266,0.100343332,132,61.74513856,5.6,0.2,194,3.8,8,48,2.4,0,0,21,1,147.3215644,3094,43.401875,-95.184128,1260,7.4,461,206,59,-0.5,5,85,-10
"238",284,729,2,"",119,75,75.72815534,0.077663334,131,54.20277174,7,0.4,198,2.1,24,NA,0,2,0,23,1,210.32657248,4838,43.401875,-95.184128,1260,7.4,461,206,59,-0.5,5,85,-10
"239",285,729,3,"",209,10,70.05649718,0.08646125,132,42.04486951,5.5,0.2,310,6.2,4,72,0.3,0,0,25,1,397.52688088,9938,43.401875,-95.184128,1260,7.4,461,206,59,-0.5,5,85,-10
"240",286,729,4,"",228,155,77.25267801,0.111111111,133,52.49987717,3,0.1,98,2.1,2,55,0,0,0,13,1,95.03600092,1235,43.401875,-95.184128,1260,7.4,461,206,59,-0.5,5,85,-10
"241",287,729,5,"",202,125,67.42770167,0.111111111,131,48.63146517,7.4,0.5,76,2.1,2,84,0.1,0,0,21,1,240.92458916,5059,43.401875,-95.184128,1260,7.4,461,206,59,-0.5,5,85,-10
"242",288,730,2,"",230,130,78.11804009,NA,NA,52.57015813,97.2,8.4,178,2.1,NA,NA,0.8,0,0,168,1,-0.678823999999992,0,36.865601,-87.488617,1041,14.2,499,289,60,6.3,43,168,-9
"243",289,730,3,"",245,145,76.53006919,NA,143,52.32499417,76.7,8.8,155,1.2,NA,130,0.4,0,0,141,1,237.40052008,33473,36.865601,-87.488617,1041,14.2,499,289,60,6.3,43,168,-9
"244",290,730,4,"",243,110,70.39610841,0.077815125,133,72.65477914,17.7,1.6,160,1.2,1,101,0,0,0,33,1,250.73906176,8274,36.865601,-87.488617,1041,14.2,499,289,60,6.3,43,168,-9
"245",291,731,1,"",221,55,80.90349076,0.111111111,130,49.83490879,40.1,4.9,50,1.5,22,134,0,0,0,125,1,109.80232,13725,37.443889,-85.743614,899,13.4,561,180,61,5.5,105,59,-8
"246",292,731,2,"",135,115,70.80291971,0.039794001,142,61.50337999,6.8,0.5,142,3,9,NA,0,0,4,23.28,1,57.69002464,1343,37.443889,-85.743614,899,13.4,561,180,61,5.5,105,59,-8
"247",293,731,3,"",249,50,NA,0.095424251,135,NA,2.4,0.1,NA,0.5,2,58,0.1,0,0,5,1,40.51628432,203,37.443889,-85.743614,899,13.4,561,180,61,5.5,105,59,-8
"248",294,731,4,"",234,145,71.57509158,0.047712125,135,60.04573108,40.8,NA,94,2,3,119,0.1,0,0,110,1,75.69112,8326,37.443889,-85.743614,899,13.4,561,180,61,5.5,105,59,-8
"249",295,731,5,"",228,110,65.2350081,0.069897,135,NA,4.7,NA,NA,0.8,2,82,0,0,0,13,1,124.80665324,1622,37.443889,-85.743614,899,13.4,561,180,61,5.5,105,59,-8
"250",296,732,1,"",250,150,74.26298549,0.097772361,134,57.45414503,120.2,NA,196,2,4,155,0.1,0,0,95,1,311.2866468,29572,37.083401,-88.599953,1086,14.1,491,262,63,6.2,35,141,-6
"251",297,732,2,"",252,90,75.36443149,0.084509804,NA,80.63636165,42.5,NA,254,1.9,0,130,0.6,1,0,32,1,335.33176216,10731,37.083401,-88.599953,1086,14.1,491,262,63,6.2,35,141,-6
"252",298,732,3,"",251,200,77.44394619,0.090323706,131,49.8033077,39.4,4.1,78,9,5,132,0.1,0,0,48,1,248.618128,11934,37.083401,-88.599953,1086,14.1,491,262,63,6.2,35,141,-6
"253",299,732,4,"",258,155,76.478586,0.12734756,160,71.01249209,20.2,1.8,138,1,0,97,0.3,0,1,29.82,1,99.486944,2967,37.083401,-88.599953,1086,14.1,491,262,63,6.2,35,141,-6
"254",300,732,5,"",254,115,70.49830125,0.092545336,154,59.4998608,43.8,6,220,2.1,0,140,0.1,0,0,54,1,302.717,16347,37.083401,-88.599953,1086,14.1,491,262,63,6.2,35,141,-6
"255",302,733,1,"",245,100,81.01968703,0.117855316,161,63.03356039,22.1,2.5,102,1.3,0,115,0.6,9,0,33,1,226.43678896,7472,39.290385,-76.61219,780,12.9,494,190,66,5,38,69,-3
"256",303,733,2,"",249,105,84.62580427,0.096780667,165,103.070625,21.9,3.3,114,0.2,0,108,0.5,NA,NA,0,0,0,0,39.290385,-76.61219,780,12.9,494,190,66,5,38,69,-3
"257",304,733,3,"",281,125,81.3592233,0.040409519,176,91.21929878,4.3,0.3,98,0.571428571,0,78,0.8,NA,NA,0,0,0,0,39.290385,-76.61219,780,12.9,494,190,66,5,38,69,-3
"258",305,733,4,"",NA,150,NA,NA,NA,NA,0.9,0.2,NA,0,0,0,0.9,4,4,46.28,1,273.62152576,12663,39.290385,-76.61219,780,12.9,494,190,66,5,38,69,-3
"259",306,734,1,"",201,105,77.99607073,0.090323706,131,89.55509265,8,0.5,67,1,16,90,0.625,0,0,51,1,314.588816,16044,45.412512,-84.612534,430,6.2,390,264,58,-1.7,-66,143,-11
"260",307,734,2,"",209,100,69.32773109,0.069897,143,43.32036197,4.2,0.1,125,3.1,4,65,0.3,0,0,22,1,78.96661536,1737,45.412512,-84.612534,430,6.2,390,264,58,-1.7,-66,143,-11
"261",308,734,3,"",207,145,69.97245179,0.082262521,136,46.52832716,2.2,0.1,100,1.7,8,74,8,0,0,9,1,23.88302944,215,45.412512,-84.612534,430,6.2,390,264,58,-1.7,-66,143,-11
"262",309,734,4,"",201,125,66.14310646,0.074036269,135,43.87699232,20.7,1.8,82,2.1,10,110,2.3,0,0,136,1,90.03092792,12244,45.412512,-84.612534,430,6.2,390,264,58,-1.7,-66,143,-11
"263",310,734,5,"",201,90,64.13333333,0.084509804,136,32.68406835,5.3,0.3,113,0.2,11,83,4.6,0,4,35.28,1,83.68070864,2952,45.412512,-84.612534,430,6.2,390,264,58,-1.7,-66,143,-11
"264",311,735,1,"",200,140,78.86153364,0.101828217,131,48.3917537,55.7,4.3,72,1.2,11,129,0.9,0,1,130.82,1,243.59267216,31867,46.475225,-89.939888,859,4.3,480,115,60,-3.6,24,-6,-9
"265",312,735,2,"",205,50,75.64371543,NA,NA,44.57424305,36.1,3,112,2,NA,NA,0.3,0,12,133.84,1,331.0654576,44310,46.475225,-89.939888,859,4.3,480,115,60,-3.6,24,-6,-9
"266",313,735,3,"",198,170,72.92793451,0.115710298,131,40.52622098,41.7,4.3,90,0.6,8,126,0.2,1,0,120,1,81.0806896,9730,46.475225,-89.939888,859,4.3,480,115,60,-3.6,24,-6,-9
"267",316,736,4,"5",NA,120,NA,NA,NA,NA,NA,NA,NA,0.428571429,0,NA,NA,NA,NA,0,0,0,0,30.396033,-88.885307,1722,19.8,718,106,71,11.9,262,-15,2
"268",317,737,1,"",124,105,77.98900236,0.08646125,132,51.5353125,84.2,8.6,63,3.8,4,152,1.5,0,0,75,1,25.803024,1935,36.991148,-91.49263,1277,13.2,517,271,57,5.3,61,150,-12
"269",318,737,2,"",122,30,73.87229057,0.069897,139,57.53832692,20.7,2.7,58,1,14,110,0,0,0,26,1,41.38058384,1076,36.991148,-91.49263,1277,13.2,517,271,57,5.3,61,150,-12
"270",320,737,4,"",229,85,74.19047619,0.081291336,134,50.67084919,26.9,NA,50,1.1,8,129,4.3,0,0,52,1,-22.731808,0,36.991148,-91.49263,1277,13.2,517,271,57,5.3,61,150,-12
"271",323,738,2,"",241,145,72.62872629,NA,NA,43.63323125,17.2,1.4,65,1.3,NA,NA,0.1,0,0,35,1,251.0564264,8787,36.991165,-91.492638,1277,13.2,517,271,57,5.3,61,150,-12
"272",325,738,4,"",248,115,67.93802145,0.106026945,131,49.58321733,6,0.4,55,NA,6,91,0.1,0,2,9.64,1,74.57066028,719,36.991165,-91.492638,1277,13.2,517,271,57,5.3,61,150,-12
"273",326,738,5,"",238,70,70.82524272,0.125592641,131,46.14560297,45.3,4.5,111,1.3,13,147,0.4,0,0,70,1,268.39233472,18787,36.991165,-91.492638,1277,13.2,517,271,57,5.3,61,150,-12
"274",327,739,1,"",252,120,81.97242842,0.113465478,160,73.95462924,22.8,2.8,80,1.6,0,109,0.8,0,0,40,1,164.0324176,6561,38.642541,-90.32373,1081,12.7,459,267,63,4.8,3,146,-6
"275",328,739,2,"",248,85,77.8779473,0.130174086,NA,71.85710544,19.6,1.9,47,0.3,NA,NA,0.1,0,0,23,1,225.3639824,5183,38.642541,-90.32373,1081,12.7,459,267,63,4.8,3,146,-6
"276",329,739,3,"",257,110,NA,NA,184,NA,9.7,NA,NA,NA,4.5,NA,1.3,0,0,7,1,-62.483472,0,38.642541,-90.32373,1081,12.7,459,267,63,4.8,3,146,-6
"277",330,739,4,"",NA,75,NA,NA,NA,NA,0.5,NA,NA,1.8,NA,93,0.9,NA,NA,0,0,0,0,38.642541,-90.32373,1081,12.7,459,267,63,4.8,3,146,-6
"278",331,739,5,"",238,85,76.80555556,NA,204,72.18733111,3.5,0.3,134,1,0,0,0,NA,NA,0,0,0,0,38.642541,-90.32373,1081,12.7,459,267,63,4.8,3,146,-6
"279",332,740,1,"",121,200,77.00941347,0.106026945,128,47.65765549,156.2,8,98,1.5,10,79,0.1,0,0,458,1,237.69530236,108864,36.757039,-90.392883,1222,14.3,480,330,59,6.4,24,209,-10
"280",333,740,2,"",233,90,80.32624815,NA,NA,41.01295888,6.1,0.2,34,NA,12,142,3.2,0,0,19,1,124.94502728,2374,36.757039,-90.392883,1222,14.3,480,330,59,6.4,24,209,-10
"281",334,740,3,"",NA,NA,NA,NA,NA,NA,NA,NA,NA,NA,0,NA,NA,NA,NA,0,0,0,0,36.757039,-90.392883,1222,14.3,480,330,59,6.4,24,209,-10
"282",335,740,4,"",224,125,65.3577192,0.12187889,129,33.16715213,56.5,4.5,120,0.2,4,142,0.1,0,0,125,1,188.66546652,23583,36.757039,-90.392883,1222,14.3,480,330,59,6.4,24,209,-10
"283",336,740,5,"",226,170,63.08571429,0.12734756,131,36.46231024,16.4,1,56,0.7,3,112,0.1,0,0,35,1,249.6757616,8739,36.757039,-90.392883,1222,14.3,480,330,59,6.4,24,209,-10
"284",337,741,1,"",127,150,78.44762622,0.069897,134,57.20307083,28.4,2.1,162,3.2,12,95,0,0,2,58.64,1,170.40994448,9993,42.742517,-71.589531,660,8,467,170,58,0.0999999999999996,11,49,-11
"285",338,741,2,"",211,130,73.87998914,0.090308999,134,46.83352191,35.3,3.2,9,5.8,28,NA,0.2,0,0,85,1,235.9047626,20052,42.742517,-71.589531,660,8,467,170,58,0.0999999999999996,11,49,-11
"286",339,741,3,"",NA,105,NA,NA,NA,NA,1.1,NA,NA,0.333333333,0,0,3.625,NA,NA,0,0,0,0,42.742517,-71.589531,660,8,467,170,58,0.0999999999999996,11,49,-11
"287",340,741,4,"",234,85,71.78237921,0.039794001,135,61.64820742,17.5,NA,88,6.7,11,102,0.2,0,0,38,1,240.49237416,9139,42.742517,-71.589531,660,8,467,170,58,0.0999999999999996,11,49,-11
"288",341,741,5,"",222,125,66.95035461,0.054406804,143,43.46420379,3.6,0.1,75,0,6,65,2,0,0,8,1,241.36345864,1931,42.742517,-71.589531,660,8,467,170,58,0.0999999999999996,11,49,-11
"289",342,742,1,"",135,65,80.85043988,0.097229029,131,58.74331806,68.2,5,85,5.8,7,117,2.1,0,0,158,1,198.50389152,31364,40.796795,-74.481506,550,10,572,113,60,2.1,116,-8,-9
"290",343,742,3,"",229,75,76.71149144,0.119909027,131,53.64741547,147.1,9.5,126,0.9,1,133,0.2,0,0,346,1,200.04355552,69215,40.796795,-74.481506,550,10,572,113,60,2.1,116,-8,-9
"291",344,742,4,"",342,150,NA,0.12734756,132,NA,26.5,2.6,NA,NA,10,110,0.2,0,0,90,1,62.08976364,5588,40.796795,-74.481506,550,10,572,113,60,2.1,116,-8,-9
"292",345,742,5,"",233,130,71.70967742,0.113465478,130,40.8848601,131.1,11.7,257,1.7,13,138,0.1,3,2,332.64,1,109.603804,36459,40.796795,-74.481506,550,10,572,113,60,2.1,116,-8,-9
"293",347,743,2,"",210,140,73.93060837,0.087506126,135,38.08914464,77.4,7.6,110,0.4,13,107,0.2,1,0,230,1,239.9781618,55195,40.672486,-74.357536,567,11.1,555,122,63,3.2,99,1,-6
"294",349,743,4,"",219,90,69.98746867,0.087506126,134,47.62875455,22.6,1.8,192,1.8,9,92,0.7,0,0,69,1,201.22643128,13885,40.672486,-74.357536,567,11.1,555,122,63,3.2,99,1,-6
"295",350,743,5,"",NA,90,66.43109541,0.074036269,138,54.20277174,NA,NA,61,1.4,3,NA,NA,NA,NA,0,0,0,0,40.672486,-74.357536,567,11.1,555,122,63,3.2,99,1,-6
"296",351,744,1,"",221,115,81.6100823,0.093899782,132,48.96497272,96.3,6.4,34,0.7,14,129,1.1,1,3,244.46,1,66.553792,16270,42.142852,-77.054688,291,8.1,429,231,59,0.199999999999999,-27,110,-10
"297",352,744,2,"",219,105,75.36793184,0.111394335,136,41.95503005,33.4,5,48,1,3,116,0,11,0,67,1,207.2802,13888,42.142852,-77.054688,291,8.1,429,231,59,0.199999999999999,-27,110,-10
"298",353,744,3,"",234,150,77.37704918,0.068008506,153,58.69941424,0.9,NA,230,2.3,0,44,NA,0,0,2,1,240.60811225,481,42.142852,-77.054688,291,8.1,429,231,59,0.199999999999999,-27,110,-10
"299",354,744,4,"",223,130,70.36228721,0.095424251,144,81.05244195,8.1,0.5,45,1.6,1,74,0.111111111,3,0,12,1,214.97466152,2580,42.142852,-77.054688,291,8.1,429,231,59,0.199999999999999,-27,110,-10
"300",355,744,5,"",216,130,71.90034762,0.119909027,132,38.84263909,93.6,14.1,104,0.7,6,57,0,52,0,148,1,76.676244,11348,42.142852,-77.054688,291,8.1,429,231,59,0.199999999999999,-27,110,-10
"301",356,745,1,"",217,90,77.96564681,0.111394335,134,53.72080455,53.2,4.4,9,1.6,6,121,0,16,0,202,1,220.21338692,44483,42.142852,-77.054688,291,8.1,429,231,59,0.199999999999999,-27,110,-10
"302",357,745,2,"",209,150,76.10380249,0.108635956,131,51.77311552,80,8.7,82,2.1,8,140,0.3,4,0,243,1,206.7676,50245,42.142852,-77.054688,291,8.1,429,231,59,0.199999999999999,-27,110,-10
"303",358,745,3,"",214,140,74.24425635,0.106026945,132,47.89013186,19.9,2.6,35,0.8,19,101,1,18,0,50,1,275.47633624,13774,42.142852,-77.054688,291,8.1,429,231,59,0.199999999999999,-27,110,-10
"304",359,745,4,"",211,100,71.57643312,0.069426179,134,38.53769198,11.4,1.3,55,1.8,15,84,0.5,1,1,35.82,1,332.46002784,11909,42.142852,-77.054688,291,8.1,429,231,59,0.199999999999999,-27,110,-10
"305",360,745,5,"",214,110,74.01795735,0.084509804,133,49.1795969,15.2,1.3,86,3.1,5,96,0.6,12,0,26,1,265.39882528,6900,42.142852,-77.054688,291,8.1,429,231,59,0.199999999999999,-27,110,-10
"306",361,746,2,"3",232,150,73.51676698,0.106026945,131,39.34860534,22.5,3.1,78,4.4,18,145,3,0,0,46,1,226.93608,10439,41.778461,-73.748108,535,8.5,506,157,57,0.6,50,36,-12
"307",362,746,3,"2",230,145,70.37362637,0.100343332,130,40.92747069,139,12.1,220,2.1,7,107,0.1,4,0,268,1,237.00168,63516,41.778461,-73.748108,535,8.5,506,157,57,0.6,50,36,-12
"308",365,747,1,"",212,135,80.14842301,0.097229029,131,57.37020909,13.6,1.5,134,1.6,15,143,0.6,0,0,59,1,220.59052072,13015,42.829807,-78.636429,152,8.2,461,152,65,0.299999999999999,5,31,-4
"309",366,747,2,"",197,175,73.32745509,0.106026945,131,44.27272618,121.4,16.1,156,2.5,0,148,0.5,29,0,407,1,66.42577248,27035,42.829807,-78.636429,152,8.2,461,152,65,0.299999999999999,5,31,-4
"310",367,747,3,"",209,150,75.07462687,0.093899782,132,56.26061336,8.4,0.6,88,1.1,5,85,1.4,0,0,33,1,227.82796672,7518,42.829807,-78.636429,152,8.2,461,152,65,0.299999999999999,5,31,-4
"311",368,747,4,"",207,180,79.25363694,0.10326877,132,66.67216999,5.5,0.7,104,0.7,10,75,1.1,1,0,20,1,225.34046804,4507,42.829807,-78.636429,152,8.2,461,152,65,0.299999999999999,5,31,-4
"312",369,747,5,"",200,150,71.14839319,0.12187889,131,40.48444137,36.2,3.5,130,13.6,15,111,0.5,0,1,89.82,1,243.39539572,21862,42.829807,-78.636429,152,8.2,461,152,65,0.299999999999999,5,31,-4
"313",370,748,1,"",222,60,76.60786974,0.092144864,132,63.59499291,36.1,3.9,108,1.1,20,123,2.8,22,1,40.82,1,197.216464,8050,42.829806,-78.636436,152,8.2,461,152,65,0.299999999999999,5,31,-4
"314",371,748,2,"",NA,NA,NA,NA,NA,NA,9.1,1.9,NA,NA,NA,NA,NA,NA,NA,0,0,0,0,42.829806,-78.636436,152,8.2,461,152,65,0.299999999999999,5,31,-4
"315",372,748,3,"",220,130,75.02431118,0.108635956,131,45.03429831,50.1,6.1,81,0.2,5,125,0.8,44,0,81,1,123.240828,9983,42.829806,-78.636436,152,8.2,461,152,65,0.299999999999999,5,31,-4
"316",373,748,4,"",225,125,66.86626747,0.111111111,132,52.57015813,20.9,NA,96,1.7,9,101,0.1,0,0,43,1,249.8517698,10744,42.829806,-78.636436,152,8.2,461,152,65,0.299999999999999,5,31,-4
"317",374,748,5,"",228,90,71.25423729,0.106026945,131,39.94904184,11.8,0.7,64,1,11,88,0.1,17,0,4,1,251.9741668,1008,42.829806,-78.636436,152,8.2,461,152,65,0.299999999999999,5,31,-4
"318",375,749,1,"",219,65,77.68790024,0.097229029,130,55.34870772,79.5,NA,55,1.3,10,104,0.2,7,0,114,1,187.3354,21356,42.829806,-78.636436,152,8.2,461,152,65,0.299999999999999,5,31,-4
"319",376,749,2,"",210,100,70.89738263,NA,NA,46.41833112,39.3,NA,116,1.3,NA,NA,1.1,0,0,120,1,244.7932,29375,42.829806,-78.636436,152,8.2,461,152,65,0.299999999999999,5,31,-4
"320",377,749,3,"",221,80,72.12967132,0.074036269,131,59.36494048,25.5,1.2,80,0.5,10,96,1.8,2,0,41,1,310.69421168,12738,42.829806,-78.636436,152,8.2,461,152,65,0.299999999999999,5,31,-4
"321",378,749,4,"",222,140,70.8844689,0.084509804,140,36.6837068,10.2,1.1,45,2.2,0,63,0.1,0,0,38,1,209.0069164,7942,42.829806,-78.636436,152,8.2,461,152,65,0.299999999999999,5,31,-4
"322",379,749,5,"",218,156,73.14285714,0.117855316,132,64.21898303,41.7,2.9,231,1.111111111,12,107,1.9,0,0,50,1,219.40086,10970,42.829806,-78.636436,152,8.2,461,152,65,0.299999999999999,5,31,-4
"323",380,750,1,"",216,90,76.30128598,0.108635956,128,50.801951,147.6,14.9,73,3.9,11,151,1.4,157,0,190,1,184.622348,35078,42.829806,-78.636436,152,8.2,461,152,65,0.299999999999999,5,31,-4
"324",381,750,2,"",226,130,71.1026616,0.060205999,143,40.97017019,6.7,0.6,88,1.5,7,75,0,0,0,25,1,78.62557792,1966,42.829806,-78.636436,152,8.2,461,152,65,0.299999999999999,5,31,-4
"325",382,750,3,"",230,100,71.38121547,0.060205999,133,37.22266173,5.2,0.3,123,2,8,23,0.4,0,0,19,1,180.32258464,3426,42.829806,-78.636436,152,8.2,461,152,65,0.299999999999999,5,31,-4
"326",383,750,4,"",226,150,72.30392157,0.074036269,133,43.92607173,8.2,1,71,0.6,7,77,0.5,9,0,2,1,176.82009136,354,42.829806,-78.636436,152,8.2,461,152,65,0.299999999999999,5,31,-4
"327",385,751,1,"",193,95,79.41176471,0.097772361,130,71.33498297,11.7,1.5,134,1.5,10,76,5.5,0,18,34.76,1,219.7156896,7637,44.310051,-73.352631,496,6.8,417,174,62,-1.1,-39,53,-7
"328",386,751,1,"",196,80,76.30573248,0.113465478,137,56.09986875,NA,NA,460,1.3,20,197,NA,NA,NA,0,1,82.51802,0,44.310051,-73.352631,496,6.8,417,174,62,-1.1,-39,53,-7
"329",387,751,2,"",209,125,70.75471698,NA,NA,44.82866224,1.3,NA,212,3.4,NA,NA,1.6,5,0,0,1,137.09245432,0,44.310051,-73.352631,496,6.8,417,174,62,-1.1,-39,53,-7
"330",388,751,3,"",194,120,72.78456085,0.15563025,NA,60.04573108,4.6,0.7,310,0.6,2,74,0.7,7,13,11.66,1,197.55512484,2303,44.310051,-73.352631,496,6.8,417,174,62,-1.1,-39,53,-7
"331",389,751,4,"",204,150,74.49577098,0.060205999,133,24.87799058,3.3,0.1,132,0.2,3,65,1.2,0,0,10,1,209.4612664,2095,44.310051,-73.352631,496,6.8,417,174,62,-1.1,-39,53,-7
"332",390,751,5,"",192,100,75.99216071,0.115710298,130,53.13925321,5.9,0.7,189,0.5,9,80,NA,15,6,5.92,1,190.4106272,1127,44.310051,-73.352631,496,6.8,417,174,62,-1.1,-39,53,-7
"333",391,752,1,"",215,130,76.23334534,0.069897,135,56.01984041,22.1,2.2,106,3.6,13,78,0.4,0,4,29.28,1,176.414457,5165,42.167019,-76.820511,303,8.4,424,242,60,0.5,-32,121,-9
"334",392,752,2,"",213,70,73.84317522,0.106069784,138,46.83352191,55.4,0.1,121,1.8,9,104,0.6,0,3,107.46,1,183.949444,19767,42.167019,-76.820511,303,8.4,424,242,60,0.5,-32,121,-9
"335",393,752,3,"",212,115,75.24154589,0.069897,135,62.03776955,13.4,1.5,270,2.3,30,89,3.5,0,0,30,1,212.55702556,6377,42.167019,-76.820511,303,8.4,424,242,60,0.5,-32,121,-9
"336",394,752,4,"",214,135,73.79288437,0.069897,134,55.82076493,17.3,2.3,93,7.7,17,72,0.8,2,0,48,1,205.70175548,9874,42.167019,-76.820511,303,8.4,424,242,60,0.5,-32,121,-9
"337",395,752,5,"",221,100,74.12525728,0.069897,135,44.47328213,3.7,NA,81,1.7,13,59,2.7,4,0,84,1,38.85382,3264,42.167019,-76.820511,303,8.4,424,242,60,0.5,-32,121,-9
"338",396,753,1,"",218,75,80.43237251,0.111111111,130,44.6756634,286.7,22.2,38,1,9,148,1.3,76,0,425,1,137.795872,58563,43.082556,-78.968094,115,8.8,425,169,67,0.9,-31,48,-2
"339",397,753,2,"",227,80,73.91725921,0.097229029,131,34.31184633,69.6,9.6,68,1.4,2,122,0,21,1,145.82,1,172.463476,25149,43.082556,-78.968094,115,8.8,425,169,67,0.9,-31,48,-2
"340",398,753,3,"",228,95,75.12594458,0.090323706,131,53.13925321,14,1.2,260,1.2,7,100,2,0,0,34,1,113.060592,3844,43.082556,-78.968094,115,8.8,425,169,67,0.9,-31,48,-2
"341",399,753,4,"",228,115,73.8456771,0.119909027,131,63.49217158,46.1,NA,156,5.5,18,114,1.1,7,0,69,1,333.96610256,23044,43.082556,-78.968094,115,8.8,425,169,67,0.9,-31,48,-2
"342",400,753,5,"",228,95,74.67447917,0.10326877,130,47.94860577,21.9,2.9,245,0.4,12,92,0.6,0,0,23,1,250.71851116,5767,43.082556,-78.968094,115,8.8,425,169,67,0.9,-31,48,-2
"343",401,754,1,"",239,115,85.13888889,0.097229029,132,70.3131748,80,7.7,63,1.4,8,120,1.2,3,0,115,1,238.2977658,27404,43.082556,-78.968094,115,8.8,425,169,67,0.9,-31,48,-2
"344",402,754,2,"",242,60,75.31760436,NA,NA,44.37277754,30.4,NA,78,1.5,NA,NA,0.8,20,0,62,1,185.355832,11492,43.082556,-78.968094,115,8.8,425,169,67,0.9,-31,48,-2
"345",403,754,3,"",239,120,74.85902256,0.10326877,132,53.97925515,24.2,2.4,135,1.8,11,112,0.2,9,0,46,1,230.6988902,10612,43.082556,-78.968094,115,8.8,425,169,67,0.9,-31,48,-2
"346",404,754,4,"",240,140,76.98113208,0.125592641,131,37.45341738,46.8,5.3,109,10.4,6,139,0.3,0,3,82.46,1,137.32340392,11324,43.082556,-78.968094,115,8.8,425,169,67,0.9,-31,48,-2
"347",405,754,5,"",229,130,73.16476346,0.123771484,131,70.37617944,51.3,NA,185,6.5,10,127,1.3,12,0,70,1,162.69332,11389,43.082556,-78.968094,115,8.8,425,169,67,0.9,-31,48,-2
"348",406,755,1,"",240,70,74.19804742,0.066895555,132,51.97870036,5.8,0.3,95,1.2,5,60,2.6,1,0,11,1,169.15295608,1861,43.082556,-78.968094,115,8.8,425,169,67,0.9,-31,48,-2
"349",407,755,2,"",228,80,74.60598897,0.093899782,132,47.05800854,199.7,12.3,120,1.1,8,143,0.3,5,0,415,1,266.69931944,110680,43.082556,-78.968094,115,8.8,425,169,67,0.9,-31,48,-2
"350",408,755,3,"",233,55,75.82671958,0.077663334,132,51.73900939,16.9,1.9,102,0.8,10,99,0.4,7,3,28.46,1,323.029008,9193,43.082556,-78.968094,115,8.8,425,169,67,0.9,-31,48,-2
"351",409,755,4,"",235,60,74.22547332,0.030103,135,NA,35.7,3.2,125,4.8,12,110,1.6,14,0,76,1,124.50928,9463,43.082556,-78.968094,115,8.8,425,169,67,0.9,-31,48,-2
"352",410,755,5,"",229,215,74.65512578,0.119909027,131,47.91935098,70.3,7,83,1,11,141,NA,36,0,135,1,267.63823488,36131,43.082556,-78.968094,115,8.8,425,169,67,0.9,-31,48,-2
"353",412,756,2,"3",229,80,74.60629921,0.129040889,135,52.29015729,95.3,7.9,77,0.3,2,125,0.4,6,0,242,1,189.96649192,45972,44.070702,-75.923096,290,7.1,410,187,63,-0.800000000000001,-46,66,-6
"354",413,756,3,"2",231,90,76.85889571,0.090323706,130,50.41066512,39.8,4.6,64,1.4,18,105,0.2,0,7,98.74,1,265.03206464,26169,44.070702,-75.923096,290,7.1,410,187,63,-0.800000000000001,-46,66,-6
"355",414,756,4,"",238,95,75.53897181,0.117855316,131,NA,32.1,NA,124,4.333333333,11,123,2,23,0,52,1,278.35685932,14475,44.070702,-75.923096,290,7.1,410,187,63,-0.800000000000001,-46,66,-6
"356",415,756,5,"",227,110,73.48648649,0.113465478,131,53.79439469,48.5,5.7,196,1.2,12,124,0,11,0,137,1,208.168396,28519,44.070702,-75.923096,290,7.1,410,187,63,-0.800000000000001,-46,66,-6
"357",416,757,1,"",218,95,82.82269223,0.10326877,131,49.21041118,166.5,11.1,172,1.3,7,126,1.5,0,4,423.28,1,115.8167024,49023,42.981389,-78.855278,129,8.8,437,144,69,0.9,-19,23,0
"358",417,757,2,"",228,120,79.78861789,0.087506126,133,52.85317379,138.5,10.8,132,5.3,29,NA,0.5,26,0,263,1,204.8104,53865,42.981389,-78.855278,129,8.8,437,144,69,0.9,-19,23,0
"359",418,757,3,"",214,65,78.07467057,0.100343332,132,56.18012607,40.1,3.7,206,1.1,3,113,1.8,24,0,60,1,211.498432,12690,42.981389,-78.855278,129,8.8,437,144,69,0.9,-19,23,0
"360",419,757,4,"",225,120,77.06883217,0.05187675,136,59.54497062,27.5,2.6,80,3.5,16,96,0.7,0,0,55,1,230.17889944,12660,42.981389,-78.855278,129,8.8,437,144,69,0.9,-19,23,0
"361",420,757,5,"",226,130,72.30077121,0.060205999,136,44.07397096,36.1,3.2,98,0.7,12,100,0.8,24,0,38,1,193.412972,7350,42.981389,-78.855278,129,8.8,437,144,69,0.9,-19,23,0
"362",421,758,1,"",221,125,81.9569308,0.097229029,129,60.41524327,177.6,21,114,1.6,10,116,1.1,43,0,285,1,211.8237,60370,42.981389,-78.855278,129,8.8,437,144,69,0.9,-19,23,0
"363",422,758,2,"",221,150,76.56169334,0.106026945,132,59.54497062,96.7,NA,76,1.1,9,97,0.6,0,11,215.02,1,163.3226064,35118,42.981389,-78.855278,129,8.8,437,144,69,0.9,-19,23,0
"364",423,758,3,"",229,95,77.55162242,0.10326877,131,51.29968403,54.8,5.5,130,7,7,111,0.8,11,0,125,1,190.306616,23788,42.981389,-78.855278,129,8.8,437,144,69,0.9,-19,23,0
"365",425,758,5,"",229,75,69.04168151,0.106026945,131,36.87315317,18.7,1.7,191,1.4,12,101,0.1,3,0,43,1,183.13421428,7875,42.981389,-78.855278,129,8.8,437,144,69,0.9,-19,23,0
"366",428,759,3,"",187,120,66.15186615,0.106026945,132,45.60964939,3,NA,105,10.5,19,NA,3.2,0,6,21.92,1,95.9199004,2103,44.22395,-74.464058,407,4.7,512,87,57,-3.2,56,-34,-12
"367",429,759,4,"",185,120,79.9445105,0.125592641,133,65.88910759,2.5,0.2,60,1.4,25,57,2.857142857,3,6,9.92,1,-101.9070354656,0,44.22395,-74.464058,407,4.7,512,87,57,-3.2,56,-34,-12
"368",430,759,5,"",182,100,72.99807254,0.129040889,131,40.6520788,33.2,3.5,51,2.5,10,112,0.888888889,0,23,138.86,1,158.956,22073,44.22395,-74.464058,407,4.7,512,87,57,-3.2,56,-34,-12
"369",431,760,1,"",198,125,74.10214763,0.115710298,130,39.50694982,28.1,2.5,134,0.6,5,129,0,0,12,92.84,1,262.90949056,24409,42.963947,-78.737808,135,8.7,443,135,69,0.799999999999999,-13,14,0
"370",432,760,2,"",197,165,70.29126214,0.111111111,130,44.70109064,NA,1.5,78,2.6,2,113,0,0,9,66.38,1,178.38076264,11841,42.963947,-78.737808,135,8.7,443,135,69,0.799999999999999,-13,14,0
"371",433,760,3,"",207,100,69.1507799,0.12734756,130,48.81281308,29.4,0.9,70,1.2,13,121,0,0,0,127,1,160.980304,20444,42.963947,-78.737808,135,8.7,443,135,69,0.799999999999999,-13,14,0
"372",435,760,5,"",200,145,69.11764706,0.111111111,131,53.17523104,11.3,NA,127,1.2,8,89,0.3,0,0,54,1,198.94819456,10743,42.963947,-78.737808,135,8.7,443,135,69,0.799999999999999,-13,14,0
"373",436,761,1,"",200,120,77.4479018,0.104139269,134,47.91935098,37.8,3.7,184,1,13,127,4.3,0,6,114.92,1,214.6927688,24672,35.357709,-76.224503,1004,16.6,632,119,66,8.7,176,-2,-3
"374",437,761,2,"",205,150,76.59107535,0.093899782,132,50.90072343,12.2,1.2,132,1.3,10,96,0.1,0,1,42.82,1,169.15647904,7243,35.357709,-76.224503,1004,16.6,632,119,66,8.7,176,-2,-3
"375",438,761,3,"",NA,150,73.66071429,NA,NA,76.99981985,NA,NA,202,1.125,0,0,3.2,NA,NA,0,0,0,0,35.357709,-76.224503,1004,16.6,632,119,66,8.7,176,-2,-3
"376",439,761,4,"",206,135,70.71931196,0.129040889,134,101.867466,22.1,2.2,167,1.5,8,107,0.3,0,1,54.82,1,159.26356,8731,35.357709,-76.224503,1004,16.6,632,119,66,8.7,176,-2,-3
"377",440,761,5,"",197,135,72.10884354,0.072579168,131,48.72197038,63,6,120,1.3,13,161,0.5,NA,NA,0,1,32.65640212,0,35.357709,-76.224503,1004,16.6,632,119,66,8.7,176,-2,-3
"378",442,762,2,"",249,120,76.04347826,0.113465478,130,49.96171517,195.5,18.3,81,0.6,3,180,0.2,0,2,326.64,1,138.98730352,45399,35.991865,-78.690216,895,15.1,530,266,61,7.2,74,145,-8
"379",444,762,5,"a",NA,135,80.0511509,NA,NA,166.3979158,NA,0.7,96,0.5,NA,0,NA,NA,NA,0,0,0,0,35.991865,-78.690216,895,15.1,530,266,61,7.2,74,145,-8
"380",445,762,5,"b",NA,185,NA,NA,NA,NA,16.1,2.6,164,1.9,0,87,3.8,0,0,33,1,187.5420244,6189,35.991865,-78.690216,895,15.1,530,266,61,7.2,74,145,-8
"381",446,763,1,"",204,70,77.47933884,0.087506126,129,51.09942502,22.8,2.6,112,1.9,12,129,0.6,1,2,48.64,1,248.0015634,12063,35.909561,-82.213181,930,11,574,106,58,3.1,118,-15,-11
"382",447,763,2,"",219,130,67.57575758,0.047712125,143,95.66360079,3.2,NA,96,0.4,5,67,0.6,0,0,8,1,211.61983432,1693,35.909561,-82.213181,930,11,574,106,58,3.1,118,-15,-11
"383",448,763,3,"",207,100,72.46376812,0.117855316,129,63.03356039,28.3,2.2,266,0.4,9,136,0.6,0,1,68.82,1,184.68113856,12710,35.909561,-82.213181,930,11,574,106,58,3.1,118,-15,-11
"384",449,763,4,"",207,130,72.02072539,0.053013473,129,NA,14.2,0.9,223,0.5,8,114,0.1,5,0,67,1,199.54514056,13370,35.909561,-82.213181,930,11,574,106,58,3.1,118,-15,-11
"385",450,763,5,"",202,NA,68.36823735,0.090323706,129,53.68408493,24.4,NA,140,NA,17,NA,NA,0,0,71,1,614.212836,43609,35.909561,-82.213181,930,11,574,106,58,3.1,118,-15,-11
"386",452,765,1,"",248,145,80.91521816,0.115710298,159,55.03841363,70.7,8.9,81,0.1,0,127,0.8,0,0,85,1,115.07278,9781,36.194986,-81.735519,889,10.1,603,33,62,2.2,147,-88,-7
"387",453,765,2,"",131,95,78.46889952,0.123771484,132,54.96138296,114.6,12.5,76,1.4,8,151,0.2,0,0,284,1,192.275,54606,36.194986,-81.735519,889,10.1,603,33,62,2.2,147,-88,-7
"388",454,765,3,"",NA,70,69.26108374,NA,NA,40.13276252,1.2,0.1,126,0.5,0,0,0.857142857,NA,NA,0,0,0,0,36.194986,-81.735519,889,10.1,603,33,62,2.2,147,-88,-7
"389",455,765,4,"",246,100,71.38873397,0.069897,134,54.69346536,67.9,6.5,184,0.8,8,133,0.2,0,0,154,1,248.68221232,38297,36.194986,-81.735519,889,10.1,603,33,62,2.2,147,-88,-7
"390",456,765,5,"",246,110,72.56097561,0.12187889,131,41.40211716,55.2,6.6,211,2.2,9,133,0.6,0,0,113,1,109.6532,12391,36.194986,-81.735519,889,10.1,603,33,62,2.2,147,-88,-7
"391",457,766,1,"",246,100,79.3639576,0.106026945,131,52.60536922,204.5,17.1,342,1.7,8,183,0,0,0,315,1,222.87309124,70205,35.030126,-83.015846,1040,13.1,871,0,59,5.2,415,-121,-10
"392",458,766,2,"",252,115,79.32446264,0.106026945,131,61.40720582,88.1,8.7,94,3.8,23,124,0,0,0,140,1,96.85467776,13560,35.030126,-83.015846,1040,13.1,871,0,59,5.2,415,-121,-10
"393",459,766,4,"",248,125,73.51965893,0.123771484,130,55.58373408,22.8,NA,127,3.4,7,127,2.1,0,0,37,1,191.99901616,7104,35.030126,-83.015846,1040,13.1,871,0,59,5.2,415,-121,-10
"394",460,766,5,"",249,175,71.81558935,0.100343332,130,47.1994088,190.2,21.5,24,1.2,12,97,0,0,0,44,1,137.72156364,6060,35.030126,-83.015846,1040,13.1,871,0,59,5.2,415,-121,-10
"395",461,766,5,"",244,115,77.83330359,0.119909027,130,52.11666639,22.9,3.5,103,1.2,15,187,0.4,0,0,385,1,180.183232,69371,35.030126,-83.015846,1040,13.1,871,0,59,5.2,415,-121,-10
"396",462,767,1,"",239,135,76.01668405,0.117855316,129,37.25797735,357,NA,63,2,8,170,0.2,0,0,497,1,179.3668,89145,35.854604,-77.055511,932,15.7,617,183,61,7.8,161,62,-8
"397",463,767,3,"",246,130,74.81026382,0.119909027,131,39.2895529,77.1,7.6,286,0.6,9,141,0.5,0,0,40,1,534.8122144,21392,35.854604,-77.055511,932,15.7,617,183,61,7.8,161,62,-8
"398",464,767,3,"2",249,115,73.14751869,0.069897,134,51.09942502,21.5,2.6,154,1.1,7,114,0.1,0,0,123,1,236.8712,29135,35.854604,-77.055511,932,15.7,617,183,61,7.8,161,62,-8
"399",465,767,4,"",239,175,73.05182342,0.16647895,138,95.66360079,NA,27.1,114,2.7,8,194,0.6,0,0,587,1,186.304375,109361,35.854604,-77.055511,932,15.7,617,183,61,7.8,161,62,-8
"400",466,767,5,"A",NA,NA,72.62979684,0.047712125,142,63.03356039,13.9,2.2,120,1.5,0,NA,NA,0,0,32,1,192.8259052,6170,35.854604,-77.055511,932,15.7,617,183,61,7.8,161,62,-8
"401",468,768,1,"",231,140,79.05165114,0.093899782,131,53.68408493,111.9,NA,201,1.6,1,149,0.5,0,0,280,1,216.20337304,60537,40.031183,-81.588455,475,10.8,474,246,59,2.9,18,125,-10
"402",469,768,2,"",230,110,78.69986169,0.090323706,131,68.71375,52,4.3,112,1.5,11,119,0,0,0,146,1,256.66465252,37473,40.031183,-81.588455,475,10.8,474,246,59,2.9,18,125,-10
"403",470,768,3,"",242,95,76.79425837,0.065321251,133,55.03841363,35.6,3.4,24,2.3,36,104,1.2,6,0,70,1,205.917616,14414,40.031183,-81.588455,475,10.8,474,246,59,2.9,18,125,-10
"404",471,768,4,"",230,145,71.87358916,0.093899782,132,54.96138296,77.2,6.7,125,0.8,0,99,1,0,0,200,1,170.8157,34163,40.031183,-81.588455,475,10.8,474,246,59,2.9,18,125,-10
"405",472,768,5,"",235,NA,68.94577299,0.090308999,134,40.13276252,138.2,12,105,4,21,144,0.7,11,0,465,1,218.138,101434,40.031183,-81.588455,475,10.8,474,246,59,2.9,18,125,-10
"406",473,769,1,"",122,110,67.23356009,0.1,134,54.69346536,67.9,5.1,132,1.9,3,126,0.4,6,0,164,1,212.885248,34913,40.298672,-83.067963,509,10.3,456,256,60,2.4,0,135,-9
"407",474,769,2,"",226,135,96.98968147,0.129040889,127,41.40211716,NA,NA,33,0.888888889,39,NA,0.1,0,0,795,1,159.2828524,126630,40.298672,-83.067963,509,10.3,456,256,60,2.4,0,135,-9
"408",475,769,3,"",226,175,66.1171622,0.117855316,130,52.60536922,64.5,7.1,160,1.7,5,140,1.5,6,0,130,1,270.47912,35162,40.298672,-83.067963,509,10.3,456,256,60,2.4,0,135,-9
"409",476,769,4,"",226,120,71.14479875,0.108635956,131,61.40720582,22.7,2.3,93,0.4,7,114,0.8,8,0,51,1,201.02139128,10252,40.298672,-83.067963,509,10.3,456,256,60,2.4,0,135,-9
"410",477,769,5,"",234,180,69.5748731,0.135275994,130,55.58373408,167.4,13.7,87,0.8,11,58,0,34,1,299.82,1,181.6036,54448,40.298672,-83.067963,509,10.3,456,256,60,2.4,0,135,-9
"411",478,770,2,"",204,70,68.56478791,0.033447777,131,47.1994088,20.5,NA,36,7.5,26,NA,0.2,0,0,63,1,273.22035568,17213,39.96173,-82.491264,513,10.5,503,210,59,2.6,47,89,-10
"412",479,770,3,"",204,110,66.94677871,0.115710298,130,52.11666639,17,1.6,205,2.3,NA,NA,1,12,0,52,1,204.931094,10656,39.96173,-82.491264,513,10.5,503,210,59,2.6,47,89,-10
"413",480,770,4,"",200,130,67.98715203,0.053013473,130,37.25797735,20.5,1.7,20,1.4,17,133,0.4,0,1,70.82,1,177.31501132,12557,39.96173,-82.491264,513,10.5,503,210,59,2.6,47,89,-10
"414",481,770,5,"",213,125,65.67741935,0.053013473,129,39.2895529,21.9,1.4,150,0.3,15,88,0.3,0,0,86,1,181.4970724,15609,39.96173,-82.491264,513,10.5,503,210,59,2.6,47,89,-10
"415",482,771,1,"",220,155,78.66157599,0.111111111,131,51.2661986,227.9,18,82,1.4,10,141,0.2,13,0,495,1,212.52736,105201,39.993684,-81.734016,483,10.7,470,249,60,2.8,14,128,-9
"416",483,771,2,"",219,165,74.95337995,0.106026945,131,49.64590155,385.7,24.1,88,1.4,6,158,0.1,0,0,707,1,218.07276,154177,39.993684,-81.734016,483,10.7,470,249,60,2.8,14,128,-9
"417",484,771,3,"",234,110,78.11233353,0.097229029,131,82.32685142,7.9,0.8,188,3,5,82,0.1,0,0,20,1,225.5008,4510,39.993684,-81.734016,483,10.7,470,249,60,2.8,14,128,-9
"418",485,771,4,"",234,110,74.64370546,0.05187675,133,37.50707557,6.8,0.6,270,0.7,18,79,2.1,0,0,22,1,138.6609544,3051,39.993684,-81.734016,483,10.7,470,249,60,2.8,14,128,-9
"419",486,771,5,"",228,155,70.01663894,0.115710298,131,43.99989706,32.4,5.6,83,0.6,2,110,0.1,3,0,74,1,203.11045996,15030,39.993684,-81.734016,483,10.7,470,249,60,2.8,14,128,-9
"420",487,772,1,"",208,190,75.41436464,0.082262521,131,54.99987132,4.9,0.2,22,2.4,6,80,0.5,0,1,14.82,1,177.9693592,2638,45.573164,-122.156479,3336,11.2,349,257,67,3.3,-107,136,-2
"421",488,772,2,"",NA,115,79.67450271,0.093899782,131,57.16143832,20.4,1,96,4.8,18,NA,0.3,0,5,55.1,1,231.5636464,12759,45.573164,-122.156479,3336,11.2,349,257,67,3.3,-107,136,-2
"422",489,772,3,"",193,130,77.68488746,0.100343332,131,49.0567247,10.1,1.1,73,1.8,17,101,NA,0,3,22.46,1,270.37302112,6073,45.573164,-122.156479,3336,11.2,349,257,67,3.3,-107,136,-2
"423",490,772,4,"",196,140,71.76840215,0.130676807,130,31.09256384,21,1.4,105,0.9,5,110,0.3,13,7,70.74,1,181.54452984,12842,45.573164,-122.156479,3336,11.2,349,257,67,3.3,-107,136,-2
"424",491,773,1,"",201,130,81.48802018,0.093899782,129,50.5404223,36.4,NA,137,2.1,14,95,4.9,17,8,144.56,1,205.09,29648,45.523432,-122.676208,3377,12,192,423,67,4.1,-264,302,-2
"425",492,773,2,"",209,100,75.68766637,0.039794001,137,60.50833301,5.3,0.5,156,4.8,10,NA,6.4,0,7,10.74,1,249.826,2683,45.523432,-122.676208,3377,12,192,423,67,4.1,-264,302,-2
"426",493,773,3,"",195,115,75.81120944,0.113465478,130,46.97357431,8.3,0.7,41,0.4,11,90,0.3,0,5,28.1,1,235.78269856,6625,45.523432,-122.676208,3377,12,192,423,67,4.1,-264,302,-2
"427",495,773,5,"",198,160,75.1059322,0.100343332,129,61.74513856,9.1,0.8,163,0.8,3,99,0.2,4,18,18.76,1,213.54555136,4006,45.523432,-122.676208,3377,12,192,423,67,4.1,-264,302,-2
"428",496,774,1,"",82,185,77.32022127,NA,NA,53.17523104,8,NA,92,0.375,0,82,0.5,NA,NA,0,0,0,0,39.725828,-76.328781,547,11.3,484,187,64,3.4,28,66,-5
"429",498,774,3,"",NA,NA,77.11934156,NA,NA,72.05487729,1.9,0.5,124,2.25,0,0,2.1,NA,NA,0,0,0,0,39.725828,-76.328781,547,11.3,484,187,64,3.4,28,66,-5
"430",499,774,4,"",277,155,71.39747497,NA,NA,45.87606089,4.9,0.9,312,3.857142857,0,67,0.2,NA,NA,0,0,0,0,39.725828,-76.328781,547,11.3,484,187,64,3.4,28,66,-5
"431",500,774,5,"",NA,NA,NA,NA,NA,NA,0.1,NA,NA,0,0,0,1.166666667,NA,NA,0,0,0,0,39.725828,-76.328781,547,11.3,484,187,64,3.4,28,66,-5
"432",501,775,1,"",180,105,69.75483263,0.097229029,129,33.86796734,71.8,NA,8,0.7,6,129,2.6,0,16,228.12,1,172.960232,39456,41.733124,-77.64193,298,7.3,494,133,60,-0.600000000000001,38,12,-9
"433",502,775,2,"",186,155,70.17699115,0.095424251,138,45.79581122,2,NA,146,0.6,1,61,0.6,7,0,0,1,102.57,0,41.733124,-77.64193,298,7.3,494,133,60,-0.600000000000001,38,12,-9
"434",503,775,3,"",187,95,70.7798618,0.12187889,130,48.87356332,8.2,NA,64,13,18,66,NA,0,11,28.02,1,189.59943304,5313,41.733124,-77.64193,298,7.3,494,133,60,-0.600000000000001,38,12,-9
"435",504,775,4,"",188,125,67.61904762,0.1161368,133,40.42193322,5,0.5,246,3.9,7,64,2.2,8,0,15,1,121.39174,1821,41.733124,-77.64193,298,7.3,494,133,60,-0.600000000000001,38,12,-9
"436",505,775,5,"",190,115,68.33184657,0.117855316,131,48.12488741,4.1,0.2,113,1.9,7,70,0,4,0,17,1,105.4592,1793,41.733124,-77.64193,298,7.3,494,133,60,-0.600000000000001,38,12,-9
"437",506,776,1,"",234,100,77.2797527,0.106026945,131,47.74456915,174.5,NA,54,1,8,154,0.7,1,0,292,1,257.72145664,75255,41.997863,-77.125137,300,8,425,249,58,0.0999999999999996,-31,128,-11
"438",507,776,2,"",229,75,77.86209481,0.108635956,131,66.95636509,135.7,13.8,51,0.9,26,NA,0.1,51,0,274,1,307.6045012,84284,41.997863,-77.125137,300,8,425,249,58,0.0999999999999996,-31,128,-11
"439",508,776,4,"",239,145,72.79327474,0.123771484,131,70.3131748,51.9,NA,117,1.3,20,130,0.2,5,0,177,1,235.3817242,41663,41.997863,-77.125137,300,8,425,249,58,0.0999999999999996,-31,128,-11
"440",509,776,5,"",239,175,71.021611,0.117855316,131,51.77311552,212.2,18.2,93,8.7,17,173,0,84,0,432,1,204.158,88196,41.997863,-77.125137,300,8,425,249,58,0.0999999999999996,-31,128,-11
"441",510,777,1,"",200,105,78.9845173,0.100343332,131,46.77773451,31.9,3.6,204,2.7,6,94,2.6,9,6,113.92,1,248.11937752,28266,41.997863,-77.125137,300,8,425,249,58,0.0999999999999996,-31,128,-11
"442",511,777,2,"",193,160,56.62533431,0.115710298,131,42.06738953,93.1,12.1,31,1.9,8,119,0.4,36,11,291.02,1,212.00942896,61699,41.997863,-77.125137,300,8,425,249,58,0.0999999999999996,-31,128,-11
"443",512,777,3,"",211,145,72.00911508,0.10211893,136,42.04486951,11.2,1.8,82,2.5,13,88,2.2,8,1,48.82,1,142.18,6941,41.997863,-77.125137,300,8,425,249,58,0.0999999999999996,-31,128,-11
"444",514,777,5,"",199,125,74.52991453,0.12187889,131,48.06598302,18.5,1.7,18,0.9,30,182,0.5,9,13,68.66,1,237.06147712,16277,41.997863,-77.125137,300,8,425,249,58,0.0999999999999996,-31,128,-11
"445",515,778,1,"",203,125,75.34751773,0.106026945,130,64.74840581,257.5,19.7,102,1.2,6,157,0.6,72,3,332.46,1,196.755124,65413,41.469147,-79.123497,286,7.4,552,98,59,-0.5,96,-23,-10
"446",516,778,2,"",218,125,76.05633803,0.1,133,52.46480711,21.7,2.5,142,2.2,5,106,4.9,0,10,23.2,1,151.123472,3506,41.469147,-79.123497,286,7.4,552,98,59,-0.5,96,-23,-10
"447",517,778,3,"",213,85,72.25054625,0.017609126,134,48.51131331,11.4,0.8,123,1.3,7,87,1.1,0,6,21.92,1,180.41321232,3955,41.469147,-79.123497,286,7.4,552,98,59,-0.5,96,-23,-10
"448",518,778,4,"",212,115,75.88039867,0.123771484,130,50.2815725,52.3,NA,60,0.6,16,107,0.4,17,2,70.64,1,244.77784064,17291,41.469147,-79.123497,286,7.4,552,98,59,-0.5,96,-23,-10
"449",519,778,5,"",NA,NA,NA,0.10326877,133,NA,NA,NA,NA,NA,2,NA,NA,NA,NA,0,0,0,0,41.469147,-79.123497,286,7.4,552,98,59,-0.5,96,-23,-10
"450",520,779,1,"",204,110,77.5746496,0.090323706,132,76.10447311,68.8,7.1,72,1.4,8,127,1.8,13,3,121.46,1,154.015934,18707,41.469147,-79.123497,286,7.4,552,98,59,-0.5,96,-23,-10
"451",521,779,2,"",201,80,77.05253035,0.12187889,131,53.68408493,18.6,11.3,95,0.9,3,135,0,22,7,168.74,1,171.3516,28914,41.469147,-79.123497,286,7.4,552,98,59,-0.5,96,-23,-10
"452",522,779,3,"",205,130,74.39252336,0.077663334,134,62.18512767,27.1,3.3,70,1.1,15,100,0.9,21,3,44.46,1,252.17830276,11212,41.469147,-79.123497,286,7.4,552,98,59,-0.5,96,-23,-10
"453",523,779,4,"",190,100,74.6179966,0.090323706,133,46.25430875,15.8,1.8,104,10.5,13,92,0.8,10,1,22.82,1,164.4713896,3753,41.469147,-79.123497,286,7.4,552,98,59,-0.5,96,-23,-10
"454",524,779,5,"",207,145,72.04719305,0.115710298,131,52.08210627,116,10.2,78,1,9,122,1,36,4,209.28,1,213.478,44677,41.469147,-79.123497,286,7.4,552,98,59,-0.5,96,-23,-10
"455",526,780,2,"",NA,115,NA,NA,NA,NA,NA,NA,NA,NA,0,NA,NA,NA,NA,0,0,0,0,35.045631,-85.309685,1113,14.9,524,257,61,7,68,136,-8
"456",528,780,4,"",NA,200,70.83333333,NA,NA,59.99985963,2.1,0.8,187,0.428571429,0,0,0.7,NA,NA,0,0,0,0,35.045631,-85.309685,1113,14.9,524,257,61,7,68,136,-8
"457",529,780,5,"A",282,105,68.61826698,0.038046142,207,49.99351766,4.9,0.4,164,11.71428571,0,82,0,NA,NA,0,0,0,0,35.045631,-85.309685,1113,14.9,524,257,61,7,68,136,-8
"458",530,780,5,"B",244,170,65.39351852,0.035218252,147,35.79754615,16.8,NA,185,11.7,0,99,0.1,0,0,39,1,152.898,5963,35.045631,-85.309685,1113,14.9,524,257,61,7,68,136,-8
"459",531,781,1,"",228,155,77.13163065,NA,145,57.41214638,126.3,10.7,182,6.8,0,123,0.6,0,0,360,1,245.53932192,88394,35.240081,-85.839699,1114,13.4,601,95,65,5.5,145,-26,-4
"460",532,781,2,"",229,140,76.61022576,0.120411998,131,50.6381794,113.5,7.8,78,2.8,5,159,0.8,0,0,178,1,260.2300558,46321,35.240081,-85.839699,1114,13.4,601,95,65,5.5,145,-26,-4
"461",533,781,3,"",228,130,70.60185185,0.084509804,134,52.22062251,37.4,4,178,0.9,10,127,0.8,0,0,77,1,174.8,13460,35.240081,-85.839699,1114,13.4,601,95,65,5.5,145,-26,-4
"462",534,781,4,"",229,180,72.15767635,0.090308999,134,64.06184033,22.3,2.5,98,1.3,9,120,0.3,10,0,22,1,274.58810296,6041,35.240081,-85.839699,1114,13.4,601,95,65,5.5,145,-26,-4
"463",535,782,1,"",208,105,79.09326425,0.113033377,135,50.21727382,79.5,5.7,79,1.9,10,103,0.1,13,0,211,1,204.08238684,43061,44.33782,-72.756264,543,5.6,524,82,59,-2.3,68,-39,-10
"464",536,782,2,"",204,125,76.83171151,0.077815125,134,58.61180317,47.7,3.6,42,1.7,9,100,0,12,2,138.64,1,167.94428256,23284,44.33782,-72.756264,543,5.6,524,82,59,-2.3,68,-39,-10
"465",538,782,4,"",203,105,73.06397306,0.081291336,135,45.92971711,27.9,NA,146,0.5,3,77,0.8,14,0,107,1,268.1519626,28692,44.33782,-72.756264,543,5.6,524,82,59,-2.3,68,-39,-10
"466",539,782,5,"",203,100,71.23236823,0.08646125,132,42.54594596,7.8,1.3,108,0.3,9,89,0.9,14,0,4,1,193.4100362,774,44.33782,-72.756264,543,5.6,524,82,59,-2.3,68,-39,-10
"467",540,783,1,"",269,135,76.95078031,0.047712125,136,62.63143242,0.5,NA,91,3.9,3,84,0.5,NA,NA,0,0,0,0,37.33,-76.669998,782,14.7,557,204,63,6.8,101,83,-6
"468",541,783,2,"",276,125,68.37606838,NA,NA,61.69663492,2.2,0.1,88,1,NA,NA,0.6,NA,NA,0,0,0,0,37.33,-76.669998,782,14.7,557,204,63,6.8,101,83,-6
"469",542,783,4,"",237,135,71.08745685,0.12734756,131,47.62875455,117.8,NA,6,1.5,2,130,0,0,0,172,1,122.233336,21024,37.33,-76.669998,782,14.7,557,204,63,6.8,101,83,-6
"470",543,784,1,"",231,65,82.52364296,0.106026945,131,51.13269287,207.6,NA,55,1.5,12,163,0.7,5,0,538,1,119.789632,64447,38.029306,-78.476677,672,13.4,531,230,60,5.5,75,109,-9
"471",544,784,2,"",234,89,74.01960784,0.106026945,130,53.57422664,45.5,4.2,8,1,8,130,0,3,0,127,1,160.121,20335,38.029306,-78.476677,672,13.4,531,230,60,5.5,75,109,-9
"472",546,784,3,"",NA,NA,NA,NA,132,NA,NA,NA,NA,NA,10,NA,NA,NA,NA,0,0,0,0,38.029306,-78.476677,672,13.4,531,230,60,5.5,75,109,-9
"473",547,784,4,"",238,105,65.2892562,0.111111111,132,55.86046675,30.4,2.7,132,4,9,94,2.2,0,0,117,1,102.8962,12039,38.029306,-78.476677,672,13.4,531,230,60,5.5,75,109,-9
"474",548,784,5,"",229,145,74.23099246,0.115710298,133,50.99988068,13.8,1.4,77,0.9,3,113,1.2,0,0,37,1,134.3249176,4970,38.029306,-78.476677,672,13.4,531,230,60,5.5,75,109,-9
"475",549,785,1,"",193,100,76.51006711,0.093899782,131,44.173125,4,0.5,104,2.8,11,80,7.5,9,6,15.92,1,191.59462136,3050,37.514904,-76.984833,754,14.3,514,253,62,6.4,58,132,-7
"476",550,785,2,"",187,130,75.76134245,0.117855316,131,38.34951965,52.7,3.3,34,3.5,16,NA,5,6,11,192.02,1,246.9368,47417,37.514904,-76.984833,754,14.3,514,253,62,6.4,58,132,-7
"477",551,785,3,"",192,110,77.68899816,0.10326877,131,32.8618478,11.3,1.1,133,0.9,15,86,1.3,3,2,43.64,1,254.2257856,11094,37.514904,-76.984833,754,14.3,514,253,62,6.4,58,132,-7
"478",552,785,4,"",NA,140,74.55386649,0.084509804,135,50.02536067,16.7,2.4,246,1.7,2,74,0.5,5,4,8.28,1,310.8260524,2574,37.514904,-76.984833,754,14.3,514,253,62,6.4,58,132,-7
"479",553,785,5,"",190,145,71.21290994,0.12187889,132,45.24182964,13.8,1.3,72,0.6,2,110,1.2,3,10,48.2,1,210.7306038,10157,37.514904,-76.984833,754,14.3,514,253,62,6.4,58,132,-7
"480",554,786,1,"",248,65,77.2710419,0.132221929,134,57.79235927,54.6,NA,196,5,7,153,0.1,0,0,33,1,94.991908,3135,37.540725,-77.43605,786,13.9,494,271,61,6,38,150,-8
"481",555,786,2,"",248,110,78.4522003,0.065321251,139,71.72585959,19.6,2.3,100,7.9,3,120,0.3,0,0,23,1,122.97148,2828,37.540725,-77.43605,786,13.9,494,271,61,6,38,150,-8
"482",557,786,4,"",255,115,69.78193146,0.213513265,NA,62.03776955,NA,0.2,184,2.1,8,89,1.3,NA,NA,0,0,0,0,37.540725,-77.43605,786,13.9,494,271,61,6,38,150,-8
"483",558,786,5,"",248,165,69.77848101,0.093899782,132,64.58866468,14.1,2.4,112,4.7,11,125,0,2,0,22,1,124.239,2733,37.540725,-77.43605,786,13.9,494,271,61,6,38,150,-8
"484",559,787,1,"A",240,787,78.88888889,NA,NA,43.34426945,69.9,NA,134,1.125,0,0,NA,NA,NA,0,0,0,0,38.713452,-77.795273,608,12.5,495,237,61,4.6,39,116,-8
"485",560,787,1,"B",NA,NA,72.13114754,0.095424251,143,53.10332404,3,0.5,74,1.5,2,90,2.2,0,0,187,1,168.5102116,31511,38.713452,-77.795273,608,12.5,495,237,61,4.6,39,116,-8
"486",562,787,3,"",341,150,70.52132701,0.095424251,133,47.39880281,63.2,9.2,78,3.6,21,131,0.6,20,0,156,1,193.5973216,30201,38.713452,-77.795273,608,12.5,495,237,61,4.6,39,116,-8
"487",563,787,4,"",249,130,75.74827322,0.075257499,155,NA,6.5,0.7,112,1.2,0,64,0.4,NA,NA,0,0,0,0,38.713452,-77.795273,608,12.5,495,237,61,4.6,39,116,-8
"488",565,788,5,"1",196,135,68.47022188,NA,140,41.14186289,12.2,1,188,3.6,2,84,2.777777778,2,0,28,1,84.4426,2364,46.889947,-124.104134,3453,9.8,318,133,73,1.9,-138,12,4
"489",566,788,5,"2",240,90,75.29182879,NA,198,43.22499518,7.9,NA,211,1.3,0,70,2.6,0,0,4,1,145.977171875,584,46.889947,-124.104134,3453,9.8,318,133,73,1.9,-138,12,4
"490",567,789,1,"",196,140,75.50702028,0.082262521,132,33.01379414,7,0.4,40,1.5,10,89,0.3,1,9,16.38,1,203.93139352,3340,45.904559,-122.743988,3373,11.4,203,419,65,3.5,-253,298,-4
"491",568,789,2,"",187,110,74.30587164,NA,NA,44.04925196,28,2.4,232,1.6,NA,NA,2.2,16,11,45.02,1,254.08861384,11439,45.904559,-122.743988,3373,11.4,203,419,65,3.5,-253,298,-4
"492",569,789,3,"",192,200,73.63145721,0.100343332,132,48.3917537,14.9,1,210,0.8,5,100,7.8,7,15,50.3,1,514.8680202,25898,45.904559,-122.743988,3373,11.4,203,419,65,3.5,-253,298,-4
"493",570,789,4,"",195,195,72.85817135,0.05187675,130,40.13276252,3.8,0.2,134,3.5,5,70,0.9,0,6,13.92,1,209.06265,2910,45.904559,-122.743988,3373,11.4,203,419,65,3.5,-253,298,-4
"494",571,789,5,"",186,155,68.06603774,0.123771484,130,42.43101904,84.3,NA,143,1,7,120,1.3,28,6,328.92,1,128.01680608,42107,45.904559,-122.743988,3373,11.4,203,419,65,3.5,-253,298,-4
"495",572,790,1,"",196,150,77.80903525,0.108635956,132,48.87356332,38.6,4.4,102,0.8,5,121,0.4,44,2,53.64,1,201.53952736,10811,38.791397,-79.441299,582,9.3,452,224,58,1.4,-4,103,-11
"496",574,790,3,"",200,60,79.21946275,0.047712125,136,67.94101752,3.8,NA,115,1.4,4,62,0.75,0,0,15,1,224.14840276,3362,38.791397,-79.441299,582,9.3,452,224,58,1.4,-4,103,-11
"497",575,790,4,"",NA,105,82.56227758,NA,NA,79.17320186,3.7,1.5,93,0.7,0,0,1.9,NA,NA,0,0,0,0,38.791397,-79.441299,582,9.3,452,224,58,1.4,-4,103,-11
"498",576,791,1,"",201,120,77.67929089,0.05022329,132,NA,8.4,0.8,135,1.6,13,80,3.142857143,0,0,47,1,180.4852,8483,46.592443,-90.883797,933,4.9,459,145,58,-3,3,24,-11
"499",577,791,2,"",197,85,72.2323601,0.084509804,133,43.29648084,52.2,5.9,54,1.2,3,117,0,0,6,228.92,1,276.2194944,63232,46.592443,-90.883797,933,4.9,459,145,58,-3,3,24,-11
"500",578,791,3,"",196,120,72.63495457,0.060205999,135,52.88876515,16.4,NA,105,0.9,5,100,0.9,0,6,115.92,1,576.88905064,66873,46.592443,-90.883797,933,4.9,459,145,58,-3,3,24,-11
"501",579,791,4,"",201,150,75.99323753,0.049357513,NA,57.16143832,2.5,0.1,77,0.1,8,60,1,0,2,15.64,1,79.7127,1247,46.592443,-90.883797,933,4.9,459,145,58,-3,3,24,-11
"502",580,791,5,"",201,120,63.79310345,0.115710298,132,34.17746573,NA,NA,156,5.3,14,82,9.6,0,0,76,1,158.67587808,12059,46.592443,-90.883797,933,4.9,459,145,58,-3,3,24,-11
"503",581,792,1,"",214,95,77.30943152,0.113033377,NA,54.57944145,85.3,7,96,1.4,6,125,0.2,0,0,223,1,253.34948192,56497,42.928896,-88.837051,761,8.2,458,202,61,0.299999999999999,2,81,-8
"504",582,792,2,"",222,90,73.23420074,0.074036269,134,45.8225299,26,2.4,121,1.9,10,NA,0.8,10,0,97,1,237.43159296,23031,42.928896,-88.837051,761,8.2,458,202,61,0.299999999999999,2,81,-8
"505",583,792,2,"",210,110,NA,0.084509804,135,NA,128.1,10.3,NA,NA,28,137,1,0,0,366,1,213.395984,78103,42.928896,-88.837051,761,8.2,458,202,61,0.299999999999999,2,81,-8
"506",584,792,4,"",210,120,72.85223368,0.065321251,133,46.28156526,18,0.8,55,1.3,12,100,0.9,0,0,69,1,194.33717116,13409,42.928896,-88.837051,761,8.2,458,202,61,0.299999999999999,2,81,-8
"507",585,792,5,"",NA,NA,NA,0.117855316,131,47.14274685,8.9,2.4,41,NA,8,NA,NA,NA,NA,0,0,0,0,42.928896,-88.837051,761,8.2,458,202,61,0.299999999999999,2,81,-8
"508",587,798,4,"",NA,65,NA,NA,NA,NA,0.1,0.1,NA,1,0,0,4.5,NA,NA,0,0,0,0,46.592441,-90.883789,933,4.9,459,145,58,-3,3,24,-11
"509",588,803,5,"1",NA,125,64.18181818,0.022011407,142,48.21351519,9.6,NA,24,0.4,0,64,0.3,NA,NA,0,0,0,0,30.39604,-88.885307,1722,19.8,718,106,71,11.9,262,-15,2
"510",589,803,5,"3",288,110,64.62585034,0.047712125,152,40.27682885,1.6,NA,135,0.8,2,79,1.5,NA,NA,0,0,0,0,30.39604,-88.885307,1722,19.8,718,106,71,11.9,262,-15,2
"511",590,806,2,"1",208,90,73.94067797,0.069897,136,47.8318004,26.5,2.4,164,0.3,3,109,1.3,6,0,65,1,233.34043916,15167,39.165485,-86.52668,793,11.9,523,196,61,4,67,75,-8
"512",591,824,1,"",248,50,79.09516381,NA,161,104.8595678,6.6,0.4,80,0.5,0,76,0.7,1,0,12,1,146.15032,1754,36.865762,-87.488556,1041,14.2,499,289,60,6.3,43,168,-9
"513",592,825,3,"1",231,175,71.08571429,0.093899782,133,39.84769977,10.9,1.4,126,6.9,14,83,0.3,2,0,17,1,346.3334816,5888,41.878002,-93.097702,1130,9.1,531,151,60,1.2,75,30,-9
"514",593,831,1,"",231,85,71.6904277,0.08646125,132,48.75221369,132.2,13.2,151,1.4,12,141,1.3,0,1,334.82,1,171.35055616,57372,39.993684,-81.734016,483,10.7,470,249,60,2.8,14,128,-9
"515",594,831,2,"",238,120,73.99080225,0.060205999,135,68.2361566,12,1.6,109,1.5,3,60,2.6,0,0,6,1,85.3436576,512,39.993684,-81.734016,483,10.7,470,249,60,2.8,14,128,-9
"516",595,837,1,"",264,125,73.94514768,0.063616167,NA,62.13593058,11.3,1.5,80,2.4,2,107,0.2,1,0,22,1,192.46611592,4234,37.083389,-88.600044,1086,14.1,491,262,63,6.2,35,141,-6
"517",597,837,3,"",236,130,74.85789244,0.106026945,132,59.86266482,70.7,8.1,92,1.8,11,156,0.1,0,0,55,1,193.8452336,10661,37.083389,-88.600044,1086,14.1,491,262,63,6.2,35,141,-6
"518",598,837,4,"",270,200,77.56457565,0.075257499,NA,84.17986736,8.4,0.8,108,0.6,0,94,0.1,0,0,11,1,93.9417304,1033,37.083389,-88.600044,1086,14.1,491,262,63,6.2,35,141,-6
"519",599,837,5,"",254,135,76.67713389,0.095424251,134,55.94004006,65.9,6.5,35,0.9,8,157,0.1,0,0,66,1,156.5794,10334,37.083389,-88.600044,1086,14.1,491,262,63,6.2,35,141,-6
"520",601,851,2,"",NA,120,76.59906396,NA,NA,77.60851408,0.2,NA,62,1.7,NA,NA,1.8,NA,NA,0,0,0,0,46.137636,-62.551315,1356,5.9,422,87,70,-2,-34,-34,1
"521",602,851,3,"3",NA,NA,NA,NA,NA,NA,0.2,NA,NA,NA,0,0,7,NA,NA,0,0,0,0,46.137636,-62.551315,1356,5.9,422,87,70,-2,-34,-34,1
"522",603,851,5,"",NA,120,80.92068774,NA,NA,82.58655757,0.3,NA,140,1.428571429,0,0,4.5,NA,NA,0,0,0,0,46.137636,-62.551315,1356,5.9,422,87,70,-2,-34,-34,1
"523",604,864,2,"",199,75,74.8534202,0.092941893,135,55.11566053,3.9,0.5,104,0.8,9,183,0,0,2,22.64,1,262.874,5951,45.412512,-84.612534,430,6.2,390,264,58,-1.7,-66,143,-11
"524",606,880,4,"1",193,165,78.50526988,0.069897,136,49.21041118,27.7,NA,82,19.2,9,91,5.3,8,1,47.82,1,320.40965928,15322,48.182659,-67.148071,1062,2.5,465,70,60,-5.4,9,-51,-9
"525",607,888,1,"",208,105,77.07889126,0.139794001,132,72.72205208,26.1,NA,99,1.1,5,70,4.7,12,0,65,1,231.998704,15080,44.33782,-72.756264,544,5.6,524,82,59,-2.3,68,-39,-10
"526",609,890,4,"1",203,140,73.51664255,0.058337418,136,35.20386206,11.9,1.5,76,1.3,13,87,1.4,0,0,46,1,208.54107484,9593,36.615425,-81.600121,841,9.1,610,17,64,1.2,154,-104,-5
"527",610,891,3,"1",276,110,73.92405063,0.095424251,133,61.89110816,1.9,NA,225,1.8,0,53,0.7,NA,NA,0,0,0,0,35.696051,-82.065384,950,14.3,581,209,57,6.4,125,88,-12
"528",611,891,3,"2",241,125,71.99816682,0.065321251,150,41.12032264,17.3,2.1,213,8.3,14,110,1.3,13,0,20,1,217.8019674,4356,35.696051,-82.065384,950,14.3,581,209,57,6.4,125,88,-12
"529",612,891,4,"",206,80,66.62387677,0.060205999,137,NA,15.2,1,204,0.7,4,106,3.8,0,0,64,1,205.86454792,13175,35.696051,-82.065384,950,14.3,581,209,57,6.4,125,88,-12
"530",613,892,3,"",207,110,74.26379609,0.082262521,131,54.69346536,33.4,3.5,79,8,18,104,0.2,0,0,55,1,254.515824,13998,42.963947,-78.737808,135,8.7,443,135,69,0.799999999999999,-13,14,0
"531",614,893,1,"",205,130,76.05300521,0.033447777,129,47.42742527,131,11.3,180,1.7,12,95,0.5,3,0,90,1,261.79492108,23562,45.504651,-73.597115,499,6,437,147,61,-1.9,-19,26,-8
"532",616,893,4,"",219,60,70.67137809,0.060205999,134,42.11250201,15.2,1.5,148,24.44444444,5,100,0.6,2,0,16,1,245.936065,3935,45.504651,-73.597115,499,6,437,147,61,-1.9,-19,26,-8
"533",617,893,5,"",NA,NA,74.41553295,0.100343332,132,NA,NA,NA,NA,NA,17,NA,NA,NA,NA,0,0,0,0,45.504651,-73.597115,499,6,437,147,61,-1.9,-19,26,-8
"534",618,908,1,"",204,100,79.18705307,0.10326877,130,49.42719714,100.7,NA,110,1.2,12,153,0.3,64,0,188,1,232.16926,43648,42.02335,-93.625626,1168,9.2,532,145,60,1.3,76,24,-9
"535",619,908,2,"",209,135,70.88859416,0.117855316,130,49.77174667,36.4,2.2,51,1.4,3,0,0.6,0,0,61,1,284.37203392,17347,42.02335,-93.625626,1168,9.2,532,145,60,1.3,76,24,-9
"536",620,908,3,"",220,115,69.07001045,0.082262521,131,42.66149715,9.8,0.7,160,1,9,91,0.3,5,0,27,1,248.69150436,6715,42.02335,-93.625626,1168,9.2,532,145,60,1.3,76,24,-9
"537",621,908,4,"",220,150,68.95943563,0.108635956,131,36.54714577,6.5,0.7,155,0.8,3,82,0.1,4,0,19,1,174.44093768,3314,42.02335,-93.625626,1168,9.2,532,145,60,1.3,76,24,-9
"538",622,914,1,"",200,100,77.35129639,0.106026945,131,59.32010291,86.7,0.1,270,3.5,4,120,0.4,70,2,160.64,1,181.1419804,29099,44.355899,-72.446144,569,4.8,506,86,57,-3.1,50,-35,-12
"539",624,914,2,"",199,165,81.02030948,0.113465478,134,59.40984588,91.9,9.3,14,1.1,3,145,0.9,52,18,187.76,1,322.6507092,60581,44.355899,-72.446144,569,4.8,506,86,57,-3.1,50,-35,-12
"540",625,914,3,"",209,120,75.3968254,0.082262521,131,68.47412053,18.5,1.3,89,2.8,0,88,0.7,23,0,30,1,269.5330468,8086,44.355899,-72.446144,569,4.8,506,86,57,-3.1,50,-35,-12
"541",626,914,4,"",204,170,71.30434783,0.10326877,132,43.65748541,17.1,1.6,97,1.2,12,89,NA,11,4,44.28,1,275.36746,12193,44.355899,-72.446144,569,4.8,506,86,57,-3.1,50,-35,-12
"542",628,915,2,"",185,70,77.76475758,NA,NA,48.06598302,23.4,2,29,0.4,NA,NA,1,0,21,55.22,1,302.155936,16685,44.466992,-73.170837,511,6.7,453,130,63,-1.2,-3,9,-6
"543",629,915,3,"",NA,135,75.4714544,NA,NA,50.67084919,6.3,2.7,102,0.8,0,0,2.3,NA,NA,0,0,0,0,44.466992,-73.170837,511,6.7,453,130,63,-1.2,-3,9,-6
"544",631,915,5,"",188,90,47.6366517,0.129040889,131,59.0969272,16.4,1.5,99,2.4,9,106,0.5,0,11,46.02,1,219.45942688,10100,44.466992,-73.170837,511,6.7,453,130,63,-1.2,-3,9,-6
"545",632,6,1,"",NA,85,NA,NA,NA,NA,1.4,NA,NA,7,0,0,3.5,NA,NA,0,0,0,0,42.470627,-76.523911,300,8.9,417,224,62,1,-39,103,-7
"546",633,6,2,"",NA,105,80.18468642,NA,NA,84.36070489,0.3,NA,516,1.666666667,0,0,0,NA,NA,0,0,0,0,42.470627,-76.523911,300,8.9,417,224,62,1,-39,103,-7
"547",634,6,3,"",NA,110,75.78975312,NA,NA,54.01637981,2.9,0.2,132,0.1,0,0,0.8,NA,NA,0,0,0,0,42.470627,-76.523911,300,8.9,417,224,62,1,-39,103,-7
"548",635,6,4,"",NA,115,81.74386921,NA,NA,NA,0.5,0.1,156,4.111111111,0,0,0.8,NA,NA,0,0,0,0,42.470627,-76.523911,300,8.9,417,224,62,1,-39,103,-7
"549",636,6,5,"",NA,60,NA,0.100343332,NA,NA,0.1,NA,NA,26.25,9,80,NA,NA,NA,0,0,0,0,42.470627,-76.523911,300,8.9,417,224,62,1,-39,103,-7
"550",637,8,1,"",195,110,81.65230613,0.117855316,130,65.61388158,8,1,57,1.2,20,NA,0.5,9,5,38.1,1,113.52254712,4325,42.470627,-76.523911,300,8.9,417,224,62,1,-39,103,-7
"551",638,8,2,"",186,85,77.09011944,0.08646125,131,53.28345743,7.1,1,37,1.9,9,0,0.3,6,16,43.12,1,219.70297712,9474,42.470627,-76.523911,300,8.9,417,224,62,1,-39,103,-7
"552",639,8,3,"",200,130,73.04347826,NA,132,63.95750509,NA,NA,146,8.5,9,NA,0.571428571,NA,NA,0,0,0,0,42.470627,-76.523911,300,8.9,417,224,62,1,-39,103,-7
"553",640,8,4,"",NA,150,67.54385965,0.117855316,NA,35.944996,NA,NA,245,1.2,3,NA,2.9,NA,NA,0,0,0,0,42.470627,-76.523911,300,8.9,417,224,62,1,-39,103,-7
"554",641,8,5,"",194,105,70.91722595,0.107918125,130,35.944996,2.5,0.1,128,0.8,9,97,3.125,0,0,88,1,-2.96501999999998,0,42.470627,-76.523911,300,8.9,417,224,62,1,-39,103,-7
"555",642,9,1,"",207,110,80.12085851,0.1161368,134,96.72391164,42.8,NA,61,0.9,1,124,5.2,31,5,108.1,1,293.13055984,31687,42.470627,-76.523911,300,8.9,417,224,62,1,-39,103,-7
"556",643,9,2,"",200,115,72.66907589,0.084509804,135,41.93263014,59.2,NA,8,3.4,14,81,0.1,33,12,184.84,1,246.4708,45558,42.470627,-76.523911,300,8.9,417,224,62,1,-39,103,-7
"557",644,9,3,"",215,160,68.58137511,NA,136,42.24842187,8.4,0.7,94,1.9,NA,NA,0.6,0,0,28,1,202.86527872,5680,42.470627,-76.523911,300,8.9,417,224,62,1,-39,103,-7
"558",645,9,5,"",209,100,75.87253414,0.084509804,134,NA,11.5,0.9,59,7,4,63,0.6,0,0,30,1,219.44921216,6583,42.470627,-76.523911,300,8.9,417,224,62,1,-39,103,-7
