"","Pop","Latitude","Longitude","Distance","MAT","MSP","CMD","RH","MAT_Distance","MSP_Distance","CMD_Distance","RH_Distance","Fruit_no_damage","Seeds","Flowering_Date","Leaf_Toughness","Water_Content","Growth_Rate","Bolt_Date","SLA","Above_mass","Below_mass","Num_Trichomes","Leaf_Herb_Sept","bug","Hight","Leaf_herb_July","S.florida","M.brevivatella","Leaf_Totphe","Leaf_pH_10","Flower_Totphe","Flower_pH_10","Fruit_Totphe","Fruit_pH_10","Leaf_Oenothein_B","Leaf_Oenothein_A","Leaf_Ox_Oenothein_A","Flower_Oenothein_B","Flower_Oenothein_A","Flower_Ox_Oenothein_A","Fruit_Oenothein_B","Fruit_Oenothein_A","Fruit_Ox_Oenothein_A"
"1",22,43.648016,-79.356773,46.87,7.8,361,226,67,-0.100000000000001,-95,105,-2,218.666666666667,42003,232.666666666667,113.333333333333,73.9597345266667,0.108635956,130.333333333333,50.6525578933333,89.2333333333333,11.2,84.3333333333333,1.53333333333333,8.33333333333333,144.333333333333,0.4,0.333333333333333,0,92.27737344,21.07984621,62.84858081,11.27111195,138.0367347,37.81244587,12.47718267,23.87700175,9.011039359,5.606325552,12.73064492,2.410150466,5.649726935,84.0540691,14.70998362
"2",23,43.632911,-79.325592,47.25,7.9,361,229,67,0,-95,108,-2,155.6,27122.2,184.4,138,72.299828522,0.0963541946,132.4,47.923906316,58,5.08,128.2,1.42,7.4,132,0.22,6.8,0,93.34327626,21.00056537,55.06279826,10.44899919,119.0435707,27.33969424,17.56978005,27.93956423,8.64812796,12.88133936,11.6873631,1.356715353,10.27878462,40.77050528,4.017873303
"3",181,40.1337,-86.15892,691,10.1,482,207,61,2.2,26,86,-8,0,0,NA,100,NA,0.087371251,157,NA,NA,NA,NA,0.7,0,NA,NA,NA,NA,74.78646307,16.89065064,NA,NA,NA,NA,2.301454082,22.17842776,3.616285898,NA,NA,NA,NA,NA,NA
"4",182,40.1337,-86.15892,691,10.1,482,207,61,2.2,26,86,-8,42,8022,230,140,69.68421053,0.084509804,136,69.62749668,12.2,1,55,1,0,93,0.3,0,0,101.8303955,21.20219433,102.8728095,24.74190983,170.9560443,31.65886989,4.109732895,28.67838428,8.988739262,25.72183302,39.50486097,1.517686122,20.72091847,117.1954809,11.53607552
"5",183,40.1337,-86.15892,691,10.1,482,207,61,2.2,26,86,-8,45.7066666666667,8425,206,91.6666666666667,74.57982591,0.0834232503333333,131,48.88057035,13.8666666666667,1.1,164.666666666667,2.8,9.33333333333333,74.5,1.5,0,5.33333333333333,83.8781529,25.00896919,44.04424322,10.37335731,111.7682366,33.79756065,62.54475815,7.022122905,4.020003657,27.21929341,6.882211538,0.5667,64.75974234,12.35840122,2.548476
"6",6,42.470627,-76.523911,300,8.9,417,224,62,1,-39,103,-7,0,0,NA,95,79.23943625,0.100343332,NA,69.18854235,1.04,0.15,268,7.8255555556,1.8,16,1.275,NA,NA,78.53313791,21.6046973,NA,NA,NA,NA,49.23032653,4.657332915,1.82750794,NA,NA,NA,NA,NA,NA
"7",8,42.470627,-76.523911,300,8.9,417,224,62,1,-39,103,-7,33.844,2759.8,193.75,116,74.049397886,0.10752250175,130.75,50.94896722,5.86666666666667,0.7,122.6,2.72,10,48.5,1.4792857142,5,7,80.58737653,19.06262281,50.31557288,13.18046621,88.11688486,19.14854843,62.52368116,5.280348278,2.6614,31.70271904,4.492868008,0.311586555,40.24907122,4.413968293,2.095473561
"8",9,42.470627,-76.523911,300,8.9,417,224,62,1,-39,103,-7,87.735,22377,207.75,121.25,74.3109609125,0.095052136,134.75,60.30165455,30.475,0.8,55.5,3.3,6.33333333333333,89.3333333333333,1.625,16,4.25,82.8160732,23.56557315,38.65979638,8.063595156,106.5181394,31.69925598,70.12406911,6.526646158,3.630624711,20.27139564,2.803412281,0.813427368,49.01163778,13.16054629,1.593440418
"9",378,42.470627,-76.523911,300,8.9,417,224,62,1,-39,103,-7,38.404,6756.6,212.333333333333,125,72.719083515,0.101944209,136,42.31014253,28.35,2.425,111,2.375,9.6,86,1.9,13.3333333333333,3.66666666666667,111.8448115,32.9010455,52.52740203,13.37818308,NA,NA,92.3631605,8.368505903,8.168702509,27.87264967,5.571797954,0.629396317,NA,NA,NA
"10",378,42.470627,-76.523911,300,8.9,417,224,62,1,-39,103,-7,38.404,6756.6,212.333333333333,125,72.719083515,0.101944209,136,42.31014253,28.35,2.425,111,2.375,9.6,86,1.9,13.3333333333333,3.66666666666667,114.3788662,34.33666255,52.52740203,13.37818308,NA,NA,92.3631605,8.368505903,8.168702509,27.87264967,5.571797954,0.629396317,NA,NA,NA
"11",379,31.744657,-88.18325,1559,18.1,578,342,58,10.2,122,221,-11,20,2010.5,251.5,157.5,72.427590415,0.1166872525,131,47.302502635,69.65,8.55,128.5,2.5,12.5,155,0.1,0,0,81.58947518,16.24734817,104.0576639,25.83270224,NA,NA,1.080531191,23.6769649,8.46956263,18.92731097,49.9731216,0.411896194,NA,NA,NA
"12",411,42.463813,-76.528893,300,8,439,169,64,0.0999999999999996,-17,48,-5,34.64,8121,210,130,73.68938401,0.074036269,141,51.77311552,34.3,4.3,60,0.4,10,107,0.1,26,2,80.76700715,25.04256561,54.85472659,14.5577366,115.6448967,28.59581617,63.5911592,5.856356084,3.974003783,37.74356652,10.43067584,0.484017361,85.59367726,17.55634162,1.787328414
"13",442,43.594882,-79.515846,48,7.8,362,222,67,-0.100000000000001,-94,101,-2,61.455,10120,213.5,111.25,73.5359474675,0.0951544995,134.5,52.130897245,19.575,0.3,117.75,5.7875,1.75,56,0.95,0,0.5,79.66284412,17.45849254,70.86276101,13.24581789,139.4109454,39.98833298,9.393115758,19.87963795,10.57400481,10.23207175,22.92702532,1.427503797,11.20790853,77.05334932,6.190361837
"14",447,35.9787,-78.876846,895,15.1,535,270,60,7.2,79,149,-9,66,10609.4,267.75,112,75.269244646,0.1046921352,133.4,61.6932852175,103.2,8.86666666666667,138.8,10.7,10.2,153.2,0.52,0,0,91.38741843,16.9874809,65.44396847,12.68215553,NA,NA,0.566718778,34.86669071,15.42587707,3.192221914,23.34007189,1.281133961,NA,NA,NA
"15",465,35.66419,-78.47168,933,15.5,549,262,61,7.6,93,141,-8,83.75,18203.25,255,102.5,76.8509557775,0.09428182375,149.25,77.949661125,55.65,6.725,104.25,1.125,1.5,119.25,0.575,0,0,75.42586785,17.5933072,66.00978812,11.94416235,136.8183863,39.32415327,3.280592627,28.72489631,5.354824373,9.657824448,26.83637089,0.216524399,14.6282808,106.1241964,2.086034196
"16",501,35.91668,-78.385292,907,15.3,542,256,61,7.4,86,135,-8,65,17244.1666666667,249.333333333333,167.5,71.3757619775,0.10122056,142.6,44.7383532175,51,5.34,123,4.425,4,107.833333333333,0.55,0,0,84.55247989,17.68120873,65.87778926,9.745997048,166.8401926,43.5471638,1.164774463,20.36230591,13.5310123,1.971981444,20.5872547,2.525264057,5.019257383,118.7129659,8.868495316
"17",512,35.94715,-78.90313,899,15.1,534,271,60,7.2,78,150,-9,0,0,NA,125,NA,0.028400544,210,NA,10.3,2.8,NA,1.6,NA,NA,0,NA,NA,NA,NA,NA,NA,NA,NA,NA,NA,NA,NA,NA,NA,NA,NA,NA
"18",514,35.71578,-78.656181,926,15.4,548,243,61,7.5,92,122,-8,15.6666666666667,1117.33333333333,254.666666666667,133.333333333333,77.40179868,0.115710298,161.5,69.0527812666667,13,3.2,85.6666666666667,1.6,0,132,0.533333333333333,0.5,0,69.69423969,13.11732836,67.22273596,11.98057899,114.6918975,27.17389081,0.7161389,20.75444627,8.896684965,18.19921162,20.62818538,0.761794311,52.0876065,21.06299878,3.979881663
"19",515,35.96879,-78.961891,896,15.2,536,276,60,7.3,80,155,-9,96.2,13158.6,257.6,119,72.64335509,0.12331830625,140.8,42.260085554,70.38,6.1,91,1.24,11,141.4,0.18,3,0,93.68021814,21.94444211,45.49587074,5.852835594,160.0728339,42.28108397,0.369002695,48.51663423,7.205875449,0.588612341,13.20754698,0.558400914,6.783193722,137.5177217,3.097466168
"20",516,43.649047,-79.5438,42,7.5,368,215,67,-0.4,-88,94,-2,66.3333333333333,14202.6666666667,231,115,76.881996435,0.088913787,135,49.59878506,65.15,6.75,121,2.7,9.66666666666667,132,0.6,11.5,0,95.31324178,21.14302156,58.33262354,11.76373837,134.8320587,35.59892659,1.540692147,64.80776007,6.387548904,4.100387266,24.56564932,0.210991814,5.287499096,93.54702662,0.991303365
"21",518,44.162759,-77.383232,174,7.1,351,217,65,-0.800000000000001,-105,96,-4,120.213333333333,29483.6666666667,204.333333333333,120,72.4258726366667,0.089153064,132,42.7690629566667,47,4.23333333333333,75.6666666666667,3.2,18,120,0.6,0,0.666666666666667,68.9462101,21.28234449,53.08060511,9.478585349,110.2517776,32.11535323,55.66244658,5.308945967,2.437003653,31.34207145,4.643564977,0.379671149,66.64991528,12.5843042,4.116395801
"22",570,43.962878,-79.522835,7,6.5,381,189,66,-1.4,-75,68,-3,57.635,8917.75,192,105,77.3621417775,0.08793567125,137,53.145737845,11.7,1.275,70.5,0.7,6.75,81.5,1.18333333333333,3.25,11.75,72.6789235,20.0071655,45.05163085,10.87675407,80.15838594,16.64813911,49.90310209,5.113676105,1.969543368,24.88124352,3.531713568,0.471148543,41.97337024,3.379536585,3.260914146
"23",571,43.962613,-79.523201,7,6.5,381,189,66,-1.4,-75,68,-3,6.91333333333333,664,207.5,98.3333333333333,78.614268335,0.060205999,134,68.151976655,2.63333333333333,0.95,174.5,1.062962963,3.5,29.5,2.36666666666667,10,7,68.83985659,17.73718763,45.34401745,9.931334318,72.28291305,11.17382923,49.16465798,4.342774095,2.218296073,26.39944494,3.640329077,0.159683202,20.36478667,1.681070171,0.673440141
"24",572,43.962613,-79.523941,7,6.5,381,189,66,-1.4,-75,68,-3,138.216,25502,194.4,112,78.833964656,0.11295291975,134.25,54.955324575,27.28,1.3,125.2,2.88,8.2,110.2,2.575,0.2,8.8,68.24012286,15.41430218,55.12552747,14.377741,85.19302632,19.6382374,44.33058037,4.172966427,1.631084675,23.91639857,0.116372283,0.646416107,60.60236411,3.639864599,5.229985721
"25",573,43.962762,-79.523209,7,6.5,381,189,66,-1.4,-75,68,-3,170.684,39346.6,200.8,101,76.943091106,0.082486234,133.8,57.897363148,49.84,2.825,107.4,2.3,8,80,1.8,5.5,7.75,62.98071289,16.20739646,42.67049687,11.85010055,96.15974313,29.12380227,46.14154061,3.896865119,1.695528656,24.87454821,3.018262649,0.259081944,56.13873783,6.602943548,4.03799824
"26",574,43.961764,-79.523544,7,6.5,381,189,66,-1.4,-75,68,-3,26.955,7065.25,195.75,91.25,75.122389555,0.0763726776666667,133,55.6782488866667,15.175,1.35,131.5,1.275,8.33333333333333,86.3333333333333,2.275,1,0.25,77.40752713,20.31400812,74.8662666,17.54256589,119.3483964,31.13919548,48.19256225,12.24089205,3.207180876,26.27032433,17.29320614,0.308564718,51.95891636,48.27139814,2.708592752
"27",658,42.004086,-77.126945,299,8,423,251,58,0.0999999999999996,-33,130,-11,33.892,3175.4,208,124,74.184552242,0.08640823525,133.666666666667,48.377557524,5,0.95,95,2.46,5.6,49.2,4.1711111112,1.25,0.75,76.33477896,22.85947124,61.29954657,18.08550077,107.5938247,24.94268226,56.94822992,6.263390748,3.177648622,38.2372673,7.904331745,0.214491374,41.68691356,15.71340909,1.837937109
"28",676,41.878114,-87.629799,701,10.1,470,135,69,2.2,14,14,0,129.8,32326,203.6,115,73.980068326,0.10521233,135,50.82824888,59.12,4.05,127.6,1.78,7,130.25,0.24,0,0,111.2278233,23.42040976,60.717765,9.026450475,165.9659315,43.64584233,0.498702543,49.60973839,16.26714699,1.937069561,24.18938659,2.534252,4.111953217,120.2470773,11.58102484
"29",688,49.157497,-121.951981,3255,10.1,359,164,72,2.2,-97,43,3,55.76,18658,207,148.333333333333,74.07925283,0.108229862,132,55.2889800866667,25.4666666666667,2.46666666666667,127.666666666667,3.1,13.3333333333333,93.3333333333333,1,16,1.33333333333333,93.22712434,27.6632892,56.53627865,13.84770719,135.9451656,40.97465854,79.02671404,9.503198511,1.34571335,40.90908558,6.646498011,0.028246445,102.9541491,23.64041829,0.371712293
"30",688,49.157497,-121.951981,3255,10.1,359,164,72,2.2,-97,43,3,55.76,18658,207,148.333333333333,74.07925283,0.108229862,132,55.2889800866667,25.4666666666667,2.46666666666667,127.666666666667,3.1,13.3333333333333,93.3333333333333,1,16,1.33333333333333,88.31040992,22.33632958,56.53627865,13.84770719,135.9451656,40.97465854,79.02671404,9.503198511,1.34571335,40.90908558,6.646498011,0.028246445,102.9541491,23.64041829,0.371712293
"31",689,49.283726,-117.631439,2941,8.2,243,365,66,0.299999999999999,-213,244,-3,24.34,1948.33333333333,190,101.666666666667,74.8824244266667,0.1018872385,133,64.6528261666667,6.4,0.65,88,1.03333333333333,11.5,72,6.06666666666667,3.5,5.5,89.80621873,23.87342069,72.33017495,16.78291857,100.6795856,20.52496672,67.27128682,6.129866162,3.976582626,50.94980644,6.362380429,0.564726794,40.80440711,3.552152846,2.049169971
"32",690,50.960833,-119.285599,3052,7.4,225,376,66,-0.5,-231,255,-3,11.5,2166.25,202,108.75,73.5804566366667,0.0987861805,140.333333333333,43.2189518833333,8.3,0.925,95.3333333333333,3.9,9.5,41.5,2.325,6.5,0,93.82022883,26.4656946,54.21122861,10.00952513,143.3894331,38.42421619,79.11261355,4.030055419,5.024863448,36.04176841,2.81000879,0.115332998,110.6316968,16.72494968,3.636895533
"33",691,49.762926,-117.473495,2927,7.9,224,374,66,0,-232,253,-3,20,3214,204,130,75.42759407,NA,NA,64.74840581,4.1,0.4,80,2.7,NA,NA,4.3,0,0,98.80684689,34.04862979,41.42050346,8.064133222,102.8109689,19.83879081,88.06997634,5.314946341,5.779260098,19.27410271,3.958363499,0.647115334,50.32139895,2.945108587,4.41219331
"34",692,49.610409,-117.563469,2934,7.8,239,361,66,-0.100000000000001,-217,240,-3,84.185,19116.75,205.5,141.25,75.942129195,0.0961128135,134,53.369520235,56.3666666666667,3.73333333333333,70.75,1.43333333333333,19.625,103.666666666667,2.375,26.25,1.75,72.59190722,19.6900155,69.21420551,17.61925936,108.7300291,31.24885504,48.38663753,3.655378521,4.088092958,48.13812972,6.088138244,1.006616953,65.06108169,9.32896117,4.952515885
"35",693,49.561061,-121.429169,3213,8.4,263,246,71,0.5,-193,125,2,162.613333333333,42913.3333333333,198,123.333333333333,73.06572577,0.0920890923333333,132.333333333333,52.4842595433333,64.8,4.05,121.333333333333,1.23333333333333,13,116,1.83333333333333,5.33333333333333,4,77.56339465,23.06565437,36.21684661,7.113818402,109.3842301,33.08951394,62.47369215,4.04148125,3.1769269,21.82673032,2.428605459,0.374612208,87.38782268,6.767312658,5.841943392
"36",694,50.018423,-96.774117,1464,2,341,208,59,-5.9,-115,87,-10,13.584,1552.2,187.5,121,71.858216088,0.11799235925,133,54.890698278,3.54,0.533333333333333,127.4,1.26,6,65.6,2.45,0.5,14,97.06808146,27.83213873,72.09962285,16.1584266,65.26439782,11.99209838,63.82814523,4.652226161,5.39506533,43.178087,7.007787298,1.090700907,21.5263784,1.098742604,1.868306213
"37",695,46.087816,-64.778229,1184,5.6,429,123,62,-2.3,-27,2,-7,46.716,7131.4,198.4,104,72.47484881,0.11724845775,132.75,51.395977158,13.86,1.2,97.2,3.22,5,95.25,0.8298412698,16.8,3.8,NA,NA,NA,NA,NA,NA,NA,NA,NA,NA,NA,NA,NA,NA,NA
"38",696,47.001544,-65.566162,1139,4.8,436,119,61,-3.1,-20,-2,-8,74.555,15881,198.75,161.25,72.12665674,0.0883203235,133.75,46.54215852,24.2,2.175,141.75,2.35,18,80.25,1.425,6.75,5.25,78.75020101,21.75979842,54.76486478,13.76762539,85.0339524,29.35304788,59.12175673,3.484845663,4.405292857,36.60860964,4.106439169,0.251310386,41.74856978,4.528221271,4.807046161
"39",697,45.485094,-75.474731,361,5.5,409,160,63,-2.4,-47,39,-6,94.064,24797.4,200,102.5,75.608743645,0.0940702946,133.2,54.37996515,39.75,2.56666666666667,74.5,1.05,17.4,105.333333333333,0.9,6.75,6.5,101.2165551,27.21092595,47.56268763,12.75767177,95.28324062,28.05036805,89.54070383,6.077943845,6.035264738,28.45272831,4.470927964,0.370322761,38.80693727,13.49704169,4.020719136
"40",698,43.544805,-80.248169,78,6.6,413,169,66,-1.3,-43,48,-3,62.8833333333333,15579,198.2,119.166666666667,73.3495887216667,0.0937696711666667,136.833333333333,48.87249477,41.75,3.4,129.333333333333,4.15,6.5,106,0.966666666666667,34.4,3,79.44293252,20.43594638,69.41319423,24.81794968,88.96798255,15.61993458,58.23658246,5.895412821,3.692817333,50.80119814,6.739008325,1.362926053,37.71051152,4.495261137,4.269053047
"41",699,44.927178,-78.725372,119,5.1,410,159,62,-2.8,-46,38,-7,40.6666666666667,8651.66666666667,197,128.333333333333,76.00010108,0.0974759763333333,136.333333333333,63.1850604733333,13.7666666666667,1.13333333333333,176,4,13.3333333333333,92.3333333333333,4.56666666666667,8,16.6666666666667,85.68223866,22.90451145,71.29077214,18.53619149,94.98431155,17.94080387,67.39598955,7.442568408,2.934897313,27.30663387,4.857655696,0.166735392,43.55714658,4.765472002,3.070312389
"42",700,46.137636,-62.551315,1356,5.9,422,87,70,-2,-34,-34,1,13.675,3278.25,192,142.5,71.319034595,0.0809835765,133.333333333333,54.4773964825,4.675,0.2,135.5,1.35,6.25,67,1.8,1.75,8.75,81.03982262,21.07399081,42.93995862,9.546902883,92.95375089,20.8224122,57.30799176,4.234669299,3.312556861,NA,NA,NA,24.9069622,2.3630094,1.679810772
"43",701,46.315411,-63.241093,1304,5.6,425,67,70,-2.3,-31,-54,1,127.696,27488.2,197.75,96,74.488305418,0.112962698333333,130,56.024716672,48.375,5.05,101.4,4.1041269842,15.75,102.25,0.62,0.5,3.5,77.41304438,18.24748515,39.40033772,9.417670697,101.258871,27.63198261,63.7259196,4.707290932,3.006934811,16.42417602,2.437145551,0.541849271,51.78025075,10.66615547,4.335490746
"44",702,46.461958,-63.453724,1290,5.5,419,68,70,-2.4,-37,-53,1,54.83,12360.5,195,117.5,76.7968792,0.09044281425,133.75,58.0655983775,10.2666666666667,0.833333333333333,85.5,0.9,10.75,68.3333333333333,2.175,10.5,6.5,63.53550188,18.16913751,49.81423261,11.94499796,89.95957976,24.26810596,49.35498387,3.20077445,3.361149821,26.734976,3.020603704,0.969372444,37.34627637,3.494124815,2.536386411
"45",703,45.50527,-73.600243,498,6,437,147,61,-1.9,-19,26,-8,63.5,13301,218,115,64.0326849675,0.07910400075,131.75,53.1034895475,30.15,1.9,123.5,5.05,12,98.6666666666667,2.97222222225,0,0,99.75868332,26.25997141,83.48271104,23.77240517,127.6186304,38.85060867,81.20093789,9.120605727,4.854805286,62.47000461,13.46572462,1.142669838,81.84635877,16.68665157,5.235050441
"46",704,45.958702,-73.219673,543,5.5,438,144,62,-2.4,-18,23,-7,64.775,10124,192.5,113.75,76.136754755,0.10030009075,134.75,68.6406939775,26.35,2.275,153.5,1.3,7.25,114.75,1.075,13.5,1.25,92.96381946,22.90016776,56.48778556,14.11241956,132.3771798,39.75791209,64.85064076,5.338203046,4.245777868,32.37515237,5.632357467,0.798268416,83.76369715,20.87007013,4.374368209
"47",705,45.501857,-73.600479,498,6,437,147,61,-1.9,-19,26,-8,270.85,80042.75,204.75,106.25,74.34896943,0.09885028575,132.333333333333,51.46518631,106.2,7.425,92.25,1.525,15.25,117.25,0.425,52.5,5,90.15844222,23.70440187,43.10631422,12.1537423,117.1006389,35.44420676,65.73966602,7.131744778,3.784213551,23.06814855,1.423711302,0.35665258,67.2643983,18.70780546,4.016649775
"48",706,47.592963,-79.487495,396,2.9,429,126,60,-5,-27,5,-9,67.776,17522.8,224,121.25,74.9359524525,0.1018628985,132,47.34127953,33.175,3.63333333333333,42.75,5.6,9.5,66.6666666666667,3.625,13,8.5,72.23042667,22.18752925,46.43832425,11.75844411,104.1152037,27.78157072,54.80635907,6.057778052,3.075581315,32.89195286,2.467987836,1.326821085,56.38421007,7.391533719,6.182150579
"49",707,48.182726,-67.147804,1062,2.5,465,70,60,-5.4,9,-51,-9,1.91,251.5,189,100,78.25962847,0.0918451395,133,63.718948355,1.4,NA,107,1.45,7,53,0.1,0,1,78.26591008,20.87092893,56.63748733,14.67151537,NA,NA,55.00350221,3.708855599,4.179715128,38.51374829,3.110062096,0.060512966,NA,NA,NA
"50",708,46.810776,-71.290688,716,4.8,527,43,65,-3.1,71,-78,-4,88.284,21355.8,202,106,74.139621618,0.1011315518,133.6,46.86888176,32.74,3.44,51,2.36,13.2,93.8,0.86,7.4,6.2,89.27717158,26.92524125,38.68998326,9.211269362,101.5467283,31.25793017,79.90743948,6.038819616,4.898014194,20.51673186,2.604284119,0.379962084,63.63315994,7.250095729,4.677602062
"51",709,31.103711,-87.071533,1579,18.3,753,182,57,10.4,297,61,-12,0,0,NA,97.5,76.9000929,NA,163,72.880984325,NA,NA,228,0.1,0,0,0.8,NA,NA,95.31990308,19.05068901,NA,NA,119.2924522,31.75170162,1.245034689,56.47047526,2.430683293,NA,NA,NA,NA,NA,NA
"52",710,31.105178,-87.072189,1579,18.3,753,182,57,10.4,297,61,-12,0,0,289,82.5,77.54476219,0.109811823,164.333333333333,71.2703556666667,15.4,0.35,111.333333333333,0.866666666666667,0,83,0.333333333333333,NA,NA,64.24269087,12.56100442,60.27143163,17.1372534,NA,NA,0.56166072,17.28324338,4.559006597,43.64214067,5.85721998,0.219072452,NA,NA,NA
"53",712,31.090742,-88.228012,1626,18.5,691,215,60,10.6,235,94,-9,11.66,2042,225.5,143.333333333333,76.00199406,0.0795942795,167,56.6010060166667,7.925,1.25,138.666666666667,0.177777777666667,10,56,2.80625,10,2,72.93336209,19.84291888,42.00010402,9.5883756,109.7777769,31.04288028,23.34190434,24.28191463,1.666379024,17.46199353,2.78564787,0.112035088,87.44429114,11.51540374,7.894938454
"54",713,36.002981,-94.288231,1538,14.5,531,252,59,6.6,75,131,-10,17.32,1965,234.5,126.25,70.0716785625,0.0627968473333333,194,57.5409798975,9.95,1.225,105.75,1.2625,0,311.333333333333,0.375,0,1.33333333333333,66.30877295,15.6335714,94.82826575,22.61897161,151.3957482,39.44647728,0.502466411,17.18767255,7.120239673,11.0195331,44.53903641,2.608945621,8.422436341,111.9931918,5.17632994
"55",714,34.503701,-93.055176,1570,16.4,580,255,59,8.5,124,134,-10,7.33333333333333,1246.66666666667,258,125,73.5686612833333,0.120411998,167.5,60.6171566233333,7.53333333333333,0.666666666666667,91.6666666666667,0.771428571333333,0,90,2.83333333333333,0,0,81.08380706,15.37687302,51.04879337,12.69979643,158.6936264,45.48058572,0.505329231,29.79003846,3.702073846,2.092908358,12.97820771,0.176434129,3.629279388,122.0607168,4.987775
"56",715,35.491971,-90.358101,1323,16,482,316,63,8.1,26,195,-6,113.75,23935.25,245.25,143.333333333333,76.81297951,0.1121566545,134.75,55.7279382025,64.225,7.7,116.25,1.375,9.75,129.5,1.62962962966667,0,0,105.1850966,24.19565986,53.94877327,12.05605158,161.3402563,40.09006531,0.766238764,34.3881716,12.63765414,5.190335644,11.22195421,1.334439109,10.32903883,117.7679057,11.7034
"57",716,36.974115,-122.030792,3643,13.5,32,691,61,5.6,-424,570,-8,33.14,5834.5,192,128.75,76.5108578525,0.086007965,135,50.936015205,18.7333333333333,1.7,132,2.16875,6.5,80.5,2.27222222225,7.5,4,93.00973033,28.34804302,NA,NA,139.5595151,36.58491041,81.28143415,8.706634615,2.645671179,NA,NA,NA,99.61641826,11.96161865,5.469339941
"58",717,37.350831,-107.856895,2491,7.9,224,653,45,0,-232,532,-24,30.368,3727.6,202.25,99,72.11741011,0.102066717,132,57.873182764,10.82,1,119,3.38,7.4,62,1.56,10.75,3,86.64745158,22.19088124,NA,NA,125.5881585,36.31393388,64.67248495,6.573824636,3.800310888,NA,NA,NA,78.11897241,15.3318407,8.012843089
"59",718,47.677676,-116.780602,2892,8.4,191,475,61,0.5,-265,354,-8,20.515,3649.75,185,111.25,72.9137196925,0.09737693175,133.5,47.83868184,4.05,0.4,149.25,1.05,13.75,66,0.726190476333333,1.5,8.25,80.60736977,20.25113419,38.25601057,8.727618316,72.50754346,10.06192788,58.06742241,4.843586128,4.871743191,18.8296472,2.820157908,0.214267913,26.28931,2.971912053,2.708578148
"60",719,45.173222,-113.901314,2710,7,135,726,49,-0.9,-321,605,-20,12.172,1655.6,192.2,126,77.804215938,0.0955022658,132.2,60.367551576,3.28,0.433333333333333,129.4,1.16,10.4,63,4,1.5,5.75,75.0238256,19.64327846,52.41624796,12.76924245,69.84041232,15.60988249,51.3663229,3.794094518,4.320498258,36.4798793,4.255130615,0.459911621,43.27003083,4.23381278,2.596117951
"61",720,38.52005,-89.983994,1066,12.9,462,270,63,5,6,149,-6,117.55,29749.5,236.5,107.5,78.690317245,NA,196,69.53921296,42.7,0.9,115.5,2.15,7,190,0.6,1.5,2.5,69.16725962,16.8831411,49.71566849,10.89659431,110.4943766,26.66765787,23.0287037,12.89864166,6.999806285,22.66923508,4.702994753,0.178268066,55.01011541,21.50684416,3.736914401
"62",723,39.725328,-89.91066,983,11.7,479,230,62,3.8,23,109,-7,153.948,36320.8,233.8,102,73.554476458,0.1113158414,130,55.886060302,58.225,5.4,125.8,1.84,14.6,130,0.32,24.6,1.4,79.89384307,14.78930684,48.39069657,8.57135573,154.414756,42.0964832,0.419504235,18.85524235,11.27636571,1.57894862,11.7664137,1.574049574,4.469714727,94.13171938,5.575735223
"63",724,39.165325,-86.526382,793,11.9,523,196,61,4,67,75,-8,0.666666666666667,0,260.333333333333,78.3333333333333,73.0185957666667,0.0804047033333333,149.333333333333,55.5137181966667,2.5,0.1,171,1.35,6.33333333333333,72.6666666666667,0.4,0,0,92.60018038,13.68536364,101.2323717,20.82990818,NA,NA,0.603858299,63.37234343,5.618645519,4.809703012,50.97139056,0.349836948,NA,NA,NA
"64",725,41.4942,-87.521706,711,9.9,492,162,65,2,36,41,-4,51.6,32402.2,226.6,108,72.16040279,0.0898734088,132.6,38.24140957,22.18,3.9,100.8,1.34,9.4,93.4,1.92,1.2,0,102.9421753,29.7821923,66.30130118,10.59933948,142.3953875,42.10961254,1.956527679,38.57759301,11.64437917,5.285606834,22.57552889,0.386874171,3.078093611,88.31359955,1.912198217
"65",726,41.466711,-86.48307,635,9.7,490,197,61,1.8,34,76,-8,191.348,38285.4,208.2,130,74.5034311125,0.11689069325,130,49.78371724,64.44,4.6,90.2,1.62,15,116.75,0.64,8.4,1.4,110.6181028,25.71554426,54.47261073,9.716120411,129.0721456,35.94995693,5.157393722,56.28103797,8.28282957,7.503328976,14.9713439,0.88743678,2.06288218,68.50797374,15.1141134
"66",727,41.234169,-85.852814,603,9.5,465,202,62,1.6,9,81,-7,174,44420.2,233.8,133,75.524515202,0.0900019,133,49.14966263,83.74,7.5,150.2,4.48,11.2,114.4,0.6,0.2,0,83.9609259,11.63277155,59.77667037,12.00280344,131.1498974,38.24809259,5.655260546,36.56190199,13.0783595,6.059124268,17.71856203,2.83480129,5.610176996,62.61782226,14.52602866
"67",728,42.02335,-93.625626,1168,9.2,532,145,60,1.3,76,24,-9,47.25,8866.75,216.75,146.25,73.792860445,0.109481111,132,46.4833017675,32.325,3.3,97.75,0.525,9,126.5,0.525,9.25,0,91.96567679,26.05041432,62.90809983,14.03968387,96.37849597,27.82173113,69.86961988,4.244757666,4.736894461,36.80138323,5.626816377,0.687807146,44.2876431,11.3392479,2.147464226
"68",729,43.401875,-95.184128,1260,7.4,461,206,59,-0.5,5,85,-10,20.6,4832.8,176.2,108,73.921776972,0.0973380276,131.8,51.82482443,5.7,0.28,175.2,3.26,8,64.75,0.56,0.4,0,60.05487157,19.70813064,61.11828987,14.98927933,100.1278134,26.55192202,35.03058997,4.83290665,2.138167366,31.23678123,4.722356465,1.146312032,44.3863057,10.01016507,4.254147681
"69",730,36.865601,-87.488617,1041,14.2,499,289,60,6.3,43,168,-9,114,13915.6666666667,239.333333333333,128.333333333333,75.01473923,0.077815125,138,59.18331048,63.8666666666667,6.26666666666667,164.333333333333,1.5,1,115.5,0.4,0,0,87.30052989,16.03426786,60.69817042,9.93540207,61.8882285,10.77818777,0.729483562,44.81518646,2.920110795,1.27297719,22.04216848,0.114619198,1.357436406,22.85623272,0.119445161
"70",731,37.443889,-85.743614,899,13.4,561,180,61,5.5,105,59,-8,55.256,5043.8,213.4,95,72.1291275375,0.0727876976,135.4,57.12800662,18.96,1.83333333333333,95.3333333333333,1.56,7.6,98.25,0.04,0,0.8,85.3347463,16.82390662,NA,NA,113.0325484,26.72104725,1.1243016,18.07727,17.6612541,3.325525651,11.995914,1.278903784,3.397943885,43.12308757,7.190829089
"71",732,37.083401,-88.599953,1086,14.1,491,262,63,6.2,35,141,-6,51.764,14310.2,253,142,74.809650084,0.0984997534,144.75,63.681233454,53.22,3.96666666666667,177.2,3.2,1.8,130.8,0.24,0.2,0.2,83.74609999,22.00021107,41.71004977,7.792313142,151.0914317,39.29870644,0.754114785,15.40075063,11.8863282,1.667349457,6.655766705,0.360741862,5.765107029,102.7863771,3.29136999
"72",733,39.290385,-76.61219,780,12.9,494,190,66,5,38,69,-3,19.82,5033.75,258.333333333333,120,82.3349048666667,0.0850151673333333,167.333333333333,85.7744947233333,12.3,1.575,104.666666666667,0.51785714275,0,75.25,0.7,6.5,2,86.78107225,17.95329833,40.46388889,6.345670109,NA,NA,18.650356,18.0392679,8.752109333,1.106780248,9.549765509,0.353544119,NA,NA,NA
"73",734,45.412512,-84.612534,430,6.2,390,264,58,-1.7,-66,143,-11,50.656,6638.4,203.8,113,69.51453868,0.08020586,136.2,51.19296849,8.08,0.56,97.4,1.62,9.8,84.4,3.165,0,0.8,82.91771095,18.37191102,54.71491437,14.35630682,66.58601791,16.19497628,56.96285579,6.006185963,3.279910963,34.54222545,6.008453881,0.318820363,35.04659143,8.803696742,2.617818947
"74",735,46.475225,-89.939888,859,4.3,480,115,60,-3.6,24,-6,-9,128.22,28635.6666666667,201,120,75.8110611933333,0.1087692575,131,44.49740591,44.5,3.86666666666667,91.3333333333333,1.26666666666667,9.5,127.5,0.466666666666667,0.333333333333333,4.33333333333333,82.92053525,17.55583962,65.0904808,16.18765754,120.9414677,34.20229372,44.64033019,9.354022062,6.692729499,35.02604831,13.10962886,0.695243018,51.37633805,35.13655605,6.843965388
"75",736,30.396033,-88.885307,1722,19.8,718,106,71,11.9,262,-15,2,0,0,NA,120,NA,NA,NA,NA,NA,NA,NA,0.428571429,0,NA,NA,NA,NA,72.3153641,12.91296526,NA,NA,NA,NA,6.719632926,26.70654354,3.361619863,NA,NA,NA,NA,NA,NA
"76",737,36.991148,-91.49263,1277,13.2,517,271,57,5.3,61,150,-12,51,1003.66666666667,158.333333333333,73.3333333333333,75.3505897066667,0.0792165286666667,135,53.24816287,43.9333333333333,5.65,57,1.96666666666667,8.66666666666667,130.333333333333,1.93333333333333,0,0,102.0123446,32.25544044,25.64809229,2.94639961,102.5968325,25.73488159,6.788333121,53.69249265,2.804027829,2.328564519,3.057882486,0.541815501,4.104669904,44.32466281,5.018771716
"77",738,36.991165,-91.492638,1277,13.2,517,271,57,5.3,61,150,-12,38.2133333333333,9431,242.333333333333,110,70.46399682,0.115809793,131,46.4540171833333,22.8333333333333,2.1,77,1.3,9.5,119,0.2,0,0.666666666666667,101.8743637,19.51879345,57.77893144,10.13775235,129.2934943,33.30084341,5.06267458,44.36808736,7.413084995,6.585711978,12.38760065,2.52644334,2.215775749,77.52216317,4.635835928
"78",739,38.642541,-90.32373,1081,12.7,459,267,63,4.8,3,146,-6,14,2348.8,248.75,95,78.8853104266667,0.121819782,182.666666666667,72.6663552633333,11.22,1.66666666666667,87,1.175,1.5,67.3333333333333,0.62,0,0,89.86706645,31.50422005,70.77038944,16.66717552,138.7087429,37.0459084,0.759355902,44.61624878,5.890949366,3.434189698,32.29240704,0.587333065,8.429601036,108.833538,1.628308383
"79",740,36.757039,-90.392883,1222,14.3,480,330,59,6.4,24,209,-10,127.4,28712,201,146.25,71.4447737775,0.118417798333333,129.333333333333,39.575019185,58.8,3.425,77,0.8,5.8,118.75,0.875,0,0,95.9634801,19.01272248,67.82611837,14.70806634,112.402588,28.39586399,14.516586,35.12177692,7.536383077,11.39396835,16.68739297,2.024665443,5.524793102,57.00032412,4.596044521
"80",741,42.742517,-71.589531,660,8,467,170,58,0.0999999999999996,11,49,-11,37.928,8223,198.5,119,72.765087295,0.063601701,136.5,52.2872509875,17.18,1.8,83.5,3.2066666666,11.4,65.5,1.205,0,0.5,98.95797493,23.26467057,47.98755135,11.84199162,105.2319448,22.63544336,73.70655549,8.325495364,3.040537628,26.70829579,3.424108115,0.21172281,71.88962751,8.6432643,2.41580217
"81",742,40.796795,-74.481506,550,10,572,113,60,2.1,116,-8,-9,231.66,35656.5,234.75,105,76.42386958,0.1144877735,131,51.0918645433333,93.225,7.2,156,2.8,7.75,124.5,0.65,0.75,0.5,105.4563443,28.82406021,33.53472392,6.352339065,145.4823339,46.20227778,84.31065841,4.734053815,5.223532289,13.33096803,1.179001232,0.28479931,72.31790707,14.01735088,3.868010526
"82",743,40.672486,-74.357536,567,11.1,555,122,63,3.2,99,1,-6,99.6666666666667,23026.6666666667,214.5,106.666666666667,70.1163908166667,0.0830161736666667,135.666666666667,46.6402236433333,50,4.7,121,1.2,8.33333333333333,99.5,0.45,0.5,0,89.61208015,22.5156734,24.50074589,4.60054893,134.4003279,29.48816247,5.296972973,46.78509134,3.917341542,1.252089826,0.50373201,0.305215285,3.900033563,82.44328364,3.970557319
"83",744,42.142852,-77.054688,291,8.1,429,231,59,0.199999999999999,-27,110,-10,94.692,8913.4,222.6,126,75.32353963,0.0977271802,139.4,53.90289961,46.46,6.5,92.2,1.26,4.8,84,0.30277777775,13.4,0.6,92.94996861,23.93542855,42.40839234,10.66757875,99.52533941,26.1547856,72.18323301,8.56622971,3.074674078,21.67323436,3.207843857,0.595796965,38.34093451,4.995846614,2.106334163
"84",745,42.142852,-77.054688,291,8.1,429,231,59,0.199999999999999,-27,110,-10,111.364,25462.2,213,118,74.781619224,0.0959986438,132.8,48.220268162,35.94,3.66,53.4,1.88,10.6,108.4,0.48,10.2,0.2,97.96518684,26.45413358,42.97162522,10.78272675,78.92044461,21.17042756,86.41084938,10.22602941,2.918151557,25.5084525,3.76406625,0.4546787,43.67356204,8.61925636,1.37270274
"85",746,41.778461,-73.748108,535,8.5,506,157,57,0.6,50,36,-12,157,36977.5,231,147.5,71.945196675,0.1031851385,130.5,40.138038015,80.75,7.6,149,3.25,12.5,126,1.55,2,0,102.4460378,19.7016535,71.02108067,18.87877683,161.800302,39.78581713,0.775771695,36.58714005,14.22371862,3.51493852,27.15345026,1.194887143,4.792986451,110.4232732,13.80585773
"86",747,42.829807,-78.636429,152,8.2,461,152,65,0.299999999999999,5,31,-4,121.764,14787.4,205,158,75.79050702,0.1044606832,131.4,53.012031998,37.02,4.48,122.4,3.9,9,112.4,0.82,6,0.2,69.81881264,20.30020418,58.09773007,13.99487329,99.19738651,21.90020385,31.97358673,9.393609119,6.511599385,28.76631934,8.279192602,0.952516429,28.5720858,20.0540075,3.6465758
"87",748,42.829806,-78.636436,152,8.2,461,152,65,0.299999999999999,5,31,-4,33.764,5957,223.75,101.25,72.43817142,0.104479719,131.5,50.2871227975,25.6,3.15,87.25,1,11.25,109.25,0.95,20.75,0.25,72.89064083,19.84192411,55.93207301,12.97170135,97.56142318,22.79833827,49.83490882,6.95169227,0.447479683,36.40129714,2.985364662,0.083329825,60.56403351,12.11995202,0.192557185
"88",749,42.829806,-78.636436,152,8.2,461,152,65,0.299999999999999,5,31,-4,72.6,16476.2,218,108.2,72.948456046,0.0934076045,133.25,52.40693383,39.24,1.73333333333333,105.4,1.2822222222,8,92.5,1.02,1.8,0,95.75621689,24.91090016,44.19687248,11.07133994,112.2808164,33.57305334,77.90526503,7.198106915,2.837901618,20.26024807,0.626044701,0.390021999,77.53551855,11.86328431,3.382226848
"89",750,42.829806,-78.636436,152,8.2,461,152,65,0.299999999999999,5,31,-4,59,10206,224.5,117.5,72.772271155,0.07577105575,134.25,43.2302136625,41.925,4.2,88.75,2,8.25,81.5,0.575,41.5,0,63.74107293,14.34461148,46.15485466,11.94874091,97.54638112,25.85402296,44.40718485,6.39873,0.2194815,24.32535207,0.525185961,0.159870345,60.70895471,11.27063113,0.117158725
"90",751,44.310051,-73.352631,496,6.8,417,174,62,-1.1,-39,53,-7,10.39,2193.66666666667,198,111.666666666667,74.9574511183333,0.1085568772,132.5,51.7210814716667,5.36,0.75,239.5,1.25,8.8,98.4,2.25,5.4,7.4,96.99809812,26.44184306,36.59665453,8.95359874,92.45160903,26.00096335,71.32623916,5.242864328,4.773121394,18.57022374,1.832491067,0.767271465,57.12940689,5.018620479,3.743664321
"91",752,42.167019,-76.820511,303,8.4,424,242,60,0.5,-32,121,-9,59.748,8889.4,215,110,74.64724162,0.0771315568,135.4,53.037035786,22.38,1.525,134.2,3.42,16.4,80.4,1.6,1.2,1.4,83.61288444,24.66271801,33.29905114,8.026439836,127.9265721,38.58015953,73.14871558,5.286904346,4.747523077,4.035681333,0.51154321,0.109206222,74.70190814,13.90040218,5.767085204
"92",753,43.082556,-78.968094,115,8.8,425,169,67,0.9,-31,48,-2,139.364,23273.4,225.8,92,75.599146514,0.1043683286,130.6,48.713508058,87.66,8.975,153.4,1.9,9.6,115.2,1,20.8,0.2,NA,NA,NA,NA,NA,NA,NA,NA,NA,NA,NA,NA,NA,NA,NA
"93",754,43.082556,-78.968094,115,8.8,425,169,67,0.9,-31,48,-2,75.092,14444.2,237.8,113,77.09228227,0.112465481,131.5,55.298960862,46.54,5.13333333333333,114,4.32,8.75,124.5,0.76,8.8,0.6,91.2584986,23.98678719,54.3560586,12.34889389,112.8551021,30.35787356,83.67506525,6.7428348,4.289028641,33.33424867,3.811607411,0.754643465,64.29991733,10.60072963,2.071245037
"94",755,43.082556,-78.968094,115,8.8,425,169,67,0.9,-31,48,-2,133.092,33465.6,233,96,74.702271014,0.0776941396,132.4,49.6737673175,65.68,4.94,105,1.78,9.2,110.6,1.225,12.6,0.6,82.21071692,20.22433158,52.11539853,11.59921092,120.320225,31.1469303,72.93174476,5.360521092,3.353427295,33.9580409,5.259803678,0.515760139,74.84204423,12.15639177,2.521280572
"95",756,44.070702,-75.923096,290,7.1,410,187,63,-0.800000000000001,-46,66,-6,132.435,28783.75,231.25,93.75,75.122663305,0.11267134725,131.75,52.1650723666667,53.925,6.06666666666667,115.25,1.80833333325,10.75,119.25,0.65,10,1.75,85.27586659,21.68357224,49.21362117,10.92509736,127.0268552,30.13119618,76.99458927,5.643996991,3.862805015,32.12609277,3.693164043,0.717361928,100.6351441,13.83140728,4.479793887
"96",757,42.981389,-78.855278,129,8.8,437,144,69,0.9,-19,23,0,167.856,27117.6,222.2,106,78.011116814,0.0806401954,133.6,52.372530524,81.74,6.28,137.6,2.38,13.4,108.75,1.06,14.8,0.8,88.10842347,20.3845863,57.86683631,15.14667919,154.3153245,36.8955785,76.30379816,6.56993084,3.228017725,35.73731069,7.580086628,0.549322011,123.2551928,22.9261086,2.225362293
"97",758,42.981389,-78.855278,129,8.8,437,144,69,0.9,-19,23,0,167.005,31787.75,225,111.25,76.2779820175,0.10313792225,130.75,52.0332627725,86.95,9.4,127.75,2.775,9.5,106.25,0.65,14.25,2.75,97.7399891,26.34912968,52.46342073,11.03030319,146.441846,34.72031703,30.46215692,30.39577482,7.46792016,17.57610044,12.26707927,2.256115707,36.52259819,73.07487412,6.404336657
"98",759,44.22395,-74.464058,407,4.7,512,87,57,-3.2,56,-34,-12,56.9,8058.66666666667,184.666666666667,113.333333333333,73.0314830633333,0.120220158333333,132,50.71694526,12.9,1.85,72,4.8,18,84.5,2.31534391533333,1,11.6666666666667,82.74934051,21.88645639,36.38238999,8.502032081,54.18405722,6.692667286,69.0590156,5.632488676,4.915875591,17.69110482,3.478186496,0.558427811,18.60038688,1.034839109,1.793091584
"99",760,42.963947,-78.737808,135,8.7,443,135,69,0.799999999999999,-13,14,0,85.055,16859.25,200.5,133.75,70.6654591825,0.11632002,130.25,46.549021145,22.9333333333333,1.63333333333333,102.25,1.4,7,113,0.075,0,5.25,80.15185449,22.58043385,36.53451262,8.477102713,NA,NA,60.01718831,3.832630391,2.8244333,18.68364415,2.987388535,0.270772758,NA,NA,NA
"100",761,35.357709,-76.224503,1004,16.6,632,119,66,8.7,176,-2,-3,42.512,8129.2,202,138,74.105569388,0.099914777,132.75,65.281866128,33.775,3.275,161,1.245,8.8,98.2,1.68,0,2.66666666666667,83.55837208,21.3637555,64.93016638,16.91879097,91.25471555,26.92457497,47.02738466,13.64753885,6.728635789,34.95587691,11.45757108,0.52522098,30.49978799,26.2429834,4.017392969
"101",762,35.991865,-78.690216,895,15.1,530,266,61,7.2,74,145,-8,119.88,17196,249,146.666666666667,78.04731458,0.113465478,130,108.179815485,105.8,7.2,113.666666666667,1,1.5,89,2,0,1,92.59267698,20.71752929,48.47547614,10.99599189,178.4223756,57.64578288,0.743524184,28.49118942,12.91208368,9.898992018,12.91143366,0.737140214,80.55927086,69.25515853,4.634232511
"102",763,35.909561,-82.213181,930,11,574,106,58,3.1,118,-15,-11,52.692,16689,207.8,107.5,71.581565456,0.0792821492,131.8,65.8701677825,18.58,1.9,167.4,0.8,10.2,111.5,0.475,1.2,0.6,83.52328729,24.63701203,63.10538515,16.73698012,113.5336629,33.7473459,59.37216768,2.589733566,3.929867629,38.5101106,9.435263739,1.337547498,66.0712916,15.72789051,5.660301038
"103",765,36.194986,-81.735519,889,10.1,603,33,62,2.2,147,-88,-7,127.2,23015,217.75,104,74.5189822,0.107814418,139,49.245628326,61.92,6.92,135.6,1,5,108.8,0.5314285714,0,0,90.97409372,19.40317527,51.74031636,11.6683841,176.0094616,59.30076562,6.199880533,49.03834144,3.774285246,9.224839756,21.26511341,0.233039902,18.07821854,121.2711645,0.271441613
"104",765,36.194986,-81.735519,889,10.1,603,33,62,2.2,147,-88,-7,127.2,23015,217.75,104,74.5189822,0.107814418,139,49.245628326,61.92,6.92,135.6,1,5,108.8,0.5314285714,0,0,90.97409372,19.40317527,62.13470006,16.1666707,176.0094616,59.30076562,6.199880533,49.03834144,3.774285246,9.224839756,21.26511341,0.233039902,18.07821854,121.2711645,0.271441613
"105",766,35.030126,-83.015846,1040,13.1,871,0,59,5.2,415,-121,-10,184.2,33260,247.8,126,76.371394422,0.1112155466,130.4,53.782476862,105.7,12.7,138,2.26,13,143.6,0.5,0,0,101.2224396,24.32685245,59.21724859,11.06475847,161.7033722,49.00669184,1.963419383,52.92944812,8.949611356,2.539756546,20.94402812,0.885856446,9.783275465,106.9917385,5.591313418
"106",767,35.854604,-77.055511,932,15.7,617,183,61,7.8,161,62,-8,255.8,51040.6,243.25,138.75,73.931217364,0.1043704836,134.8,57.26882329,117.375,9.875,147.4,1.58,6.4,154.75,0.35,0,0,81.80650556,17.04437631,48.38465132,10.03968761,123.6640749,34.02431241,0.761492108,32.88348523,5.546077189,1.391047552,14.75817807,0.08998042,6.070782589,79.84101811,3.920376389
"107",768,40.031183,-81.588455,475,10.8,474,246,59,2.9,18,125,-10,232.2,49604.2,233.6,122.5,75.07302667,0.086750704,132.2,54.506078808,82.98,6.6,113.4,2.04,13.8,123,0.68,3.4,0,105.1410908,25.71144859,67.70985144,17.07433326,195.6484097,60.7536413,7.276510998,38.24637856,13.25392189,11.69531866,18.60370297,1.325497129,17.65278502,123.6366177,11.68894332
"108",769,40.298672,-83.067963,509,10.3,456,256,60,2.4,0,135,-9,287.964,52281,206.8,144,74.212015122,0.118161631,130.4,53.138378328,80.625,7.05,101,1.1377777778,13,109.5,0.56,10.8,0.2,81.1254439,18.50954746,72.97241931,17.08024762,139.0315442,41.85208617,0.354336693,35.28063478,5.939147945,1.488597723,21.47199266,2.164717409,2.317395524,79.71819479,7.9083273
"109",770,39.96173,-82.491264,513,10.5,503,210,59,2.6,47,89,-10,67.955,14008.75,205.25,108.75,67.2940345,0.06379625525,130,43.96590136,19.975,1.56666666666667,102.75,2.875,19.3333333333333,110.5,0.475,3,0.25,79.22405108,21.27889406,50.84862548,11.64470173,108.2127338,28.26309881,49.59932156,7.065008612,4.56763435,25.86493899,7.558848114,0.333101529,46.70164506,23.51598826,5.023654795
"110",771,39.993684,-81.734016,483,10.7,470,249,60,2.8,14,128,-9,263.6,56393.8,227,139,75.277526774,0.0963908266,131.4,52.94918484,132.14,9.82,142.2,1.42,8.2,114,0.52,3.2,0,88.93359502,19.93460978,64.39432549,13.16184552,143.1908834,31.79387737,3.166891886,29.46929133,10.73145152,6.749275249,18.70858939,2.546492629,7.678212108,62.02981938,12.80995047
"111",772,45.573164,-122.156479,3336,11.2,349,257,67,3.3,-107,136,-2,40.78,8578,199,143.75,76.13553924,0.1017956105,130.75,48.077649545,14.1,0.925,74,2.475,11.5,97,0.366666666666667,3.25,4,88.95260469,27.07821085,53.33868299,13.36310599,134.5277304,37.30679313,77.04452344,7.83962334,3.04849571,34.47089202,4.336073892,0.258705517,108.1754826,12.76924295,12.91407867
"112",773,45.523432,-122.676208,3377,12,192,423,67,4.1,-264,302,-2,50.54,10740.5,200.75,126.25,77.0232070475,0.08687564825,131.25,54.941867045,14.775,0.666666666666667,124.25,2.025,9.5,94.6666666666667,2.95,5.25,9.5,84.22133221,29.74501581,59.05049511,14.77879375,106.735997,30.19436583,64.77118064,7.791644254,3.575383667,37.75168211,4.568334608,0.613488991,57.96108521,10.84128557,6.843262602
"113",774,39.725828,-76.328781,547,11.3,484,187,64,3.4,28,66,-5,0,0,179.5,170,75.2790126,NA,NA,57.03538974,3.725,0.7,176,1.62053571425,0,37.25,0.99166666675,NA,NA,68.93634442,14.46999649,44.08248802,10.47175804,NA,NA,0.461303343,12.81977964,7.669225532,25.14233408,4.184676514,0.511671289,NA,NA,NA
"114",775,41.733124,-77.64193,298,7.3,494,133,60,-0.600000000000001,38,12,-9,57.628,9676.6,186.2,119,69.332515954,0.1097048572,132.2,43.416832502,18.22,0.35,115.4,4.02,7.8,78,1.35,3.8,5.4,75.28482557,19.69428431,71.95982715,18.45526766,87.97569875,22.79699906,36.58963969,7.277467139,5.210460971,38.31615929,9.030030196,1.98803382,23.10448951,3.04868541,5.477935461
"115",776,41.997863,-77.125137,300,8,425,249,58,0.0999999999999996,-31,128,-11,293.75,72349.5,235.25,123.75,74.7391833125,0.11407242525,131,59.19680614,143.575,16,78.75,2.975,17.75,152.333333333333,0.25,35.25,0,102.5936439,21.09443161,61.74893266,13.04702276,145.8115521,35.48525655,1.035448006,52.061903,7.406969867,2.111496855,20.78211671,3.339747125,28.08126397,85.63088848,8.442924412
"116",777,41.997863,-77.125137,300,8,425,249,58,0.0999999999999996,-31,128,-11,130.605,28295.75,200.75,133.75,70.537220305,0.1100128625,132.25,44.7389941425,38.675,4.8,83.75,2,14.25,120.75,1.425,15.5,7.75,79.29956381,22.28684299,35.25593822,7.769229626,98.9051743,23.27746656,59.80192065,6.78055625,3.2447835,15.67512872,2.918094397,0.335971025,66.32516492,14.44548077,3.737140615
"117",778,41.469147,-79.123497,286,7.4,552,98,59,-0.5,96,-23,-10,89.644,18033,211.5,112.5,74.88370017,0.090135265,132,54.0015246825,85.725,7.66666666666667,106.75,1.325,7.2,114.25,1.75,22.25,5.25,82.48999383,21.44664447,49.54648124,10.47409801,110.7918635,28.7136645,60.67095074,4.95533276,4.138084381,30.064138,2.961370968,0.915000202,62.26116618,5.33779902,6.949759902
"118",779,41.469147,-79.123497,286,7.4,552,98,59,-0.5,96,-23,-10,113.352,21452.6,201.4,113,75.136978592,0.0991799868,132.2,58.062020146,49.26,6.74,83.8,2.98,9.6,115.2,0.9,20.4,3.6,70.11213714,18.45459135,59.23073245,13.72151247,132.4173638,34.01169478,48.75710758,4.431198327,2.828095768,35.48637637,3.757409684,1.16276568,92.49491527,14.2990561,7.373742623
"119",780,35.045631,-85.309685,1113,14.9,524,257,61,7,68,136,-8,9.75,1490.75,263,147.5,68.2817062766667,0.036632197,177,48.59697448,7.93333333333333,0.6,178.666666666667,7.94761904633333,0,60.3333333333333,0.266666666666667,0,0,81.50581051,19.60924143,64.26347637,11.75362087,142.7458392,33.20629315,0.70201648,13.37173194,14.60810916,1.619907924,19.7704012,2.378772718,5.737492051,93.02866658,13.23469185
"120",781,35.240081,-85.839699,1114,13.4,601,95,65,5.5,145,-26,-4,159.25,38554,228.5,151.25,74.1253461525,0.098410267,136,56.083197155,74.875,6.25,134,2.95,6,132.25,0.625,2.5,0,93.67768933,19.70231758,67.68850018,15.31014982,181.4111349,47.76927033,0.447747297,34.92014765,10.14267067,2.978185545,37.87647153,0.214223564,3.635309664,117.344733,4.049876704
"121",782,44.33782,-72.756264,543,5.6,524,82,59,-2.3,68,-39,-10,115.16,23952.75,204.5,108.75,75.0553292625,0.089650272,134,49.326185015,40.725,3.53333333333333,93.75,1.1,7.75,92.25,0.45,13.25,0.5,84.27069891,22.03373593,57.54163438,13.91229676,95.36142113,24.11795836,58.81135805,5.319474937,2.999060351,24.39156604,16.85994522,0.277658765,58.33228897,10.09701348,6.745991275
"122",783,37.33,-76.669998,782,14.7,557,204,63,6.8,101,83,-6,57.3333333333333,7008,260.666666666667,131.666666666667,72.1381018466667,0.0875298425,133.5,57.31894063,40.1666666666667,0.1,61.6666666666667,2.13333333333333,2.5,107,0.366666666666667,0,0,73.73090914,19.44523346,NA,NA,NA,NA,11.7452437,11.12701555,9.049791331,NA,NA,NA,NA,NA,NA
"123",784,38.029306,-78.476677,672,13.4,531,230,60,5.5,75,109,-9,163.8,20358.2,233,101,74.015874865,0.10971882475,131.6,52.891816735,74.325,2.76666666666667,68,1.85,8.4,125,1.025,2,0,82.07161713,25.02572397,45.04010126,7.888558289,130.0608907,37.73672451,58.63549361,5.589197,3.109346975,2.974769824,12.68231934,2.320872559,3.783413854,59.79181585,7.800453073
"124",785,37.514904,-76.984833,754,14.3,514,253,62,6.4,58,132,-7,61.612,14858.4,190.5,125,75.14543683,0.1042825124,132,42.130336552,19.7,1.72,117.8,1.9,9.2,87.5,3.1,5.2,6.6,83.92248318,20.23755389,78.90749579,25.4617149,104.2901164,32.49767746,5.149538157,28.00224712,11.69052369,46.87010468,6.419653941,0.83879931,79.62297201,7.458149062,6.901921915
"125",786,37.540725,-77.43605,786,13.9,494,271,61,6,38,150,-8,19.5,2174,249.75,113.75,73.8209136675,0.12623905675,135,64.0361632725,29.4333333333333,1.63333333333333,148,4.925,7.25,121.75,0.425,0.666666666666667,0,81.87196911,17.56754498,45.59153741,10.2343982,131.1090698,33.0485093,0.915958006,22.37270267,14.30809376,3.776440668,9.638570727,2.06075668,11.28582918,82.68330064,13.49306748
"126",787,38.713452,-77.795273,608,12.5,495,237,61,4.6,39,116,-8,85.75,15428,276.666666666667,355.666666666667,74.322409165,0.0887020003333333,143.666666666667,47.9487987666667,35.65,3.46666666666667,99.5,1.85625,5.75,71.25,1.06666666666667,10,0,81.33692144,16.02676439,53.08930564,14.1406873,143.0268383,36.8962908,0.765401907,22.29344957,13.89997341,2.825663338,20.5253614,2.262217784,6.227054587,80.82246814,17.93346126
"127",788,46.889947,-124.104134,3453,9.8,318,133,73,1.9,-138,12,4,16,1474,218,112.5,71.881025335,NA,169,42.183429035,10.05,1,199.5,2.45,1,77,2.688888889,1,0,90.90431835,24.1767329,88.4056341,23.65418807,157.7216877,43.9755061,66.7613997,7.761549118,4.308995466,63.59296421,13.03352783,0.490968652,116.8138832,18.42496542,7.735413636
"128",789,45.904559,-122.743988,3373,11.4,203,419,65,3.5,-253,298,-4,90.908,17138.8,191.2,160,72.873711644,0.08956352175,131,41.603716272,27.6,1,151.8,1.68,6.75,94.75,2.5,10.4,9.4,79.60454336,20.5919813,90.84390759,24.92511773,127.4612263,40.5186153,53.79233769,6.047992087,2.980774481,61.7772091,8.529983847,0.758422167,103.9690952,11.91303981,7.409226771
"129",790,38.791397,-79.441299,582,9.3,452,224,58,1.4,-4,103,-11,22.88,4724.33333333333,198,105,79.86359186,0.0781740405,134,65.3292609,15.3666666666667,2.95,103.333333333333,0.966666666666667,3,61,1.01666666666667,22,1,96.58128519,26.41164344,37.39441626,9.648685349,95.52444105,30.8140916,75.54199965,5.869382872,3.738493703,20.42512768,2.480250611,0.520409095,61.86750975,3.346075,5.903128
"130",791,46.592443,-90.883797,933,4.9,459,145,58,-3,3,24,-11,96.696,30378.8,199.2,119,72.466589308,0.0720013808,133,46.88103751,19.875,2.26666666666667,105.4,1.82,8.6,87.8,2.9285714286,0,2.8,82.19172681,23.85651932,40.07337811,12.34881346,97.12351326,26.31070447,52.91708276,7.641621689,4.251774813,17.31891558,4.174239019,0.589942697,33.3847706,17.49531095,2.586719403
"131",792,42.928896,-88.837051,761,8.2,458,202,61,0.299999999999999,2,81,-8,151,34208,214,103.75,74.4652886466667,0.0909512034,133.25,48.456570865,53.26,4.58,78.25,1.53333333333333,12.8,120.666666666667,0.725,2.5,0,80.38541738,18.49170509,47.67653767,10.9570881,104.1549432,22.88803762,3.872944135,46.08403715,3.583877517,5.763953702,21.62650862,1.010344219,1.609382307,61.16979547,4.309685067
"132",798,46.592441,-90.883789,933,4.9,459,145,58,-3,3,24,-11,0,0,NA,65,NA,NA,NA,NA,0.1,0.1,NA,1,0,0,4.5,NA,NA,NA,NA,NA,NA,NA,NA,NA,NA,NA,NA,NA,NA,NA,NA,NA
"133",803,30.39604,-88.885307,1722,19.8,718,106,71,11.9,262,-15,2,0,0,288,117.5,64.40383426,0.034861766,147,44.24517202,5.6,NA,79.5,0.6,1,71.5,0.9,NA,NA,80.36092591,17.59228465,NA,NA,NA,NA,8.207413102,32.41971009,2.466290462,NA,NA,NA,NA,NA,NA
"134",806,39.165485,-86.52668,793,11.9,523,196,61,4,67,75,-8,65,15167,208,90,73.94067797,0.069897,136,47.8318004,26.5,2.4,164,0.3,3,109,1.3,6,0,NA,NA,NA,NA,NA,NA,NA,NA,NA,NA,NA,NA,NA,NA,NA
"135",824,36.865762,-87.488556,1041,14.2,499,289,60,6.3,43,168,-9,12,1754,248,50,79.09516381,NA,161,104.8595678,6.6,0.4,80,0.5,0,76,0.7,1,0,NA,NA,NA,NA,NA,NA,NA,NA,NA,NA,NA,NA,NA,NA,NA
"136",825,41.878002,-93.097702,1130,9.1,531,151,60,1.2,75,30,-9,17,5888,231,175,71.08571429,0.093899782,133,39.84769977,10.9,1.4,126,6.9,14,83,0.3,2,0,NA,NA,NA,NA,NA,NA,NA,NA,NA,NA,NA,NA,NA,NA,NA
"137",831,39.993684,-81.734016,483,10.7,470,249,60,2.8,14,128,-9,170.41,28942,234.5,102.5,72.840614975,0.0733336245,133.5,58.494185145,72.1,7.4,130,1.45,7.5,100.5,1.95,0,0.5,120.0118323,26.00026214,88.75900117,22.19810242,140.9369205,40.30409138,9.651101477,57.97110167,15.40796091,9.555882724,37.95707937,1.713037757,9.067267074,76.09474804,6.854105479
"138",837,37.083389,-88.600044,1086,14.1,491,262,63,6.2,35,141,-6,38.5,6565.5,256,147.5,75.761187415,0.0850812155,133,65.529625705,39.075,4.225,78.75,1.425,5.25,128.5,0.125,0.25,0,79.7116337,18.29349832,67.82745547,15.22822578,NA,NA,0.508775088,10.8144072,12.74554677,2.694850944,22.05797465,2.289048708,NA,NA,NA
"139",851,46.137636,-62.551315,1356,5.9,422,87,70,-2,-34,-34,1,0,0,NA,120,78.75987585,NA,NA,80.097535825,0.233333333333333,NA,101,1.5642857145,0,0,4.43333333333333,NA,NA,86.57611859,27.74570178,67.49228952,19.23317592,69.35651147,11.90317823,57.19694075,5.810802005,6.099860351,41.43872976,8.780943978,0.234553208,18.72768249,1.467634409,1.026285305
"140",864,45.412512,-84.612534,430,6.2,390,264,58,-1.7,-66,143,-11,22.64,5951,199,75,74.8534202,0.092941893,135,55.11566053,3.9,0.5,104,0.8,9,183,0,0,2,74.61604136,23.0141868,NA,NA,101.7418019,36.38783236,45.0323934,5.519786168,2.965202737,NA,NA,NA,54.60650306,15.55762275,2.139373246
"141",880,48.182659,-67.148071,1062,2.5,465,70,60,-5.4,9,-51,-9,47.82,15322,193,165,78.50526988,0.069897,136,49.21041118,27.7,NA,82,19.2,9,91,5.3,8,1,83.19999856,20.82272117,68.48736079,16.10541511,83.94195289,20.79712522,63.62978508,7.033792006,1.503972098,28.94137315,5.911278325,0.282244138,20.887578,4.3793175,6.3470043
"142",888,44.33782,-72.756264,544,5.6,524,82,59,-2.3,68,-39,-10,65,15080,208,105,77.07889126,0.139794001,132,72.72205208,26.1,NA,99,1.1,5,70,4.7,12,0,94.5931568,31.18775231,52.43164753,14.21225091,84.9581633,23.16975314,71.88318896,5.25833252,5.14955957,31.97673191,6.058497031,0.401741811,33.79219749,4.323878575,2.606713598
"143",890,36.615425,-81.600121,841,9.1,610,17,64,1.2,154,-104,-5,46,9593,203,140,73.51664255,0.058337418,136,35.20386206,11.9,1.5,76,1.3,13,87,1.4,0,0,69.91174383,19.00391533,37.66392476,8.240926713,84.83888457,22.44208183,56.22292753,6.184302969,1.750639758,16.14297757,5.620346212,0.221072855,30.8677629,7.789617898,2.022857818
"144",891,35.696051,-82.065384,950,14.3,581,209,57,6.4,125,88,-12,28,5843.66666666667,241,105,70.8486980733333,0.0736505003333333,140,51.5057154,11.4666666666667,1.55,214,3.6,6,89.6666666666667,1.93333333333333,6.5,0,94.92543509,23.80288916,98.08368493,23.28797013,122.3502426,34.39890262,16.77134585,10.9117152,14.22524038,30.54636018,44.24695631,1.724152135,27.03264788,52.4589425,10.49113633
"145",892,42.963947,-78.737808,135,8.7,443,135,69,0.799999999999999,-13,14,0,55,13998,207,110,74.26379609,0.082262521,131,54.69346536,33.4,3.5,79,8,18,104,0.2,0,0,119.4770449,32.56503335,91.96467551,26.02987351,131.2852802,39.53210986,94.77730572,10.38988354,4.501370025,59.84244887,13.46159795,0.882646154,69.05141489,30.88625747,3.738053685
"146",893,45.504651,-73.597115,499,6,437,147,61,-1.9,-19,26,-8,35.3333333333333,9165.66666666667,212,95,73.7133054166667,0.0646657026666667,131.666666666667,44.76996364,73.1,6.4,164,13.07222222,11.3333333333333,97.5,0.55,2.5,0,102.20799,25.72052145,89.83347911,29.51379379,119.2702031,34.26419129,80.17871664,8.631891074,3.841689662,61.29135663,13.67291749,0.628000393,65.05939808,20.66252831,4.223974397
"147",908,42.02335,-93.625626,1168,9.2,532,145,60,1.3,76,24,-9,73.75,17756,213.25,125,72.0262733275,0.10300564075,130.5,44.6018966825,38.35,1.2,119,1.1,6.75,81.5,0.325,18.25,0,81.69998241,17.49192913,56.10545744,14.26298397,112.2629292,34.23031938,69.92874623,4.114903363,4.47741998,28.20594046,6.255330769,0.511985026,60.65875968,19.75017848,1.776337371
"148",914,44.355899,-72.446144,569,4.8,506,86,57,-3.1,50,-35,-12,105.67,27489.75,203,138.75,76.268194775,0.1012559285,132,57.7153886825,53.55,3.075,117.5,2.15,4.75,110.5,0.666666666666667,39,6,101.5408188,29.42407323,39.86352017,11.72212825,109.7164215,29.56559093,87.26780752,8.893059129,4.926306284,21.16243572,3.806441364,0.062328852,62.73889653,13.19889247,2.558507631
"149",915,44.466992,-73.170837,511,6.7,453,130,63,-1.2,-3,9,-6,33.7466666666667,8928.33333333333,186.5,98.3333333333333,66.9576212266667,0.129040889,131,52.6112531366667,15.3666666666667,2.06666666666667,76.6666666666667,1.2,4.5,53,1.26666666666667,0,16,81.2370573,20.19210876,69.59937614,18.69927318,89.46943476,22.93049002,66.20261651,4.837386076,3.494019342,42.84652879,7.690478196,1.547505748,46.60824915,6.3666925,2.1191205
