Plant ID,Pop,Block,X,Flowering_Date,Flower_Number ,Leaf_Toughness,Water_Content,Growth_Rate,Bolt_Date,SLA,Above_mass,Below_mass,Num_Trichomes,Leaf_Herb_Sept,bug,Hight,Leaf_herb_July,S.florida,M.brevivatella ,Fruit,l1,l2,l3,l4,l5,d1,d2,d3,d4,d5
1,22,1,,228,10,120,80.15377222,0.108635956,130,61.79371853,97.1,8.8,100,0.9,7,169,0.6,0,0,233,26.55,25.16,34.52,33.65,30.15,3.9,4.45,4.59,4.86,4.41
2,22,2,,229,10,120,74.88372093,0.108635956,130,45.71584182,158,13.6,86,1.4,16,168,0.6,1,0,391,28.6,26.07,23.53,32.77,31.09,3.92,4.37,3.96,4.72,4.82
3,22,4,,,,60,,0.077663334,134,,,,,,0,,,,,NA,,,,,,,,,,
4,22,5,,241,0,100,66.84171043,,131,44.44811333,12.6,,67,2.3,2,96,0,0,0,33,25.29,28.22,29.82,27.72,23.91,3.84,3.97,4.6,4,3.72
5,23,1,,120,49,110,77.72838409,0.093899782,130,59.54497062,74,7.8,65,1,5,146,0.2,0,0,206,26.56,19.94,14.53,23.89,30.84,4.01,5.47,6.03,5.93,3.59
6,23,2,,133,0,145,71.94139194,0.077815125,137,48.36195582,20.5,1.2,122,3.8,13,,0.2,0,0,47,31.05,28.82,29.31,31.17,28.27,6.01,6.23,5.12,5.27,5.23
7,23,3,,221,31,160,70.8685446,0.090308999,133,39.13294283,78.9,6.9,84,0.5,1,143,0.5,7,0,224,24.5,25.2,25,26.6,26,3.2,3,3.6,4.1,3.9
8,23,4,,226,10,150,70.91172214,0.111111111,131,51.1993587,25.2,1.9,156,0.5,9,106,0.1,0,0,48,27.14,28.13,29.57,29.34,27.25,5.23,5.94,5.96,5.34,5.64
9,23,5,,222,23,125,70.04909984,0.108635956,131,41.38030361,91.4,7.6,214,1.3,9,133,0.1,27,0,287,25.72,27.48,26.1,22.5,19.14,5.3,5.25,5.55,5.78,4.72
10,181,4,,279,0,90,71.10519308,0.049742501,157,53.94218149,,2.1,134,0.9,3,80,0.5,,,NA,,,,,,,,,,
11,181,5,,,,100,,0.087371251,157,,,,,0.7,0,,,,,0,,,,,,,,,,
12,182,2,1,230,4,140,69.68421053,0.084509804,136,69.62749668,12.2,1,55,1,0,93,0.3,0,0,42,37.42,37.88,35.96,26.85,28.67,4.58,3.87,4.83,2.63,2.97
13,183,2,1,192,85,130,71.99259716,0.065321251,131,47.8318004,28.5,2.3,164,2.6,24,,0.3,0,5,98,27.6,25.5,23.2,22.2,24.4,5,5.1,4.8,4.6,4.9
14,183,3,2,194,34,65,69.39393939,0.109691001,131,53.06744341,11.1,0.9,56,0.4,4,91,0.3,0,7,38,22.98,25.56,23.76,22.94,22.04,5.74,5.85,5.68,5.77,5.33
15,183,4,3,232,0,80,82.35294118,0.075257499,,45.74246724,2,0.1,274,5.4,0,58,3.9,0,4,4,23.65,25.47,22.85,22.42,NA,4.39,4.87,4.52,3.85,NA
16,378,1,,210,89,130,78.44670315,0.10211893,134,43.27262603,42.5,3.4,114,1.4,15,111,4.3,0,11,73,10.44,19.94,18.25,22.11,32.44,3.26,3.83,3.93,5.18,5.22
17,378,2,,210,82,105,72.23113965,0.097772361,136,46.61116691,42.4,3.7,78,2.5,13,106,1.1,18,0,89,23.52,20.27,31.93,24.76,26.9,5.46,4.59,5.08,4.94,4.65
18,378,3,,,,,,0.090308999,141,,,,,,11,,,,,0,,,,,,,,,,
19,378,4,,217,45,125,68.90645586,0.121748394,134,37.66897662,26.3,2.5,59,4.2,9,100,0.3,22,0,72,31.98,30.16,26.44,27.73,24.57,5.8,5.81,5.62,5.03,5.15
20,378,5,,,0,140,71.2920354,0.097772361,135,41.68780056,2.2,0.1,193,1.4,0,27,,,,0,,,,,,,,,,
21,379,2,,253,0,150,82.14408825,0.084509804,,73.95462924,,,104,5.6,5,116,0.333333333,,,NA,,,,,,,,,,
22,379,3,,,0,175,70,,,59.27533302,0.2,0.1,174,1,0,0,0.9,,,NA,,,,,,,,,,
23,379,4,,257,0,150,74.30952381,0.113465478,131,47.71556273,90.2,9.8,22,2.6,7,165,0.2,0,0,30,24.51,23.89,25.71,24.68,24.9,3.56,3.72,3.8,4.2,3.64
24,379,5,,246,0,165,70.54565702,0.119909027,131,46.88944254,49.1,7.3,235,2.4,18,145,0,0,0,10,24.5,25,22.1,20.2,21,3.1,3.2,3,3.2,2.5
25,411,4,,210,76,130,73.68938401,0.074036269,141,51.77311552,34.3,4.3,60,0.4,10,107,0.1,26,2,61,29.74,28.43,27.33,30.81,26.97,4.84,5.11,5.07,5.35,4.86
26,442,1,,,0,95,80,,,64.27153539,2.4,0.5,160,1.25,3,0,0.8,,,0,,,,,,,,,,
27,442,2,,201,112,135,72.52085264,0.1,135,37.56088773,65.4,,71,3.1,1,145,0.5,0,1,220,12.05,22.11,28.64,28.4,38.65,2.53,4.2,3.54,5.1,5.72
28,442,3,,226,15,100,80.90865152,0.090308999,134,57.66506333,10.1,0.3,117,12.3,3,79,0.7,0,0,26,31.65,31.49,28.07,30.93,25.91,5.42,5.14,5.75,5.26,5.09
29,442,4,,216,26,140,74.95652174,0.069897,,,22.2,1.6,200,0.8,9,116,0.1,,,NA,,,,,,,,,,
30,442,5,,,0,115,60.71428571,,,49.02610253,0.4,0.1,123,6.5,0,0,1.8,,,0,,,,,,,,,,
31,447,1,,,0,100,81.13492303,0.106026945,131,68.35493146,160.7,,53,1.2,9,176,0.2,0,0,125,35.71,34.04,27.82,21.49,14.48,4.25,3.99,3.77,2.49,2.09
32,447,2,,283,0,145,76.23465211,0.12187889,131,54.73157927,67.8,,122,1.1,13,150,0.4,0,0,71,123.87,27.69,17.73,21.48,22.52,4.92,4.67,2.69,3.63,3.27
33,447,3,,257,0,100,74.68152866,0.111111111,130,70.43929709,18,1.7,142,44.5,16,108,0.4,,,0,,,,,,,,,,
34,447,4,,274,0,95,72.01505303,0.053766923,144,,90,8,212,5.4,2,144,0.1,0,0,29,26,35.5,16.5,16.5,23.5,3.5,4.5,2,1.5,3
35,447,5,,257,0,120,72.2800664,0.130676807,131,53.24733305,179.5,16.9,165,1.3,11,188,1.5,0,0,105,39.25,24.03,19.62,30.14,30.36,5.24,3.92,3.05,4.02,4.69
36,465,1,,253,0,85,82.11036992,0.077815125,140,92.18288292,121.1,13.8,158,2.8,2,131,0.3,0,0,179,32,34.2,32.2,36.2,33.2,4.2,4.1,4.3,4.2,4.4
37,465,2,,255,0,115,78.28178694,0.106026945,161,80.22453141,21.6,2.5,96,0,1,114,0.4,0,0,39,33.69,36.35,17.83,32.05,20.42,5.16,4.51,2.67,5.02,2.68
38,465,4,2A,279,0,100,72.58320127,0.030103,135,60.50833301,83.6,6.7,66,1.5,3,111,0,,,NA,,,,,,,,,,
39,465,4,2B,251,0,75,97.78835591,,,91.6450598,9,0.9,103,0.3,0,93,0.8,0,0,NA,33.8,31.4,35.2,33.1,32,5,4.2,4.4,4.5,4
40,465,3,,256,0,100,72.56637168,0.100343332,160,65.01640418,13.2,1.5,29,0.3,0,95,1,0,0,23,33.51,25.82,26,29.91,23.84,4.82,4.11,4.24,4.4,3.08
41,465,5,A,,,,,,,,,,,,0,,0.6,,,NA,,,,,,,,,,
42,465,5,,256,0,110,74.44529457,0.092941893,136,74.37482599,66.7,9.1,134,1.4,3,137,0.6,0,0,94,30.2,29.8,30.5,30,30.8,4.9,4.2,4.8,5,4.8
43,501,1,,,0,195,75.62582345,,,43.99989706,,,38,9.8,0,0,0.8,,,0,,,,,,,,,,
44,501,2,,244,0,150,78.28624079,,,56.30094355,,,200,0,,,0.4,,,NA,,,,,,,,,,
45,501,3,,251,0,145,63.22067594,0.054406804,135,41.75428828,3.9,0.4,110,1.1,0,82,0,0,0,13,27.13,27.02,28.38,24.96,25.07,3.98,3.89,3.83,3.08,3.25
46,501,4,,248,0,150,73.96875,0.12187889,132,49.02610253,105.4,12.2,87,2.1,11,182,0.2,0,0,187,33.24,34.26,38.51,33.01,38.11,4.46,5.09,4.96,4.26,4.93
47,501,5,,249,0,180,72.68779852,0.115710298,132,44.173125,98,7.9,257,4.7,9,153,1.2,0,0,122,32.1,33.2,31,32.1,32.9,4.9,3.9,4.1,4.2,5.1
48,501,2,A,,,,,,155,,9.3,1.6,,,,105,,,,0,,,,,,,,,,
49,501,2,B,,,,,0.112886248,159,,38.4,4.6,,,0,125,,0,0,68,31.77,33.82,33,32.93,32.89,4.86,5.12,5.2,5.49,4.91
50,512,5,5n,,0,125,,0.028400544,210,,10.3,2.8,,1.6,,,0,,,0,,,,,,,,,,
51,514,1,5,257,0,150,83.3984375,,164,87.36353309,15.2,2.3,102,0.2,0,120,0.5,0,0,8,19.94,19.23,20.17,19.1,16.83,3.91,3.2,4.01,3.83,3.01
52,514,2,1,252,0,90,71.44846797,0.115710298,159,59.05249342,23.7,4.1,18,0.8,0,149,1.1,1,0,40,20.95,23.01,15.25,18.63,23.99,3.65,4.21,2.44,3.43,4.89
53,514,5,,255,0,160,77.35849057,,,60.74231729,0.1,,137,3.8,,127,0,,,0,,,,,,,,,,
54,514,5,4,,0,110,72.61829653,,,75.44650937,,,76,0.888888889,0,0,1.5,,,NA,,,,,,,,,,
55,515,1,,286,0,135,80.88658607,,184,54.8462404,3.5,0.6,160,0.1,0,79,0,,,0,,,,,,,,,,
56,515,2,,250,0,80,74.67532468,0.117855316,130,41.75428828,93.6,8.4,68,1.9,23,120,0.2,0,0,127,25.67,23.36,21.82,22.57,23.97,4.32,4.62,4.32,5.07,4.33
57,515,3,,248,0,60,71.83206107,0.117855316,130,42.54594596,121.4,11.2,76,2,17,180,0.2,0,0,231,19.9,28.86,20.95,20.93,18.78,3.65,5.27,3.82,3.64,3.53
58,515,4,,247,0,170,70.71202076,0.123771484,130,39.38807234,44,4.2,0,1.2,11,153,0.5,12,0,62,27.1,27.08,26.03,28.38,27.45,5.74,6.02,4.48,6.23,5.06
59,515,5,,257,0,150,65.11078287,0.133791109,130,32.76588079,89.4,,151,1,4,175,0,0,0,73,23.75,22.48,23.65,27.72,22.28,4.71,5.21,4.42,5.29,3.96
60,516,1,,227,9,120,77.72131586,0.095424251,134,53.42844643,90.2,9,112,4.3,13,160,0.4,5,0,143,26,35,32,35.5,39.5,4.5,4,4.5,4.5,4.5
61,516,2,,217,34,175,79.50499349,0.130676807,129,48.21351519,,,180,2.6,37,,0.9,,,NA,,,,,,,,,,
62,516,3,,336,0,110,80.28901734,0.113465478,131,49.27215574,42.7,4,4,38,17,100,0.9,,,NA,,,,,,,,,,
63,516,4,,235,0,150,76.04267701,0.111111111,131,45.76912369,40.1,,130,1.1,16,104,0.1,18,0,79,30.2,26.1,29.1,30,27,3.9,3,4.1,3.9,4.2
64,516,5,,,,75,,0.060205999,140,,,4.5,,,0,,1.3,,,0,,,,,,,,,,
65,518,1,,204,96,145,77.87448465,0.108635956,130,62.23440273,62,5.2,17,6.6,34,121,0.4,0,0,190,27.9,28.8,30.1,26.2,23.2,4.2,5,4.8,4.2,3.9
66,518,2,,198,170,135,77.80911385,0.117855316,131,47.42742527,62.6,6.1,144,0.4,2,142,0,,,NA,,,,,,,,,,
67,518,3,,200,68,90,71.23109025,0.111111111,130,49.58321733,46.6,4.7,110,0.2,6,127,0.4,0,2,90,36.21,41.2,36.45,33.34,32.98,5.38,5.72,5.46,5.34,5.35
68,518,4,,209,43,125,68.17204301,0.047712125,136,16.48956881,32.4,2.8,100,2.8,14,112,1,0,0,81,34.06,34.46,28.88,28.01,27.95,5.72,5.39,5.35,5.06,5.33
69,518,5,,203,37,120,66.27827279,0.039794001,133,54.96138296,,1.8,88,3.5,17,116,1.2,,,NA,,,,,,,,,,
70,570,1,,195,31,115,84.78873239,0.084509804,140,86.49759499,5,0.3,35,0.5,4,76,2.25,3,3,32,20.05,16.2,21.66,26.85,18.11,5.6,3.42,4.6,5.76,4.23
71,570,2,,191,81,50,77.21428571,0.097772361,135,50.47546031,32.1,3.3,3,0.7,12,106,1.3,6,16,167,24.46,25.7,21.69,22.11,23.02,5.07,5.15,5.33,5.1,4.43
72,570,3,,191,32,135,74.35897436,0.095424251,,49.99351766,6.5,1.4,96,0.3,5,79,,4,17,34,22.68,21.8,21.21,20.47,20.94,4.09,5.18,5.13,4.13,2.42
73,570,4,,191,20,120,73.08657465,0.074036269,136,25.61637842,3.2,0.1,148,1.3,6,65,0,0,11,19,19.68,22.19,22.41,19.05,23.15,5.13,5.09,4.95,4.3,4.11
74,571,2,,222,0,50,79.60831472,,,67.59020331,2.8,1.4,84,0.888888889,,,1.3,,,0,,,,,,,,,,
75,571,3,,193,21,95,77.62022195,0.060205999,134,68.71375,4.1,,265,1.9,7,59,0.4,10,7,32,19.57,23.87,19.38,19.68,19.47,2.8,4.78,4.1,5.08,4.13
76,571,4,,,0,150,,,,,1,0.5,,0.4,0,0,5.4,,,0,,,,,,,,,,
77,571,5,,191,18,50,71.59722222,,,52.42978388,,,138,1.3,12,64,1,,,NA,,,,,,,,,,
78,572,1,,195,106,160,76.76258993,0.10211893,134,53.10332404,25.6,2.2,67,6.9,5,113,2.9,0,8,117,26.3,29.51,26.2,22.3,18.72,5.38,5.17,5.21,5.88,5.21
79,572,2,,192,55,50,97.16675661,0.090308999,135,51.13269287,10.1,,112,0.9,7,86,,0,11,62,21.76,28.12,28.65,28.8,21.62,5.14,5.64,5.27,5.65,5.69
80,572,3,2,195,26,150,74.37132156,,,59.36494048,5.8,0.4,156,0.9,6,73,1.6,0,2,33,22.1,19.79,23.91,19.93,17.51,3.93,4.64,4.64,4.51,3.75
81,572,4,,191,182,100,73.54064375,0.133791109,134,,57.6,,116,1.3,8,152,5.8,1,11,292,28.84,23.58,22.69,25.77,21.59,5.08,4.35,4.24,5.36,4.72
82,572,5,,199,144,100,72.32851143,0.125592641,134,56.22034091,37.3,,175,4.4,15,127,0,0,12,196,20.07,26.43,22.84,33.83,25.33,4.47,5.79,4.47,5.33,4.88
83,573,1,,194,380,120,80.35820896,0.08646125,131,87.65604492,112.2,,104,0.8,6,105,4.9,6,23,417,32.8,29.5,29.2,27.7,27,4.4,5,5,4.8,4.9
84,573,2,,196,285,70,81.96004994,0.077663334,131,53.53770706,106.6,8.6,49,1.1,20,,1.1,9,8,377,24.5,29.5,24.5,32.5,26.5,5,5.5,5,5.5,5.5
85,573,3,,204,62,95,76.10729881,0.084509804,137,47.45608233,14.1,1.4,119,8,8,80,2.8,3,0,74,22.67,27.77,27.46,28.71,26.3,5.48,5.77,5.58,5.33,5.87
86,573,4,,205,240,95,72.65353418,0.093899782,132,51.84146287,13.2,1.2,140,0.9,3,81,0.1,,,0,,,,,,,,,,
87,573,5,,205,19,125,73.63636364,0.069897,138,48.99551856,3.1,0.1,125,0.7,3,54,0.1,4,0,13,23.5,21.5,20,19.5,11,3.9,4,4,4.1,2
88,574,1,2,220,18,80,72.99412916,0.065321251,133,71.39983295,23.1,1.7,67,2.7,11,103,2.4,4,0,36,31.52,32.08,27.23,31.7,32.18,5.97,5.53,5.46,5.31,6.1
89,574,2,1,218,20,130,79.3487575,,,47.91935098,21.1,2.5,117,0.8,,,0.6,0,1,42,25.16,34.95,29.17,32.24,27.21,5.74,5,5.18,4.87,5.12
90,574,3,,121,14,50,73.42799189,0.069897,134,47.71556273,6.9,0.4,236,0.9,6,76,0.3,0,0,15,25.88,29.24,27.41,28.32,25.41,5.71,4.98,5.07,5.39,5.4
91,574,4,,224,10,105,74.71867967,0.093899782,132,,9.6,0.8,106,0.7,8,80,5.8,0,0,19,33.84,23.53,27.21,26.46,24.6,5.86,4.44,5.58,4.98,4.71
92,658,1,,207,60,135,80.50216987,0.111111111,131,37.83228143,9.3,0.8,51,1,16,77,4.3,0,0,59,27,24,20,21,16,4,4.5,3.5,3,3
93,658,3,,,0,105,72.04450626,,,77.83926288,1,,107,2.6,0,0,1.555555556,,,0,,,,,,,,,,
94,658,4,,201,54,105,72.57617729,0.060205999,,32.97221505,9.1,1.1,80,2.9,5,57,4,0,3,75,25.43,21.05,22.92,20.59,17.67,4.12,4.25,4.77,4.58,3.78
95,658,5,,205,27,170,71.11111111,0.119909027,135,39.88817483,1.6,,146,3.5,5,59,6.1,5,0,27,23.9,22.4,19.6,20,19.2,4,4.1,3.9,4.1,3.6
96,658,5,2,219,15,105,74.68879668,0.054406804,135,53.35585343,4,,91,2.3,2,53,4.9,0,0,14,23.9,23,20.1,23,16.8,3.9,3.2,2.1,3.9,3
97,659,1,,192,57,90,76.18102422,0.12187889,132,50.73631541,66,6.2,196,2.5,6,146,0.9,0,3,196,40.16,25.47,33.59,27.7,29.61,6.53,4.91,5.41,4.96,5.22
98,659,2,,218,33,100,73.58684481,0.123771484,131,47.80268792,26.6,2.1,220,0.5,2,113,0.1,6,0,74,31.55,27.86,30.78,29,29.24,5.7,5.66,5.4,5.41,5.27
99,659,3,,201,28,160,73.00587741,0.093899782,130,46.61116691,27.9,2.9,250,4.5,9,103,0.2,0,7,39,26.33,34.11,32.51,30.47,26.41,6.29,6.25,6.74,7.5,5.89
100,659,4,,218,10,125,73.80442541,0.108635956,131,52.74668653,5.3,0.3,181,1.2,3,16,0.8,0,0,15,25.58,20.88,28.11,26.16,21.92,5.12,3.05,5.23,5.16,4.02
101,659,5,,210,0,110,75.54264228,0.135275994,131,43.97526106,123.2,10.3,278,4.428571429,12,153,0.2,4,1,270,28.5,29,28.5,33,32.5,5,5,5,5,5
102,661,3,,,,80,72.52663623,0.017609126,140,59.99985963,,,77,4.8,6,67,1.8,,,0,,,,,,,,,,
103,676,1,,121,17,130,80.85973689,0.10326877,130,67.30061375,107,7.4,190,0.8,2,175,0.3,0,0,197,28.77,23.09,29.99,26.16,26.36,5.09,4.7,5.03,4.33,4.82
104,676,2,,220,38,75,80.0281624,,,49.89823142,85.7,2.8,33,1.8,,,0.5,0,0,220,28.49,33.8,30.62,32.63,24.28,5.14,4.89,4.92,6.01,4.59
105,676,3,,228,7,135,71.40327579,0.093899782,132,47.45608233,39.8,4.3,198,1.3,10,124,0.1,0,0,97,33,27.2,31.9,32.2,27.6,4.2,4,4.6,4.1,4.1
106,676,4,,221,10,130,64.65909091,0.120411998,147,38.65148438,20.6,1.7,104,4.3,0,84,0.2,0,0,73,28.1,29.37,26.64,29.4,27.5,9.78,9.08,8.72,8.26,8.89
107,676,5,,228,6,105,72.95007564,0.10326877,131,50.83483252,42.5,,113,0.7,16,138,0.1,0,0,62,33,29.1,29,26.1,33.1,4.6,4.8,4.1,3.1,5
108,688,3,4,205,,120,76.51843818,0.100343332,131,53.94218149,20.5,2.3,235,1.3,20,100,0.9,23,4,43,27.57,24.4,26.82,25.02,23.33,26.6,24.39,27.34,27.17,23.8
109,688,4,2,208,48,150,76.25236935,0.108635956,132,58.35053213,20.2,3,64,1.6,12,97,,5,0,59,21.07,24.19,25.16,25.44,24.93,4.62,5.65,5.41,5.44,4.96
110,688,4,3,208,33,175,69.46695096,0.115710298,133,53.57422664,35.7,2.1,84,6.4,8,83,1.1,20,0,114,24,23.1,25,26.2,23.4,5.2,5.1,5,5.8,4.9
111,689,1,,189,33,140,77.08845209,0.090308999,134,65.17827075,5.7,0.7,66,0.7,11,76,6.1,0,8,30,16.43,19.92,20.95,23.65,22.84,3.25,4.67,3.64,4.44,5.04
112,689,2,,,0,70,79.39128192,,,73.19647367,,,79,0.3,,,1.1,,,0,,,,,,,,,,
113,689,3,,211,15,125,66.72268908,0.047712125,135,55.42682869,,,91,4.1,1,65,1.9,,,NA,,,,,,,,,,
114,689,4,,194,15,125,72.74774775,0.090323706,134,48.18393635,,1.7,64,0.3,9,53,2.1,,,NA,,,,,,,,,,
115,689,5,,191,40,95,68.16753927,0.113465478,132,55.58373408,7.1,0.6,119,2.1,12,68,11,7,3,52,17.09,16.56,17.39,19.2,17.12,4.97,3.36,4.12,4.11,4.2
116,690,1,,,0,95,79.10958904,,157,44.54895987,3.2,1.6,17,1,5,0,1.4,,,0,,,,,,,,,,
117,690,2,,201,41,125,71.57249233,0.111111111,133,38.68956466,15.5,1.1,125,0.3,12,76,0.2,0,0,34,28.5,25.1,32.1,25,23.2,4.1,5,4.5,4.1,4.1
118,690,3,,203,38,110,70.05928854,0.08646125,131,46.41833112,10.1,0.7,144,13.3,21,90,6.8,13,0,25,25.4,28.94,30.18,32.2,31.34,4.93,4.74,5.07,5.09,5.1
119,690,4,,,0,105,,,,,4.4,0.3,,1,0,0,0.9,,,0,,,,,,,,,,
120,691,2,,204,23,130,75.42759407,,,64.74840581,4.1,0.4,80,2.7,,,4.3,0,0,20,23.53,16.83,29.83,19.78,32.43,4.97,5.47,4.77,3.49,4.37
121,691,2,1,187,127,140,77.61744602,0.106069784,135,43.0827297,,,52,2.1,7,120,0.4,,,NA,,,,,,,,,,
122,691,3,,208,10,,,,,,2.1,0.1,,,,,,,,NA,,,,,,,,,,
123,692,1,,213,20,120,86.63065496,0.092941893,139,70.82039337,,0.5,128,1.8,7,84,0.2,12,0,18,30.67,29.6,31.37,28.93,31.07,4.12,4.37,4.42,3.62,4.34
124,692,2,,193,222,85,70.02295835,0.119909027,132,39.21109149,102,7.8,41,,31.5,,2.2,45,5,251,29.5,35.5,27.5,34.5,24.5,4,5,4,5,4
125,692,3,,206,45,200,76.12021858,0.111394335,131,62.98301223,36.3,,10,1,18,117,6.8,22,2,105,32.5,26.2,32.2,34.5,33,5.2,4.5,4.2,5,5
126,692,4,,225,17,145,74.26004228,0.106026945,132,47.1994088,,,0,0.9,8,78,0.3,,,NA,,,,,,,,,,
127,692,5,,210,58,160,70.99468489,0.060205999,134,40.46358385,30.8,2.9,104,1.5,22,110,0.3,26,0,69,29.59,33.08,35.57,31.74,30.35,4.52,5.01,5.61,5,5.28
128,693,1,,196,177,115,74.97294047,0.08646125,132,52.92440448,126.5,,114,0.9,7,130,1.1,0,2,314,29.02,24.52,21.59,26.02,31.41,6.76,6.26,4.75,6.57,6.57
129,693,2,,198,49,80,71.72829248,,,45.37251083,,,20,1.4,,,1.1,,,NA,,,,,,,,,,
130,693,3,,201,39,135,73.37909992,0.069897,134,54.69346536,16.4,1.1,129,1.4,15,96,3.9,0,0,62,26.16,24.35,26.33,28.9,26.4,6.98,5.34,6.54,5.67,5.9
131,693,4,,194,78,205,68.55730076,0.133791109,132,45.11189905,54.9,4.8,78,1,3,135,5,,,NA,,,,,,,,,,
132,693,5,,197,114,120,70.84513692,0.119909027,131,49.83490879,51.5,7,121,1.4,17,122,0.5,16,10,130,24.9,25,22.5,24,25.6,5.5,5.6,5,5.9,6
133,694,1,,186,30,120,74.50564972,0.106026945,132,75.22970905,4,0.7,80,2.6,12,76,,0,4,24,26.9,17.8,16.8,19.2,24,3.9,3.2,3.4,4.2,3.6
134,694,2,,186,22,95,68.21086262,0.107918125,133,43.29648084,4.6,,122,0.6,0,91,,0,25,19,26.48,22.27,22.41,23.2,22.6,5.47,5.03,5.24,5.55,5.01
135,694,3,,,0,160,78.53556485,,,64.37689857,4,0.8,188,1.2,0,0,2.9,,,0,,,,,,,,,,
136,694,4,,187,15,105,68.03900325,0.12734756,133,53.03161124,2.9,0.1,112,0.4,12,82,2,0,17,22,26,28,22.5,23.5,25.5,0,5.5,4,5,3.5
137,694,5,,191,19,125,70,0.130676807,134,38.51879169,2.2,,135,1.5,6,79,,2,10,15,23.27,22.28,23.03,24.09,22.61,3.51,3.74,4.24,4.47,4.14
138,695,1,,192,76,95,78.81374972,0.114824862,131,67.76515638,33.6,2.7,95,4.3,3,101,0.6,47,2,152,27.96,25.58,28.31,23.16,24.91,3.95,3.02,2.62,2.46,5.46
139,695,2,,208,15,110,,,,47.54226165,2.6,,98,9.1,,,0.777777778,0,0,16,23.2,27.75,29.55,27.94,29.27,4.42,4.77,5.15,5.13,5.03
140,695,3,,196,54,75,73.53973827,0.115710298,132,49.92995312,12.2,0.7,84,1,8,95,0.3,20,2,74,32.12,14.18,19.3,26.26,16.7,4.96,5.66,3.51,4.21,5.77
141,695,4,,193,42,140,69.3977591,0.12734756,134,48.54129558,12.7,0.9,98,0.8,5,102,0.571428571,11,13,44,31.99,26.05,31.45,29.22,22.11,4.85,5.02,5.55,5.65,3.04
142,695,5,,203,29,100,68.14814815,0.111111111,134,43.20121906,8.2,0.5,111,0.9,4,83,1.9,6,2,35,27.32,27.14,28.82,26.86,27.86,5.05,5.32,5.12,5.26,5.28
143,696,1,,195,55,135,75.826364,0.097229029,133,58.69941424,42.3,3.1,79,1.9,40,92,0.5,0,8,147,31.99,27.94,39.12,28.98,29.43,4.36,4.22,5.06,4.82,5.17
144,696,3,,200,47,185,75.90096286,0.08646125,132,55.74153034,18.1,2,256,0.6,21,71,2,4,7,48,31.57,30.21,31.11,31.55,31.05,5.9,6.1,5.2,5.1,4.9
145,696,4,,200,27,155,68.49620705,0.047712125,139,38.46220189,7.5,0.7,132,1.8,11,62,0.8,0,2,25,32.38,30.03,32.05,30.88,28.09,4.7,4.15,4.59,4.86,4.72
146,696,5,,200,61,170,68.28309305,0.12187889,131,33.26548761,28.9,2.9,100,5.1,0,96,2.4,23,4,109,18.51,24.55,22.64,27.41,32.23,2.85,3.72,2.77,4.65,4.73
147,697,1,,198,142,100,75.40125611,0.10326877,131,47.08622077,67.5,,180,1,21,135,0.7,7,8,192,28.06,36.12,35.15,31.64,33.42,5.36,4.75,5.45,5.13,5.32
148,697,2,,196,100,125,73.84553337,0.093899782,132,44.77754632,52.8,4.5,35,1.1,24,,1.1,11,8,217,30,29,33.5,27,29,5.5,4.5,5,3.5,5
149,697,3,,200,24,75,73.97836538,0.081291336,135,59.0969272,6.1,0.4,77,1.3,13,81,0.5,0,0,11,34.12,27.92,29.4,24.8,24.01,5.51,5.69,4.94,4.51,4.61
150,697,4,,206,70,110,79.20981972,0.117855316,133,66.55916631,32.6,2.8,6,0.8,18,100,1.3,9,10,82,28.59,36.34,29.5,33.58,29.72,5.24,5.64,5.11,5.73,5.86
151,697,5,,,,,,0.074036269,135,,,,,,11,,,,,0,,,,,,,,,,
152,698,1,,199,162,130,74.59052678,0.113465478,132,47.71556273,59.8,,73,1,9,157,0.5,48,3,170,28.43,32.66,39.16,25.2,26.9,5.03,5.82,6.26,4.4,5.14
153,698,2,,191,146,150,72.75,0.117855316,132,44.37277754,81.4,,146,2.2,6,144,0.4,56,1,184,26.8,35.2,32.5,28.8,34.1,3.9,4.7,4.8,4.4,5.2
154,698,3,,209,27,75,76.13435474,0.069897,134,55.38774066,9.4,0.9,70,19,2,95,0.8,0,2,25,15.5,13.86,27.31,15.93,32.41,5.39,5.38,3.75,2.57,2.32
155,698,4,,200,92,150,73.0748225,0.1,135,52.08210627,60.1,6.4,88,1.2,8,109,1.3,49,0,115,31.1,38.1,36.2,32.6,31.8,4.3,4.6,4.4,5,5.2
156,698,5,2,,0,100,75.78376795,0.037628749,131,59.40984588,10.7,2.5,189,0.2,2,0,1.1,,,0,,,,,,,,,,
157,698,5,,192,63,110,67.76406036,0.123771484,157,34.26693554,29.1,3.8,210,1.3,12,131,1.7,19,9,58,32,22.2,32.9,25.8,28.3,6.2,5,5.9,5.8,5.2
158,699,1,,197,53,105,77.89004458,0.107918125,134,71.07675679,20.1,1.6,185,1.3,13,105,5.4,13,26,66,33.3,25,27.3,26,25.8,4,5,5,5,4.8
159,699,2,,,0,65,80.69571865,,,93.72293109,,,105,0.4,,,1.3,,,,,,,,,,,,,
160,699,3,,197,19,130,79.12087912,0.1,141,79.65498605,4.6,0.3,157,0.7,13,67,8.2,10,6,24,28.48,26.62,20.76,25.07,22.58,6.11,5.4,4.3,5.43,4.79
161,699,4,,,0,75,78.94736842,,,88.54545237,3.9,1,122,1.2,0,0,3.8,,,,,,,,,,,,,
162,699,5,,197,41,150,70.98937954,0.084509804,134,38.82343858,16.6,1.5,186,10,14,105,0.1,1,18,65,28.15,30.16,23.64,30.28,23.91,6.34,6.02,3.01,5.23,5.16
163,700,3,,197,19,140,72.25085911,0.054194224,,51.29968403,2.8,,127,0.7,2,55,,0,6,10,28.89,27.82,28.99,28.3,25.57,5.32,5.11,5.06,4.98,2.9
164,700,3,4,190,21,140,71.2295082,0.084509804,134,49.58321733,2.6,,195,0.5,3,77,2,0,4,8,27.2,21.43,28.13,26.46,26.06,4.23,4.45,5.17,4.8,5.98
165,700,4,1,192,17,120,74.43868739,0.065321251,135,61.59985588,5,0.3,125,2.3,10,60,1.2,0,11,18,28.39,30.63,29.38,24.8,27.58,5.03,5.56,5.47,4.91,5.39
166,700,5,,189,29,170,67.35708368,0.119909027,131,55.42682869,8.3,0.1,95,1.9,10,76,2.2,7,14,32,26.84,30.77,32.46,29.3,28.83,5.16,5.32,5.04,5.45,5.78
167,701,2,,193,221,60,81.86487103,,,52.88876515,99.3,10.4,4,0.5,,,0.6,2,3,315,28.9,27.1,31.1,30.5,27.1,4.5,4.4,4.9,4.8,4.5
168,701,2,5,204,96,65,75.85751979,0.10326877,131,47.1994088,,,23,1.2,12,131,1.1,0,1,108,30.2,26.1,27.5,25.5,27.5,4.5,4.5,3.5,3.5,3.5
169,701,3,,197,62,150,73.14949202,0.115710298,129,47.57105769,29,2.9,112,16.9,32,136,0.4,0,1,99,27.77,29.68,34.01,27.85,28.2,4.98,5.32,5.9,5.25,5.34
170,701,5,,197,90,95,70.34013605,0.119909027,130,53.21125762,33.5,3.4,256,0.777777778,19,142,0,0,9,121,27.5,31.5,33.5,32.5,33.5,4.5,4.5,4.5,5.5,5
171,701,5,3,,0,110,71.2295082,,,79.2530941,31.7,3.5,112,1.142857143,0,0,1,,,0,,,,,,,,,,
172,702,1,,187,26,120,75.32588454,0.092941893,134,59.40984588,3.9,0.2,11,0.7,8,67,5.7,20,18,115,24.85,25.16,22.7,28.37,29.88,5.38,6.15,4.08,5.75,5.06
173,702,2,,204,64,140,77.21769756,0.090308999,134,57.62275587,18.8,1.6,54,1.5,23,,1.5,10,2,92,24.26,24.25,23.36,22.99,24.44,4.75,4.4,4.41,4.58,5.05
174,702,3,,207,24,90,77.98913043,0.081291336,131,60.22992044,8.1,0.7,208,0.8,3,74,0.2,12,0,27,20.75,26.12,23.28,21.99,20.85,4.39,5.12,4.69,3.9,3.76
175,702,3,,182,31,120,76.65480427,0.097229029,136,54.99987132,,,69,0.6,9,64,1.3,0,6,32,25.87,24.7,23.95,29.06,26.21,5.55,25.75,5.64,5.37,5.34
176,702,4,,216,71,175,70.95541401,0.097229029,133,60.22992044,,,134,0.5,39,87,,,,NA,,,,,,,,,,
177,703,1,,221,7,100,34.81012658,0.047712125,134,65.23240552,22.9,1.3,123,1,2,92,9.3,0,0,71,28.43,33.37,28.21,18.6,27.5,5.59,5.66,5.25,3.26,5.02
178,703,2,,209,72,115,73.50081037,0.062838893,131,47.54226165,43.1,3.3,71,2.5,23,,0.888888889,0,0,74,30.2,32.5,27.2,31.1,32.2,5.2,4.8,4.8,4.8,4.9
179,703,3,,209,703,135,73.01374455,0.097229029,131,36.90780839,42,,146,1,7,108,1.6,0,0,80,22.71,18.01,34.02,28.59,22.93,5.14,4.47,6.24,5.95,5.55
180,703,4,,233,0,110,74.80605837,0.108635956,131,62.73148263,12.6,1.1,154,15.7,16,96,0.1,0,0,29,27,27,20,19,12,4,5.5,4.2,3,1.9
181,703,5,,209,50,120,67.46433502,0.119909027,130,,35.8,4.7,75,0.3,14,123,0.3,,,NA,,,,,,,,,,
182,704,1,,212,62,105,80.69898534,0.109691001,133,51.06620042,49.5,4.3,165,1.8,10,126,0.8,6,3,150,28.73,12.95,19.6,21.26,28.59,5.1,4.8,3.51,3.56,6.01
183,704,2,,120,19,115,78.30018083,0.081291336,139,54.76974634,20,1.5,114,1.2,9,100,2,21,0,56,24.16,23.36,24.38,25.83,22.78,5.38,5.56,5.31,5.33,5.44
184,704,3,,219,21,85,74.26124197,0.090308999,135,48.45145975,17.7,2,120,0.6,1,119,1,21,0,51,25.65,21.58,25.79,26.86,23.09,5.06,4.46,4.91,5.52,4.63
185,704,4,,219,19,150,71.28661088,0.119909027,132,120.2753694,18.2,1.3,215,1.6,9,114,0.5,6,2,57,26.02,22.88,22.63,20.31,24.24,5.88,4.78,5.12,4.42,5.04
186,705,1,,207,220,95,78.45165335,0.10326877,131,60.78933146,169.4,8.6,77,1.4,16,134,0.3,18,12,408,32.56,27.67,36.87,33.25,33.05,5.68,6.09,6.57,5.93,6.13
187,705,1,2,198,343,95,76.34998556,0.082029928,,53.83126542,137,10,64,0.7,8,116,0.7,154,1,436,36.5,31.5,36.5,31.5,37,5,5,5.5,4.5,4.5
188,705,3,,209,67,80,71.89942236,0.084509804,135,44.3226954,25.8,2.4,107,2.2,22,99,0.2,0,2,110,35,34.5,22,20,16,5.1,4.5,4,3.1,2.1
189,705,4,,210,21,100,74.01696222,0.119909027,132,52.57015813,6.7,0.6,142,1.3,15,78,0.1,,,NA,,,,,,,,,,
190,705,5,,205,183,155,70.69481645,0.125592641,131,46.91745296,92.6,8.7,121,1.8,15,120,0.5,38,5,343,37.72,29.06,28.15,33.26,27.18,6.21,5.08,4.73,5.57,4.71
191,706,1,,200,84,115,80.32046942,0.097229029,131,38.90035475,20,2.1,22,11.8,9,64,11.5,25,13,63,25.23,26.23,26.94,27.21,23.52,6.06,6.41,6.98,5.88,6.12
192,706,2,,189,197,110,78.03125788,0.123771484,131,49.61453964,92.4,7.6,8,0.9,7,,0.8,12,14,240,29.35,27.44,24.54,26.3,23.71,5.8,6.1,6.28,5.66,6.17
193,706,3,,299,34,125,69.00900901,0.108635956,133,47.89013186,11.9,,76,1.7,9,80,1,12,4,60,29.12,25.43,26.09,25.15,21.94,6.34,5.51,6.3,5.9,4.48
194,706,4,5,208,30,135,72.3830735,0.077815125,133,52.96009187,8.4,1.2,65,8,13,56,1.2,3,3,34,25.53,23.18,24.62,28.33,29.28,5.69,5.33,5.13,5.41,5.22
195,706,5,4,,,,,,,,,,,,,,,,,0,,,,,,,,,,
196,707,1,,,,,81.29913115,0.08646125,132,68.1177938,,,54,0.4,7,,,,,0,,,,,,,,,,
197,707,2,,185,76,135,76.0494463,0.090323706,130,46.14560297,26.5,2.7,57,2.1,24,,1.6,,,NA,,,,,,,,,,
198,707,4,,203,20,150,79.32159165,0.082262521,134,26.71422321,,,123,2.4,15,,0.9,,,NA,,,,,,,,,,
199,707,5,,189,14,100,75.22012579,0.097229029,134,59.32010291,1.4,,160,2.5,7,53,0.1,0,1,4,17.41,23.06,26.5,18.67,,3.51,5.23,4.26,5.77,
200,708,1,,197,102,110,80.22187761,0.093899782,134,57.66506333,53.4,5.7,41,1.2,4,107,0.4,0,8,194,36,30,30,26,17,4,5.5,5.5,4,2
201,708,2,,194,120,85,76.82119205,0.10211893,135,49.99351766,51.8,4.8,57,1.3,30,107,2,7,8,143,29.77,32.56,31.94,31.9,26.5,5.33,5.34,5.83,5.6,5.51
202,708,3,,200,52,125,75.88281454,0.100343332,132,47.45608233,30.2,3.1,88,0.8,14,100,0.4,15,1,78,33.69,32.33,34.26,32.9,25.35,6.02,5.27,5.38,5.41,4.8
203,708,4,,217,14,95,69.68529223,0.10326877,133,,6.1,0.7,34,8.5,6,63,1.3,7,0,13,33.57,25,29.08,28.51,31.54,5.1,5.41,5.23,5.4,5.3
204,708,5,,,42,115,68.08693166,0.106026945,134,32.36086372,22.2,2.9,35,0,12,92,0.2,8,14,56,37.28,31.82,31.43,30.14,29.9,5.32,5.84,5.75,6.18,5.75
205,709,1,,,0,100,81.4171123,,163,78.4613549,,,156,0,0,,,,,0,,,,,,,,,,
206,709,3,2,,0,95,72.3830735,,,67.30061375,,,300,0.2,0,0,0.8,,,0,,,,,,,,,,
207,710,1,,289,0,,80.95479939,0.119280314,154,80.38875768,34.4,,90,0.3,0,115,0.4,,,0,,,,,,,,,,
208,710,2,,,,100,78.84615385,,178,70.43929709,7.9,0.4,88,0,0,67,0.6,,,0,,,,,,,,,,
209,710,4,,,,65,72.83333333,0.100343332,161,62.98301223,3.9,0.3,156,2.3,0,67,0,,,0,,,,,,,,,,
210,712,1,,253,0,,80.48780488,,,67.64842054,1.9,,164,0.333333333,0,0,1.625,,,0,,,,,,,,,,
211,712,3,,,0,110,79.07596624,0.043478261,204,69.32022617,3.5,0.1,176,0,0,69,1.1,,,0,,,,,,,,,,
212,712,5,,198,57,155,68.44221106,0.115710298,130,32.83437134,3,2.4,76,0.2,30,99,1.4,10,2,57,26,30.1,27,29,25.8,4.2,3.9,4.5,4.9,4.1
213,712,5,,,0,165,,,,,23.3,,,,,,7.1,,,0,,,,,,,,,,
214,713,1,,241,0,115,75.91721543,0.06078,189,76.62421098,12.4,1.4,86,1.9,0,761,0.7,0,0,13,22,20,22,22,21,8,3,2,3,2
215,713,2,,209,9,105,68.25938567,,,58.04864468,14.1,1.9,42,0.2,,,0.3,0,4,35,21,26,25,23,21,4,5,5,3,4
216,713,3,,,0,85,76.65056361,,,72.38692742,,,178,2.4,0,,,,,NA,,,,,,,,,,
217,713,4,,248,0,140,70.10416667,0.052353043,199,51.97870036,3.7,0.7,109,2.25,0,82,0.5,,,0,,,,,,,,,,
218,713,5,,240,0,145,66.00594648,0.075257499,,43.51236357,9.6,0.9,186,0.7,0,91,0,0,0,22,16.51,25.03,25.92,25.02,24.97,3.22,3.93,4.69,3.77,4.5
219,714,1,,246,0,100,74.49101796,0.120411998,170,58.26395864,15.2,1.7,111,0.3,0,111,0,0,0,16,30.56,27.77,30.07,30.48,32.11,5.23,4.42,3.92,5.02,5.26
220,714,2,,278,0,125,78.33996589,,,72.58763055,3.7,0.2,9,1.714285714,,,8.2,0,0,4,14.56,13.79,12.18,10.97,,2.55,2.99,2.11,1.96,
221,714,3,,,0,130,70.34596376,,,66.27832595,,,260,0.166666667,0,0,0.5,,,NA,,,,,,,,,,
222,714,5,4,250,0,150,67.875,,165,50.99988068,3.7,0.1,155,0.3,0,69,0.3,0,0,2,22.78,15.58,,,,2.74,2.08,,,
223,715,1,,248,0,165,79.19151756,0.169019608,142,62.23440273,79.8,11.8,59,1.4,4,130,3.9,0,0,121,33.46,32.96,33.33,32.27,28.93,5.59,5.25,4.12,5.36,4.18
224,715,2,,240,0,140,79.97790666,0.108635956,131,71.39983295,72.7,8.2,66,0.7,16,141,0.888888889,0,0,170,26,34.5,28,33.5,27,4.5,5,4.5,4.5,4.5
225,715,3,,248,0,120,79.77809592,0.084509804,134,67.18547156,22.8,,150,2.1,2,105,0.7,,,NA,,,,,,,,,,
226,715,4,,247,0,125,73.57814599,0.084509804,134,48.24313037,75.1,7.1,186,1.4,2,134,0.1,0,0,118,30.44,29.95,29.82,29.8,21.4,3.14,4.57,4.14,5.02,3.73
227,715,5,,246,0,,74.50434783,0.08646125,132,41.03438676,29.3,3.7,154,2,17,113,,0,0,46,32.5,21,25.1,24,35,5.1,3.2,3.2,3.2,4.9
228,716,1,,192,41,105,75.07241438,0.087506126,136,49.14882118,28,2.9,118,1.2,12,94,5.9,13,6,95,23.5,23.5,26.5,26,24,3.5,4.5,5,5,5
229,716,2,,,0,135,83.33333333,,,66.22244203,11.9,1.8,0,1.5,0,139,0.888888889,,,0,,,,,,,,,,
230,716,3,,206,25,65,,0.090308999,135,54.92294843,,,38,1,7,164,0.7,,,NA,,,,,,,,,,
231,716,4,,,0,195,69.60167715,,,46.01043717,,0.1,194,4.875,0,0,0.3,,,0,,,,,,,,,,
232,716,5,,192,41,80,78.03600655,0.084509804,134,42.36236044,16.3,2,216,1.1,14,89,2,2,2,54,24.76,18.17,24.72,20.54,21.46,6.89,5.01,6.84,5.76,4.87
233,717,1,,200,51,60,77.83972125,0.097229029,132,56.87169895,26.2,1.8,144,1.4,8,109,1.1,24,1,102,25,22.9,23.5,22.1,21.6,3.8,4.2,3.8,4.1,3.9
234,717,2,,199,32,60,71.88434696,0.08646125,132,53.35585343,8.6,0.4,66,2.2,13,,0.2,0,5,28,10.1,21.14,20.15,23.33,24.73,3.34,3.85,5.07,5.39,5.31
235,717,3,,,0,105,71.37911137,,,71.66041629,1.3,,146,10,0,0,1.5,,,0,,,,,,,,,,
236,717,4,,205,24,95,74,0.113465478,132,64.90893905,6.1,0.4,74,0.8,6,75,4.3,4,6,16,23.11,21.01,22.88,21.96,22.65,5.04,5.84,4.82,5.17,4.92
237,717,5,,205,53,175,65.48387097,0.111111111,132,42.5690061,11.9,1.4,165,2.5,10,64,0.7,15,0,51,22.9,24.1,22.5,24.6,25.8,4.6,4.4,4.5,4.3,4.5
238,718,1,,184,20,210,77.48786408,0.090308999,135,59.00812641,2.8,0.1,202,1.8,2,64,,0,18,16,26.67,24.28,23.88,21.57,21.93,5.05,4.17,3.81,4.67,4.11
239,718,2,,183,34,75,71.42857143,0.107918125,134,45.95659231,7.9,0.7,186,0.8,28,,0.428571429,0,9,57,27.36,19.55,26.13,27.06,23.61,5.11,5.07,5.32,5.19,5.78
240,718,3,,187,12,120,74.63556851,0.069897,141,59.81707254,,,115,0.9,10,41,,,,NA,,,,,,,,,,
241,718,4,,186,15,105,75.41818182,0.077815125,134,36.04397258,1.9,,88,0.6,21,54,1,0,1,7,19.64,18.04,20.42,22.65,22.82,4.42,3.57,4.02,5.03,4.42
242,718,5,,187,23,55,67.32026144,0.113465478,131,50.34603606,3.6,,121,1,4,80,0.75,6,5,14,22.79,23.9,18.75,16.87,22.84,5.01,5.28,4.97,4.27,3.81
243,719,1,,186,44,155,83.30970225,0.100343332,130,65.3409453,10.6,0.9,129,2.2,8,99,,3,12,41,31.52,25.89,18.52,23.06,28.14,5.36,6.22,3.53,5.65,5.3
244,719,2,,194,13,95,72.24958949,0.106026945,132,46.44578134,2.1,,126,0.3,9,56,,3,0,19,23.47,17.35,21.91,17.14,22.02,2.46,2.31,3.07,2.01,2.56
245,719,3,,195,9,90,82.43243243,0.054406804,134,81.30415761,0.2,,148,1.5,2,,4,0,0,3,21.7,19.17,14.91,,,3.88,2.84,2.88,,
246,719,4,,199,9,120,77.8968254,0.10326877,131,63.08418976,1.4,0.3,118,0.9,20,40,,,,0,,,,,,,,,,
247,719,5,,187,16,170,73.13253012,0.113465478,134,45.66268387,2.1,0.1,126,0.9,13,57,,0,11,8,16.22,26.15,21.28,23.72,21.22,2.77,3.54,3.92,4.52,4.08
248,720,1,,271,0,100,86.11521418,0.08646125,129,56.99551252,17.6,2.5,68,0.5,0,107,0.6,,,NA,,,,,,,,,,
249,720,1,,197,306,115,76.03267211,,196,60.69537577,77.7,,105,1.3,7,190,1,3,5,234,33.29,32.33,31.78,29.07,30.56,5.05,4.99,4.69,4.92,5.02
250,720,2,,276,0,100,81.34796238,,,78.38305015,7.7,0.9,126,3,,,0.2,0,0,5,20.4,16.2,12.2,16,11.1,2.2,2,1.1,1.8,1.3
251,720,4,,,,95,97.61515399,0.022011407,172,,2.5,1,98,2.5,0,19,1.1,,,NA,,,,,,,,,,
252,720,5,,,,,,,,,,,,1,0,,,,,NA,,,,,,,,,,
253,723,1,,230,6,120,76.38461538,0.100343332,129,60.83641847,52.2,5.2,111,1.3,14,132,0.3,11,0,111,39.5,34.5,30,34.5,23,5,4.5,4.5,5,3
254,723,2,,232,0,55,75.88377724,0.100343332,130,55.94004006,69.7,7.5,134,1.4,18,133,0.5,13,0,169,25.74,31.58,26.06,28.46,27.43,4.86,5.11,4.43,4.09,4.9
255,723,3,,235,0,115,74.23137876,0.119909027,130,49.30308616,103.9,7.7,118,1,17,137,0.1,31,0,229,26,30.2,30.1,33.2,30,4.1,4.5,5,4.5,4
256,723,4,,244,0,95,70.85201794,0.108635956,131,72.18733111,7.1,1.2,116,2.9,5,93,0.4,15,5,18,15.76,30.03,22.33,34.46,26.9,1.63,4.4,2.69,5.11,3.93
257,723,5,,228,3,125,70.42059297,0.12734756,130,41.16342571,,,150,2.6,19,155,0.3,53,2,367,31.55,28.23,32.69,32.35,29.84,5.12,4.68,5.25,5.14,6.04
258,724,1,,,,,,0.060205999,134,,,,,,1,,,,,NA,,,,,,,,,,
259,724,3,,253,0,70,75.15151515,0.060205999,145,65.3409453,3.4,0.1,207,2.3,1,71,0.8,0,0,2,17.5,17.32,,,,2.29,2.17,,,
260,724,4,,,0,,,,,,,,,,,,0,,,NA,,,,,,,,,,
261,724,5,,274,0,100,76.5625,0.111111111,131,62.6814176,1.3,,135,0.4,2,55,0,,,0,,,,,,,,,,
262,724,5,2n,254,0,65,67.34177215,0.069897,172,38.51879169,2.8,0.1,,,16,92,0.4,,,0,,,,,,,,,,
263,725,1,,221,16,100,75.22624434,0.111111111,131,40.94880931,11.7,1,38,1.2,13,104,3.6,0,0,29,43.56,31.95,21.96,34.21,32.68,2.46,9.22,9.1,8.14,9.96
264,725,2,,217,59,140,81.17828395,0.115710298,132,37.15223096,85.5,,42,1.6,3,150,0.2,6,0,202,37.2,33.9,32.8,26.2,40.8,4.2,4.1,3.8,2.9,36
265,725,3,,227,8,70,76.85714286,0.084509804,133,35.96145433,5.3,,226,0.7,8,73,0.2,0,0,15,37.81,40.25,37.18,36.18,36.6,4.82,4.6,4.67,4.59,4.69
266,725,4,,230,3,140,61.94267516,0.047712125,133,42.84769026,3.6,,110,2.1,5,64,0.5,0,0,3,25.9,42.3,44.2,,,4,4.9,4.5,,
267,725,5,,238,3,90,65.59766764,0.090323706,134,34.29686299,4.8,6.8,88,1.1,18,76,5.1,0,0,15,29.7,26.83,32.4,31.88,31.66,4.42,3.6,4.47,4.7,4.62
268,726,1,,200,296,90,78.6849711,0.117855316,130,58.56809564,143.1,,116,1.7,6,149,0.4,20,2,389,26.8,26.1,29,29.2,22.5,4.8,5,4.5,4.6,4.2
269,726,2,,200,215,100,76.13636364,0.125592641,129,46.86146554,93,9.9,86,1,5,114,0.3,0,2,313,26.5,27.5,37.5,26.5,29.5,5.5,4.5,4.5,4,4
270,726,3,,207,40,150,73.23865219,0.100343332,130,54.27768918,56.5,5.2,156,1.1,12,118,2,0,0,197,33.16,27.09,30.7,26.86,28.29,5.65,4.67,5.1,5.41,4.7
271,726,4,,221,21,150,69.95373752,0.123771484,131,39.4276186,11.1,1,30,1.5,37,86,0.2,0,3,35,19.48,18.35,18.86,21.55,23.1,1.93,3.78,4.41,5.4,5.11
272,726,5,,213,44,160,,,,,18.5,2.3,63,2.8,,,0.3,22,0,66,23.86,25.48,26.82,22.8,23.59,4.99,4.88,4.79,4.05,4.24
273,727,1,,239,0,100,77.04169046,0.069897,134,45.13782543,58.1,5.1,82,7.6,8,121,1.5,0,0,121,39.98,39.55,38.43,39.93,36.09,5.14,4.86,5.06,4.56,4.54
274,727,2,,237,0,165,76.63239789,0.087506126,134,47.00168537,81.6,7.6,164,3.4,9,122,0.3,0,0,172,31.1,32,28.2,33.5,28.6,3.9,4,3.9,3.9,3.1
275,727,3,,232,0,120,76.29427793,0.039794001,136,58.17764167,6.8,1.2,136,1.2,12,65,0.9,0,0,15,22.2,26.2,23.3,22.9,28.1,5.1,6.2,5.3,4.2,4.3
276,727,4,,232,0,90,74.45121951,0.123771484,131,47.74456915,58.4,5.8,154,8.5,14,121,0.2,1,0,121,37.34,30.9,34.2,24.79,22.65,5.56,5.28,5.94,3.81,3.88
277,727,5,,229,6,190,73.20299022,0.129040889,130,47.68659153,213.8,17.8,215,1.7,13,143,0.1,0,0,442,35.15,33.13,35.06,31.78,31.28,4.97,4.84,5.39,4.32,4.82
278,728,1,,219,46,75,77.61027359,0.081291336,134,47.02983009,29.6,2.7,37,0.6,8,127,0,21,0,79,29.45,28.29,25.55,23.96,19.43,4.78,5.33,5.22,4.93,4.13
279,728,2,,,,,,0.106026945,131,,,,,,26,,,,,NA,,,,,,,,,,
280,728,3,,215,40,185,73.25623419,0.095424251,133,44.6248956,35.6,3.5,90,0.6,7,139,1.8,16,0,69,31.61,25.85,28.44,32.82,26.93,5.68,5.35,5.88,5.22,5.12
281,728,4,,225,13,150,72.61336516,0.120411998,131,49.55193454,7.9,0.9,166,0.1,7,90,0.1,0,0,17,25.21,14.99,26.11,27.05,26.84,4.98,3.64,5.18,5.23,5.22
282,728,5,,208,56,175,71.69156884,0.140796859,130,44.72654684,56.2,6.1,98,0.8,14,150,0.2,0,0,61,30,26.8,30.08,19.68,16.01,5.75,5.09,3.09,2.91,3.12
283,729,1,,123,1,175,79.14385266,0.100343332,132,61.74513856,5.6,0.2,194,3.8,8,48,2.4,0,0,21,28.23,18.48,17.54,31.81,27.45,4.82,2.55,3.56,6.12,4.65
284,729,2,,119,8,75,75.72815534,0.077663334,131,54.20277174,7,0.4,198,2.1,24,,0,2,0,25,26.58,26.32,21.62,28.79,20.17,5.4,6.04,5.25,5.17,5.32
285,729,3,,209,11,10,70.05649718,0.08646125,132,42.04486951,5.5,0.2,310,6.2,4,72,0.3,0,0,25,22.13,28.05,19.01,29.44,21.28,8.81,8.79,8.85,9.48,8.81
286,729,4,,228,3,155,77.25267801,0.111111111,133,52.49987717,3,0.1,98,2.1,2,55,0,0,0,13,24.64,19.87,18.16,20.52,18.84,5.77,4.08,3.61,4.12,3.19
287,729,5,,202,18,125,67.42770167,0.111111111,131,48.63146517,7.4,0.5,76,2.1,2,84,0.1,0,0,21,27.63,26.74,27.13,27.45,26.36,5.79,5.71,5.23,5.53,4.97
288,730,2,,230,6,130,78.11804009,,,52.57015813,97.2,8.4,178,2.1,,,0.8,0,0,168,20.1,21,18.9,20.2,20,2.1,2.9,2.5,1.5,1.9
289,730,3,,245,0,145,76.53006919,,143,52.32499417,76.7,8.8,155,1.2,,130,0.4,0,0,141,29.79,35.63,29.79,27.46,25.75,5.33,5.12,5.21,4.27,4.64
290,730,4,,243,0,110,70.39610841,0.077815125,133,72.65477914,17.7,1.6,160,1.2,1,101,0,0,0,33,24.5,33.06,29.91,33.5,28,4.06,5.33,5.34,5.48,5.23
291,731,1,,221,14,55,80.90349076,0.111111111,130,49.83490879,40.1,4.9,50,1.5,22,134,0,0,0,125,21.2,23.5,24.2,20.4,20.2,3.9,4.4,4.5,4.1,3.9
292,731,2,,135,0,115,70.80291971,0.039794001,142,61.50337999,6.8,0.5,142,3,9,,0,0,4,24,23.45,16.7,15.4,14.26,23.18,4.45,3.65,3.19,2.93,4.26
293,731,3,,249,0,50,,0.095424251,135,,2.4,0.1,,0.5,2,58,0.1,0,0,5,20.35,16.94,17.68,18.44,15.58,4.23,3.21,3.11,4.1,2.59
294,731,4,,234,0,145,71.57509158,0.047712125,135,60.04573108,40.8,,94,2,3,119,0.1,0,0,110,23.1,20,21.2,22.9,19,3.5,3.5,3.7,4.2,3.1
295,731,5,,228,3,110,65.2350081,0.069897,135,,4.7,,,0.8,2,82,0,0,0,13,20.92,21.54,21.81,21.95,22.21,4.71,4.27,4.33,4.31,4.87
296,732,1,,250,0,150,74.26298549,0.097772361,134,57.45414503,120.2,,196,2,4,155,0.1,0,0,95,42.15,34.76,41.21,34.46,32.32,5.91,5.24,5.49,3.27,4.1
297,732,2,,252,0,90,75.36443149,0.084509804,,80.63636165,42.5,,254,1.9,0,130,0.6,1,0,33,41.22,42.11,42.02,28.17,27.29,5.63,5.91,6.17,4.12,4.15
298,732,3,,251,0,200,77.44394619,0.090323706,131,49.8033077,39.4,4.1,78,9,5,132,0.1,0,0,48,36,35.5,32.2,35,34.1,4.5,4.9,3.9,4.5,4
299,732,4,,258,0,155,76.478586,0.12734756,160,71.01249209,20.2,1.8,138,1,0,97,0.3,0,1,30,27.9,20.2,31.5,34.9,38.1,2.2,1.9,3,3.9,3.2
300,732,5,,254,0,115,70.49830125,0.092545336,154,59.4998608,43.8,6,220,2.1,0,140,0.1,0,0,54,42.5,39.5,31.5,34.5,37,4.5,5,4.5,5,4.5
301,732,5,5,,0,110,65.24822695,,,63.85350915,,11.5,127,3.625,,,0.3,,,NA,,,,,,,,,,
302,733,1,,245,0,100,81.01968703,0.117855316,161,63.03356039,22.1,2.5,102,1.3,0,115,0.6,9,0,42,29.53,29.95,28.11,29.34,25.6,5.18,5.07,4.96,5.07,4.48
303,733,2,,249,0,105,84.62580427,0.096780667,165,103.070625,21.9,3.3,114,0.2,0,108,0.5,,,0,,,,,,,,,,
304,733,3,,281,0,125,81.3592233,0.040409519,176,91.21929878,4.3,0.3,98,0.571428571,0,78,0.8,,,0,,,,,,,,,,
305,733,4,,,0,150,,,,,0.9,0.2,,0,0,0,0.9,4,4,51,29.54,29.84,30.35,26.03,26.73,5.33,5.57,5.92,5.79,5.71
306,734,1,,201,40,105,77.99607073,0.090323706,131,89.55509265,8,0.5,67,1,16,90,0.625,0,0,51,19.64,21.58,15.48,21.02,19.56,9.42,9.41,8.42,9.28,9.47
307,734,2,,209,21,100,69.32773109,0.069897,143,43.32036197,4.2,0.1,125,3.1,4,65,0.3,0,0,22,23.02,21.21,22.39,13.9,16.72,4.85,3.73,4.64,3.14,3.66
308,734,3,,207,24,145,69.97245179,0.082262521,136,46.52832716,2.2,0.1,100,1.7,8,74,8,0,0,9,16.12,18.99,17.99,12.84,12.38,3.5,4.58,3.77,2.98,2.48
309,734,4,,201,97,125,66.14310646,0.074036269,135,43.87699232,20.7,1.8,82,2.1,10,110,2.3,0,0,136,18.67,18.61,17.6,19.7,19.39,4.83,4.72,4.3,4.37,3.76
310,734,5,,201,28,90,64.13333333,0.084509804,136,32.68406835,5.3,0.3,113,0.2,11,83,4.6,0,4,36,21.26,22.29,21.52,16.05,18.2,5.26,3.77,3.42,3.36,4.3
311,735,1,,200,107,140,78.86153364,0.101828217,131,48.3917537,55.7,4.3,72,1.2,11,129,0.9,0,1,131,25.83,32.75,27.08,24.08,31.82,5.08,5.85,4.93,4.68,5.69
312,735,2,,205,91,50,75.64371543,,,44.57424305,36.1,3,112,2,,,0.3,0,12,136,31.96,32.24,28.35,35.12,30.55,5.9,5.91,6.13,5.71,5.75
313,735,3,,198,127,170,72.92793451,0.115710298,131,40.52622098,41.7,4.3,90,0.6,8,126,0.2,1,0,121,26.86,23.96,17.47,17.1,15.71,5.17,4.65,3.4,3.25,3.01
314,735,4,,206,49,100,71.05022831,0.077815125,134,51.13269287,14.3,1.7,136,0.9,15,96,0.4,,,NA,,,,,,,,,,
315,735,5,,209,25,175,70.32734952,0.077815125,133,45.66268387,6.9,0.7,134,4.4,6,90,1,,,NA,,,,,,,,,,
316,736,4,5,,,120,,,,,,,,0.428571429,0,,,,,0,,,,,,,,,,
317,737,1,,124,32,105,77.98900236,0.08646125,132,51.5353125,84.2,8.6,63,3.8,4,152,1.5,0,0,75,13.2,19.2,12.1,14.2,14.9,3.1,3.9,3.9,3.7,4.1
318,737,2,,122,9,30,73.87229057,0.069897,139,57.53832692,20.7,2.7,58,1,14,110,0,0,0,26,14.41,13.82,15.91,12.68,13.21,4.62,4.44,4.09,5.02,3.87
319,737,3,,223,12,90,74.24071991,0.060205999,135,51.3667863,16.3,2.7,196,1.7,6,107,0.9,,,NA,,,,,,,,,,
320,737,4,,229,17,85,74.19047619,0.081291336,134,50.67084919,26.9,,50,1.1,8,129,4.3,0,0,52,13.2,11.2,13.3,10,10.9,3.5,3.2,3,2.5,2.4
321,737,5,,235,0,75,71.71411266,0.100343332,132,52.60536922,16.6,9.3,150,2.7,17,120,0.7,,,NA,,,,,,,,,,
322,738,1,,237,0,130,72.97486034,0.115710298,129,50.73631541,203.2,14.4,57,1.7,11,186,0,,,NA,,,,,,,,,,
323,738,2,,241,0,145,72.62872629,,,43.63323125,17.2,1.4,65,1.3,,,0.1,0,0,35,25.76,25.56,23.73,25.93,25.04,6.44,6.29,5.4,6.22,5.75
324,738,3,,239,0,145,69.7080292,0.10326877,131,53.72080455,4.6,0.3,78,1.3,2,82,0.3,,,NA,,,,,,,,,,
325,738,4,,248,0,115,67.93802145,0.106026945,131,49.58321733,6,0.4,55,,6,91,0.1,0,2,10,20.16,15.88,12.78,10.26,16.33,6.22,6.17,5.38,4.11,3.31
326,738,5,,238,0,70,70.82524272,0.125592641,131,46.14560297,45.3,4.5,111,1.3,13,147,0.4,0,0,70,27.5,28.48,25.68,26.74,25.31,5.73,6.08,5.54,6.62,5.79
327,739,1,,252,0,120,81.97242842,0.113465478,160,73.95462924,22.8,2.8,80,1.6,0,109,0.8,0,0,40,30.77,30.5,29.98,24.3,29.97,3.44,4.58,3.27,4.02,4.34
328,739,2,,248,0,85,77.8779473,0.130174086,,71.85710544,19.6,1.9,47,0.3,,,0.1,0,0,23,37.22,33.78,27.07,35.83,27.9,5.42,4.76,3,4.71,3.85
329,739,3,,257,0,110,,,184,,9.7,,,,4.5,,1.3,0,0,7,17.8,15.1,12.2,9.8,14.3,1.9,1.5,1.1,0.5,1.2
330,739,4,,,0,75,,,,,0.5,,,1.8,,93,0.9,,,0,,,,,,,,,,
331,739,5,,238,0,85,76.80555556,,204,72.18733111,3.5,0.3,134,1,0,0,0,,,0,,,,,,,,,,
332,740,1,,121,34,200,77.00941347,0.106026945,128,47.65765549,156.2,8,98,1.5,10,79,0.1,0,0,458,31.54,31.79,28.36,27.99,25.79,5.16,5.22,5.07,4.83,4.81
333,740,2,,233,0,90,80.32624815,,,41.01295888,6.1,0.2,34,,12,142,3.2,0,0,19,23.83,19.09,27.83,27.97,21.54,3.85,3.1,5.09,4.82,3.43
334,740,3,,,,,,,,,,,,,0,,,,,0,,,,,,,,,,
335,740,4,,224,12,125,65.3577192,0.12187889,129,33.16715213,56.5,4.5,120,0.2,4,142,0.1,0,0,125,25.35,27.33,23.26,19.4,28.57,5.66,4.64,4.65,4.48,5.78
336,740,5,,226,3,170,63.08571429,0.12734756,131,36.46231024,16.4,1,56,0.7,3,112,0.1,0,0,35,29.1,28.99,26.88,23.33,29.9,5.52,5.69,5.53,4.97,5.63
337,741,1,,127,35,150,78.44762622,0.069897,134,57.20307083,28.4,2.1,162,3.2,12,95,0,0,2,59,28.51,24.86,28.33,25.64,13.1,6.34,4.35,4.91,2.88,5.83
338,741,2,,211,25,130,73.87998914,0.090308999,134,46.83352191,35.3,3.2,9,5.8,28,,0.2,0,0,85,33.95,28.29,31.69,21.27,21.65,5.67,5.95,6.15,4.54,4.22
339,741,3,,,0,105,,,,,1.1,,,0.333333333,0,0,3.625,,,0,,,,,,,,,,
340,741,4,,234,0,85,71.78237921,0.039794001,135,61.64820742,17.5,,88,6.7,11,102,0.2,0,0,38,29.58,26.17,28.36,25.28,26.8,5.79,4.77,5.7,5.12,5.64
341,741,5,,222,11,125,66.95035461,0.054406804,143,43.46420379,3.6,0.1,75,0,6,65,2,0,0,8,24.93,29.28,26.85,19.95,28.8,6.17,5.9,5.09,5.37,5.89
342,742,1,,135,0,65,80.85043988,0.097229029,131,58.74331806,68.2,5,85,5.8,7,117,2.1,0,0,158,27.08,27.49,27.25,28.97,26.57,4.87,4.89,4.64,4.46,4.65
343,742,3,,229,12,75,76.71149144,0.119909027,131,53.64741547,147.1,9.5,126,0.9,1,133,0.2,0,0,346,33.17,23.23,25.41,23.14,24.47,5.15,4.97,5.02,4.65,5.29
344,742,4,,342,,150,,0.12734756,132,,26.5,2.6,,,10,110,0.2,0,0,90,20.22,17.28,17.72,21.22,17.93,3.57,4.2,4.29,3.07,3.58
345,742,5,,233,0,130,71.70967742,0.113465478,130,40.8848601,131.1,11.7,257,1.7,13,138,0.1,3,2,336,23.1,25.7,19.5,23.4,26.2,3.9,4,3.6,4.2,3.6
346,743,1,,121,14,145,71.76954733,0.090308999,134,42.7776777,,,83,7.7,6,76,0.7,,,NA,,,,,,,,,,
347,743,2,,210,99,140,73.93060837,0.087506126,135,38.08914464,77.4,7.6,110,0.4,13,107,0.2,1,0,231,30.47,29.86,28.35,25.81,26.02,5.47,5.37,5.07,5,5.24
348,743,3,,217,25,175,72.18119153,0.090308999,136,48.45145975,19,2.1,190,0.5,18,100,0.3,,,NA,,,,,,,,,,
349,743,4,,219,28,90,69.98746867,0.087506126,134,47.62875455,22.6,1.8,192,1.8,9,92,0.7,0,0,69,25.68,33.16,23,28.07,21.43,4.93,5.43,4.51,4.9,5.04
350,743,5,,,,90,66.43109541,0.074036269,138,54.20277174,,,61,1.4,3,,,,,0,,,,,,,,,,
351,744,1,,221,89,115,81.6100823,0.093899782,132,48.96497272,96.3,6.4,34,0.7,14,129,1.1,1,3,246,18.71,14.21,17.97,25.12,10.35,5.1,5.24,3.24,3.34,4.08
352,744,2,,219,65,105,75.36793184,0.111394335,136,41.95503005,33.4,5,48,1,3,116,0,11,0,78,25.5,33.5,30,32,23.5,4.5,5,4.5,4.5,4.5
353,744,3,,234,0,150,77.37704918,0.068008506,153,58.69941424,0.9,,230,2.3,0,44,,0,0,2,18.32,16.51,,,,7.83,9.08,,,
354,744,4,,223,16,130,70.36228721,0.095424251,144,81.05244195,8.1,0.5,45,1.6,1,74,0.111111111,3,0,15,30.09,21.28,30.53,31.94,26.79,5.51,4.38,4.92,5.39,4.02
355,744,5,,216,144,130,71.90034762,0.119909027,132,38.84263909,93.6,14.1,104,0.7,6,57,0,52,0,200,25,25.5,24.4,22,18.2,3.8,3.4,3.1,3.5,2.9
356,745,1,,217,171,90,77.96564681,0.111394335,134,53.72080455,53.2,4.4,9,1.6,6,121,0,16,0,218,30.16,26.92,34.69,26.75,32.21,4.35,4.28,5.54,4.52,4.28
357,745,2,,209,199,150,76.10380249,0.108635956,131,51.77311552,80,8.7,82,2.1,8,140,0.3,4,0,247,35,33.5,26.5,32.5,30.5,4,4,3.5,5,4.5
358,745,3,,214,51,140,74.24425635,0.106026945,132,47.89013186,19.9,2.6,35,0.8,19,101,1,18,0,68,32.13,30.93,30.07,33.92,29.04,5.1,5.5,5.11,5.2,5.07
359,745,4,,211,10,100,71.57643312,0.069426179,134,38.53769198,11.4,1.3,55,1.8,15,84,0.5,1,1,37,15.86,17.8,26.66,40.31,37.11,5.93,5.95,5.33,8.2,8.47
360,745,5,,214,27,110,74.01795735,0.084509804,133,49.1795969,15.2,1.3,86,3.1,5,96,0.6,12,0,38,33.07,36.98,28.28,33.36,29.35,4.51,5.6,4.45,4.96,4.99
361,746,2,3,232,7,150,73.51676698,0.106026945,131,39.34860534,22.5,3.1,78,4.4,18,145,3,0,0,46,36,26.5,36.1,28.9,22.9,5,4.5,5.1,4.8,4.1
362,746,3,2,230,5,145,70.37362637,0.100343332,130,40.92747069,139,12.1,220,2.1,7,107,0.1,4,0,272,33.1,32,31.5,30.2,30.2,4.9,5,5.1,4.1,4.1
363,746,3,5,,,150,,,,,,,,0.4,0,,,,,NA,,,,,,,,,,
364,746,4,1,,,,,,,,,,,2,0,,,,,NA,,,,,,,,,,
365,747,1,,212,53,135,80.14842301,0.097229029,131,57.37020909,13.6,1.5,134,1.6,15,143,0.6,0,0,59,30.11,25.13,29.48,23.59,33.23,4.69,4.94,5.68,4.43,4.75
366,747,2,,197,328,175,73.32745509,0.106026945,131,44.27272618,121.4,16.1,156,2.5,0,148,0.5,29,0,436,13.32,14.37,19.71,19.95,32.44,2.32,3.08,3.53,4.09,5.14
367,747,3,,209,31,150,75.07462687,0.093899782,132,56.26061336,8.4,0.6,88,1.1,5,85,1.4,0,0,33,29.44,28.83,28.72,28.06,29.72,5.32,5.15,4.36,4.84,4.81
368,747,4,,207,41,180,79.25363694,0.10326877,132,66.67216999,5.5,0.7,104,0.7,10,75,1.1,1,0,21,27.47,29.25,28.52,27.91,26.48,5.37,4.89,4.93,5.39,4.61
369,747,5,,200,76,150,71.14839319,0.12187889,131,40.48444137,36.2,3.5,130,13.6,15,111,0.5,0,1,90,33.71,32.53,23.52,30.96,29.95,5.41,5.31,4.11,4.87,4.93
370,748,1,,222,26,60,76.60786974,0.092144864,132,63.59499291,36.1,3.9,108,1.1,20,123,2.8,22,1,63,26,32.1,28.5,26.1,25.9,5,4.9,4.2,5,4.1
371,748,2,,,,,,,,,9.1,1.9,,,,,,,,0,,,,,,,,,,
372,748,3,,220,66,130,75.02431118,0.108635956,131,45.03429831,50.1,6.1,81,0.2,5,125,0.8,44,0,125,24.1,22.2,25,22.9,25.1,3.5,3.8,4.2,4,4.8
373,748,4,,225,12,125,66.86626747,0.111111111,132,52.57015813,20.9,,96,1.7,9,101,0.1,0,0,43,29.17,27.89,28.8,26.49,27.92,5.12,5.06,5.34,5.36,6.07
374,748,5,,228,6,90,71.25423729,0.106026945,131,39.94904184,11.8,0.7,64,1,11,88,0.1,17,0,21,28.85,30.31,27.63,27.99,27.87,5.88,5.22,5.38,5.14,5.04
375,749,1,,219,87,65,77.68790024,0.097229029,130,55.34870772,79.5,,55,1.3,10,104,0.2,7,0,121,29.3,18.1,33.1,28.2,29.5,4.5,3.9,4.5,4.5,5.1
376,749,2,,210,62,100,70.89738263,,,46.41833112,39.3,,116,1.3,,,1.1,0,0,120,29.5,27,25.5,32.5,23.5,6,5.5,5,6,4.5
377,749,3,,221,25,80,72.12967132,0.074036269,131,59.36494048,25.5,1.2,80,0.5,10,96,1.8,2,0,43,31.96,26.8,35.65,29.56,29.85,5.79,5.17,6.47,5.57,5.82
378,749,4,,222,5,140,70.8844689,0.084509804,140,36.6837068,10.2,1.1,45,2.2,0,63,0.1,0,0,38,25.53,27.88,28.53,28.22,20.49,5.86,4.45,4.82,5.62,4.83
379,749,5,,218,30,156,73.14285714,0.117855316,132,64.21898303,41.7,2.9,231,1.111111111,12,107,1.9,0,0,50,37.5,25.8,25.5,27.2,28.5,5.2,4.5,4.1,5.2,4.9
380,750,1,,216,181,90,76.30128598,0.108635956,128,50.801951,147.6,14.9,73,3.9,11,151,1.4,157,0,347,28.8,25.1,28.2,29.5,24.1,5,4.5,4.9,4.1,4.2
381,750,2,,226,9,130,71.1026616,0.060205999,143,40.97017019,6.7,0.6,88,1.5,7,75,0,0,0,25,21.34,26.98,18.8,15.65,13.47,3.54,5.13,4.93,3.8,2.79
382,750,3,,230,5,100,71.38121547,0.060205999,133,37.22266173,5.2,0.3,123,2,8,23,0.4,0,0,19,26.22,25.43,25.72,25.65,23.46,4.79,4.8,4.46,5.16,4.78
383,750,4,,226,12,150,72.30392157,0.074036269,133,43.92607173,8.2,1,71,0.6,7,77,0.5,9,0,11,27.64,25.93,22.28,25.1,18.63,5.03,5.65,4.91,5.87,3.6
384,750,5,,229,12,85,74.31192661,0.060205999,134,30.98217604,8.3,0.7,46,0.5,11,73,1.2,,,NA,,,,,,,,,,
385,751,1,,193,34,95,79.41176471,0.097772361,130,71.33498297,11.7,1.5,134,1.5,10,76,5.5,0,18,38,30.99,27.96,32.33,29.66,25.54,4.49,5.01,5.22,4.86,4.02
386,751,1,,196,44,80,76.30573248,0.113465478,137,56.09986875,,,460,1.3,20,197,,,,70,19.5,24.32,25.1,21.2,23.3,3.6,3.9,3.4,3.5,3.1
387,751,2,,209,0,125,70.75471698,,,44.82866224,1.3,,212,3.4,,,1.6,5,0,5,23.94,28.11,24.34,25.95,19.25,4.35,5.12,3.68,4.91,3.08
388,751,3,,194,26,120,72.78456085,0.15563025,,60.04573108,4.6,0.7,310,0.6,2,74,0.7,7,13,21,28.43,26.48,27.74,24.77,25.11,4.8,5.15,5.41,4.23,4.7
389,751,4,,204,16,150,74.49577098,0.060205999,133,24.87799058,3.3,0.1,132,0.2,3,65,1.2,0,0,10,32.88,31.51,26.08,21.84,30.72,5.29,4.97,3.82,4.15,5.17
390,751,5,,192,21,100,75.99216071,0.115710298,130,53.13925321,5.9,0.7,189,0.5,9,80,,15,6,22,26.87,30.51,27.69,27.9,27.32,4.74,3.48,4.11,4.65,5.42
391,752,1,,215,24,130,76.23334534,0.069897,135,56.01984041,22.1,2.2,106,3.6,13,78,0.4,0,4,30,24.56,14.48,22.85,21.5,26.42,5.65,3.96,5.28,5.97,6.39
392,752,2,,213,52,70,73.84317522,0.106069784,138,46.83352191,55.4,0.1,121,1.8,9,104,0.6,0,3,108,25.5,28.9,24,19.5,17.2,6.1,6,6.1,5,3.5
393,752,3,,212,23,115,75.24154589,0.069897,135,62.03776955,13.4,1.5,270,2.3,30,89,3.5,0,0,30,23.12,25.84,22.77,25.24,25.1,5.27,5.57,5.39,5.45,6.01
394,752,4,,214,25,135,73.79288437,0.069897,134,55.82076493,17.3,2.3,93,7.7,17,72,0.8,2,0,50,25.32,22.53,22.61,27.18,22.73,5.77,4.41,5.73,6.49,5.07
395,752,5,,221,9,100,74.12525728,0.069897,135,44.47328213,3.7,,81,1.7,13,59,2.7,4,0,88,20.2,19,18.9,16.6,17.2,4,3,3.1,3.2,3.2
396,753,1,,218,169,75,80.43237251,0.111111111,130,44.6756634,286.7,22.2,38,1,9,148,1.3,76,0,501,22.5,25.2,23.6,26.3,21.2,4.2,5,4.6,3.9,4
397,753,2,,227,14,80,73.91725921,0.097229029,131,34.31184633,69.6,9.6,68,1.4,2,122,0,21,1,167,27.5,27,26,27.9,26.3,4.5,4.5,4.3,4.5,4.1
398,753,3,,228,7,95,75.12594458,0.090323706,131,53.13925321,14,1.2,260,1.2,7,100,2,0,0,34,21,20,21.1,22.3,25.2,4.3,4,4.9,3.8,4.1
399,753,4,,228,12,115,73.8456771,0.119909027,131,63.49217158,46.1,,156,5.5,18,114,1.1,7,0,76,30.3,31.37,33.4,28.1,28.77,5.75,7.08,6.74,5.58,5.67
400,753,5,,228,10,95,74.67447917,0.10326877,130,47.94860577,21.9,2.9,245,0.4,12,92,0.6,0,0,23,29.59,28.68,22.61,20,29.75,5.88,5.99,5.89,4.65,6.6
401,754,1,,239,0,115,85.13888889,0.097229029,132,70.3131748,80,7.7,63,1.4,8,120,1.2,3,0,118,26.83,28.23,27.47,22.04,31.1,6.28,5.12,5.18,4.66,5.71
402,754,2,,242,0,60,75.31760436,,,44.37277754,30.4,,78,1.5,,,0.8,20,0,82,26.26,29.9,35.03,20.91,20.9,5.07,6.09,4.67,3.84,3.55
403,754,3,,239,0,120,74.85902256,0.10326877,132,53.97925515,24.2,2.4,135,1.8,11,112,0.2,9,0,55,30.05,29.61,28.7,23.24,23.45,5.66,5.66,5.8,5.43,3.92
404,754,4,,240,0,140,76.98113208,0.125592641,131,37.45341738,46.8,5.3,109,10.4,6,139,0.3,0,3,83,13.47,17.93,20.27,24.4,30.16,3.48,4.39,4.55,5.91,5.89
405,754,5,,229,7,130,73.16476346,0.123771484,131,70.37617944,51.3,,185,6.5,10,127,1.3,12,0,82,29.1,24,24.5,21,25.1,5,5.2,4.5,4.2,4.1
406,755,1,,240,0,70,74.19804742,0.066895555,132,51.97870036,5.8,0.3,95,1.2,5,60,2.6,1,0,12,17.89,18.11,33.92,22.46,13.56,3.67,6.61,7.03,6.73,3.47
407,755,2,,228,11,80,74.60598897,0.093899782,132,47.05800854,199.7,12.3,120,1.1,8,143,0.3,5,0,420,29.49,28.14,26.95,33.45,29.44,5.25,5.32,5.21,5.82,5.26
408,755,3,,233,0,55,75.82671958,0.077663334,132,51.73900939,16.9,1.9,102,0.8,10,99,0.4,7,3,36,29.83,25.75,29.46,28.52,29.11,5.53,5.51,5.58,10.04,5.34
409,755,4,,235,0,60,74.22547332,0.030103,135,,35.7,3.2,125,4.8,12,110,1.6,14,0,90,26.4,24.2,22,22.9,27.5,4,3.8,4.4,3.5,4.1
410,755,5,,229,2,215,74.65512578,0.119909027,131,47.91935098,70.3,7,83,1,11,141,,36,0,171,29.74,26.56,27.84,26.39,30.19,5.73,5.61,5.73,5.71,5.44
411,756,1,,226,17,80,76.6582866,0.108635956,131,44.09871771,131,9.9,93,1.8,18,141,0.6,,,NA,,,,,,,,,,
412,756,2,3,229,3,80,74.60629921,0.129040889,135,52.29015729,95.3,7.9,77,0.3,2,125,0.4,6,0,248,22.4,19.77,27.59,26.27,23.23,5.85,4.69,6.44,4.48,4.85
413,756,3,2,231,2,90,76.85889571,0.090323706,130,50.41066512,39.8,4.6,64,1.4,18,105,0.2,0,7,100,30.8,26.81,24.47,25.47,30.13,5.87,5.76,5.34,5.82,5.85
414,756,4,,238,0,95,75.53897181,0.117855316,131,,32.1,,124,4.333333333,11,123,2,23,0,75,26.18,30.81,31.81,30.02,32.35,5.08,5.77,5.29,5.34,5.55
415,756,5,,227,11,110,73.48648649,0.113465478,131,53.79439469,48.5,5.7,196,1.2,12,124,0,11,0,148,23.4,27.9,30.2,29,27.8,4.5,4.6,5.1,5,4.9
416,757,1,,218,75,95,82.82269223,0.10326877,131,49.21041118,166.5,11.1,172,1.3,7,126,1.5,0,4,424,18.11,20.29,21.74,26.32,36.94,2.48,3.36,3.48,4.79,4.87
417,757,2,,228,21,120,79.78861789,0.087506126,133,52.85317379,138.5,10.8,132,5.3,29,,0.5,26,0,289,31.5,33.5,29.5,30,32.5,4,4,5,4.5,3.5
418,757,3,,214,42,65,78.07467057,0.100343332,132,56.18012607,40.1,3.7,206,1.1,3,113,1.8,24,0,84,33,33.2,35,32.2,34.2,4.1,3.9,3.8,4.1,4.2
419,757,4,,225,14,120,77.06883217,0.05187675,136,59.54497062,27.5,2.6,80,3.5,16,96,0.7,0,0,55,34.41,31.66,24.89,23.96,30.94,5.01,5.27,4.31,4.51,5.37
420,757,5,,226,12,130,72.30077121,0.060205999,136,44.07397096,36.1,3.2,98,0.7,12,100,0.8,24,0,62,32.8,33.8,29.5,24.8,31,3.9,3.8,3.7,4.5,5
421,758,1,,221,66,125,81.9569308,0.097229029,129,60.41524327,177.6,21,114,1.6,10,116,1.1,43,0,328,21.5,31.5,29.5,29.5,31.5,4.5,5,4.5,4.5,5
422,758,2,,221,20,150,76.56169334,0.106026945,132,59.54497062,96.7,,76,1.1,9,97,0.6,0,11,217,18.64,20.92,24.39,28.51,30.89,3.99,4.42,4.58,4.36,5.77
423,758,3,,229,8,95,77.55162242,0.10326877,131,51.29968403,54.8,5.5,130,7,7,111,0.8,11,0,136,26.8,24.5,32.2,29.5,31.1,4.5,4.2,4.1,5,4
424,758,4,,230,2,150,70.6491063,0.08646125,132,43.53648351,,,180,5.7,6,70,0.2,,,NA,,,,,,,,,,
425,758,5,,229,6,75,69.04168151,0.106026945,131,36.87315317,18.7,1.7,191,1.4,12,101,0.1,3,0,46,27.19,28.37,24.67,24.01,18.19,5.28,5.33,4.95,4.66,4.81
426,759,1,,180,53,115,74.6488764,0.104139269,134,48.78249457,15.3,1.6,185,1.2,10,106,0.6,,,NA,,,,,,,,,,
427,759,2,,178,39,100,70.11894401,0.1,134,46.09144146,15.5,1.4,96,1.7,9,87,0.5,,,NA,,,,,,,,,,
428,759,3,,187,19,120,66.15186615,0.106026945,132,45.60964939,3,,105,10.5,19,,3.2,0,6,23,22.63,24.01,18.07,22.9,24.13,3.53,3.93,3.61,3.84,4.14
429,759,4,,185,11,120,79.9445105,0.125592641,133,65.88910759,2.5,0.2,60,1.4,25,57,2.857142857,3,6,14,0.848,0.303,0.803,0.769,1.159,0.367,0.091,0.359,0.364,0.375
430,759,5,,182,52,100,72.99807254,0.129040889,131,40.6520788,33.2,3.5,51,2.5,10,112,0.888888889,0,23,143,25.5,23,31.5,24,23.5,4.5,5,4.5,4,4
431,760,1,,198,38,125,74.10214763,0.115710298,130,39.50694982,28.1,2.5,134,0.6,5,129,0,0,12,95,28.03,23.21,26.32,25.13,24.43,5.93,6.26,6.11,6.36,6.18
432,760,2,,197,62,165,70.29126214,0.111111111,130,44.70109064,,1.5,78,2.6,2,113,0,0,9,68,23.6,22.64,26.39,25.3,18.06,5.14,5.03,5.08,5.56,5.17
433,760,3,,207,85,100,69.1507799,0.12734756,130,48.81281308,29.4,0.9,70,1.2,13,121,0,0,0,127,23.1,25,24.1,26,22.6,4.2,4.9,5,5,4.3
434,760,4,,199,43,115,66.57407407,0.129040889,131,50.2815725,12.4,0.8,56,0.2,3,103,0.4,,,NA,,,,,,,,,,
435,760,5,,200,42,145,69.11764706,0.111111111,131,53.17523104,11.3,,127,1.2,8,89,0.3,0,0,54,21.35,23.5,21.33,22.53,24.41,5.23,6,5.4,5.81,6.15
436,761,1,,200,85,120,77.4479018,0.104139269,134,47.91935098,37.8,3.7,184,1,13,127,4.3,0,6,116,28.77,30.51,24.71,23.54,25.87,5.35,5.24,4.93,4.7,5.29
437,761,2,,205,41,150,76.59107535,0.093899782,132,50.90072343,12.2,1.2,132,1.3,10,96,0.1,0,1,43,24.91,23.37,28.68,23.01,28.76,4.84,3.89,5.03,4.29,4.59
438,761,3,,,0,150,73.66071429,,,76.99981985,,,202,1.125,0,0,3.2,,,0,,,,,,,,,,
439,761,4,,206,40,135,70.71931196,0.129040889,134,101.867466,22.1,2.2,167,1.5,8,107,0.3,0,1,55,27,26,26.1,22,21,4.5,5,5.5,4,4
440,761,5,,197,143,135,72.10884354,0.072579168,131,48.72197038,63,6,120,1.3,13,161,0.5,,,319,17.57,18.77,15.56,17.83,18.3,4.78,2.8,2.78,3.4,2.71
441,762,1,,,,,,,,,,,56,,,,,,,NA,,,,,,,,,,
442,762,2,,249,0,120,76.04347826,0.113465478,130,49.96171517,195.5,18.3,81,0.6,3,180,0.2,0,2,327,17.44,22.56,27.3,31.44,28.82,3.02,3.32,4.06,4.84,5.07
443,762,5,,251,0,185,64.50511945,0.065321251,144,55.03841363,5.8,,,,,,0.444444444,,,NA,,,,,,,,,,
444,762,5,a,,,135,80.0511509,,,166.3979158,,0.7,96,0.5,,0,,,,0,,,,,,,,,,
445,762,5,b,,,185,,,,,16.1,2.6,164,1.9,0,87,3.8,0,0,33,27.48,27.6,29.42,31.63,32.97,3.57,4,3.94,4.82,4.54
446,763,1,,204,46,70,77.47933884,0.087506126,129,51.09942502,22.8,2.6,112,1.9,12,129,0.6,1,2,50,30.04,35.79,30.39,37.61,30.74,4.43,4.79,4.23,5.19,4.21
447,763,2,,219,10,130,67.57575758,0.047712125,143,95.66360079,3.2,,96,0.4,5,67,0.6,0,0,8,32.37,31.03,30.04,25.45,25.5,4.88,4.89,4.94,4.49,4.14
448,763,3,,207,50,100,72.46376812,0.117855316,129,63.03356039,28.3,2.2,266,0.4,9,136,0.6,0,1,69,30.62,30.55,31.34,22.87,19.28,5.12,3.6,2.98,6.01,5.17
449,763,4,,207,33,130,72.02072539,0.053013473,129,,14.2,0.9,223,0.5,8,114,0.1,5,0,72,19.83,30.38,17.56,28.94,22.91,6.69,5.46,3.53,5.67,5.74
450,763,5,,202,11,,68.36823735,0.090323706,129,53.68408493,24.4,,140,,17,,,0,0,71,33.8,26.3,34.2,33.5,30.1,33.5,3.1,4.6,3.2,4.3
451,764,2,1,,,,,,,68.71375,,,,,,,,,,NA,,,,,,,,,,
452,765,1,,248,0,145,80.91521816,0.115710298,159,55.03841363,70.7,8.9,81,0.1,0,127,0.8,0,0,85,28,28.9,27.1,27,25.5,3.8,3.2,3.8,3.2,3.1
453,765,2,,131,1,95,78.46889952,0.123771484,132,54.96138296,114.6,12.5,76,1.4,8,151,0.2,0,0,284,30,28.5,28.5,22,28.5,5,5,5,3.5,4.5
454,765,3,,,0,70,69.26108374,,,40.13276252,1.2,0.1,126,0.5,0,0,0.857142857,,,0,,,,,,,,,,
455,765,4,,246,0,100,71.38873397,0.069897,134,54.69346536,67.9,6.5,184,0.8,8,133,0.2,0,0,154,28.33,33.45,26.09,25.23,31.98,5.01,5.31,4.88,4.66,6.11
456,765,5,,246,0,110,72.56097561,0.12187889,131,41.40211716,55.2,6.6,211,2.2,9,133,0.6,0,0,113,23.5,22.8,21.6,20.5,25.4,4.2,4.1,3.9,3.8,4
457,766,1,,246,0,100,79.3639576,0.106026945,131,52.60536922,204.5,17.1,342,1.7,8,183,0,0,0,315,21.4,25.69,30.03,38.32,40.33,2.62,3.56,5.32,5.36,5.55
458,766,2,,252,0,115,79.32446264,0.106026945,131,61.40720582,88.1,8.7,94,3.8,23,124,0,0,0,140,17.24,20.41,23.05,23.98,32.06,2.72,2.89,3.45,3.47,5.79
459,766,4,,248,0,125,73.51965893,0.123771484,130,55.58373408,22.8,,127,3.4,7,127,2.1,0,0,37,23.99,34.95,15.87,30.12,36.31,3.25,5.85,2.48,4.84,5.95
460,766,5,,249,0,175,71.81558935,0.100343332,130,47.1994088,190.2,21.5,24,1.2,12,97,0,0,0,44,31.82,28.31,27.1,25.22,19.78,5.98,3.98,3.37,3.6,2.56
461,766,5,,244,0,115,77.83330359,0.119909027,130,52.11666639,22.9,3.5,103,1.2,15,187,0.4,0,0,385,30.2,28.8,29.5,32.1,31.8,3.9,3.8,4.2,3.8,4.2
462,767,1,,239,0,135,76.01668405,0.117855316,129,37.25797735,357,,63,2,8,170,0.2,0,0,497,20,25,33,34.5,45,2,3,4.9,4.2,5.1
463,767,3,,246,0,130,74.81026382,0.119909027,131,39.2895529,77.1,7.6,286,0.6,9,141,0.5,0,0,40,27.04,123.75,20.57,125.6,31.78,2.88,6.62,2.05,5.42,3.83
464,767,3,2,249,0,115,73.14751869,0.069897,134,51.09942502,21.5,2.6,154,1.1,7,114,0.1,0,0,123,31,43,22,32.5,37,3.5,5,3,4.5,6
465,767,4,,239,0,175,73.05182342,0.16647895,138,95.66360079,,27.1,114,2.7,8,194,0.6,0,0,587,22.03,26.61,27.62,42.06,37.93,2.68,2.79,3.21,5.78,5.37
466,767,5,A,,,,72.62979684,0.047712125,142,63.03356039,13.9,2.2,120,1.5,0,,,0,0,32,28.14,29.23,37.58,37.58,29.62,3.32,3.21,4.92,4.6,3.49
467,767,5,B,254,0,145,,0.060205999,180,,,,,1.4,2,88,0.625,,,NA,,,,,,,,,,
468,768,1,,231,16,140,79.05165114,0.093899782,131,53.68408493,111.9,,201,1.6,1,149,0.5,0,0,280,31.52,26.15,36.13,27.81,35.38,4.07,4.15,4.7,4.59,4.27
469,768,2,,230,9,110,78.69986169,0.090323706,131,68.71375,52,4.3,112,1.5,11,119,0,0,0,146,30.28,33.47,37.31,28.56,35.69,5.11,4.04,4.67,4.31,5.18
470,768,3,,242,0,95,76.79425837,0.065321251,133,55.03841363,35.6,3.4,24,2.3,36,104,1.2,6,0,76,34,34.5,36,30.5,27.2,3.5,4,4.2,3.9,4.8
471,768,4,,230,2,145,71.87358916,0.093899782,132,54.96138296,77.2,6.7,125,0.8,0,99,1,0,0,200,39,23.5,34.5,29,32.5,4.5,3,3.5,3.5,4
472,768,5,,235,0,,68.94577299,0.090308999,134,40.13276252,138.2,12,105,4,21,144,0.7,11,0,476,34.5,32.5,35,36.5,33.5,4.5,3.5,4,4,4
473,769,1,,122,27,110,67.23356009,0.1,134,54.69346536,67.9,5.1,132,1.9,3,126,0.4,6,0,170,25.2,33.2,30.2,26,30,4,4.2,5,5.2,5
474,769,2,,226,190,135,96.98968147,0.129040889,127,41.40211716,,,33,0.888888889,39,,0.1,0,0,795,16.65,20.72,19.88,27.9,35.75,2.83,4.77,4.95,5.29,5.39
475,769,3,,226,18,175,66.1171622,0.117855316,130,52.60536922,64.5,7.1,160,1.7,5,140,1.5,6,0,136,33.1,33.8,31.2,33.9,32,5.3,4.7,4.2,5,5.2
476,769,4,,226,9,120,71.14479875,0.108635956,131,61.40720582,22.7,2.3,93,0.4,7,114,0.8,8,0,59,28.15,23.91,24.76,25.24,27.52,5.37,4.75,4.77,4.83,5.41
477,769,5,,234,0,180,69.5748731,0.135275994,130,55.58373408,167.4,13.7,87,0.8,11,58,0,34,1,334,25,25,23,27,27,5,5,5.5,4,4.5
478,770,2,,204,37,70,68.56478791,0.033447777,131,47.1994088,20.5,,36,7.5,26,,0.2,0,0,63,36.67,39.2,25.5,30.26,35.91,4.98,5.3,4.47,4.19,5.12
479,770,3,,204,40,110,66.94677871,0.115710298,130,52.11666639,17,1.6,205,2.3,,,1,12,0,64,30.06,26.51,28.66,29.76,29.99,4.36,4.53,4.71,5.13,4.02
480,770,4,,200,63,130,67.98715203,0.053013473,130,37.25797735,20.5,1.7,20,1.4,17,133,0.4,0,1,71,29.74,28.12,25.96,17.97,31.1,4.57,4.62,4.08,4.13,5.19
481,770,5,,213,19,125,65.67741935,0.053013473,129,39.2895529,21.9,1.4,150,0.3,15,88,0.3,0,0,86,28.45,28.9,30.31,24.57,27.47,4.62,4.08,4.28,4.58,4.25
482,771,1,,220,21,155,78.66157599,0.111111111,131,51.2661986,227.9,18,82,1.4,10,141,0.2,13,0,508,31.8,36.2,33.9,27.8,27.5,4.2,4,4.9,4.5,3.9
483,771,2,,219,147,165,74.95337995,0.106026945,131,49.64590155,385.7,24.1,88,1.4,6,158,0.1,0,0,707,29.5,28,38.9,32.2,34.4,4.6,4,4.1,4.1,4.3
484,771,3,,234,0,110,78.11233353,0.097229029,131,82.32685142,7.9,0.8,188,3,5,82,0.1,0,0,20,35,32,31,33,22,6,6,4,5,2
485,771,4,,234,0,110,74.64370546,0.05187675,133,37.50707557,6.8,0.6,270,0.7,18,79,2.1,0,0,22,34.39,34.11,26.74,24.48,17.68,5.26,5.04,3.71,3.09,1.73
486,771,5,,228,7,155,70.01663894,0.115710298,131,43.99989706,32.4,5.6,83,0.6,2,110,0.1,3,0,77,31.64,31.24,21.67,24.17,26.71,5.07,4.85,4.72,4.84,4.73
487,772,1,,208,19,190,75.41436464,0.082262521,131,54.99987132,4.9,0.2,22,2.4,6,80,0.5,0,1,15,23.09,28.01,29.19,28.08,21.89,4.56,4.85,4.69,5.07,3.93
488,772,2,,,49,115,79.67450271,0.093899782,131,57.16143832,20.4,1,96,4.8,18,,0.3,0,5,56,29.81,25.37,30.45,25.02,26.67,6.05,4.59,5.19,5.4,4.87
489,772,3,,193,23,130,77.68488746,0.100343332,131,49.0567247,10.1,1.1,73,1.8,17,101,,0,3,23,28.87,31.61,27.53,25.91,27.14,5.79,6.09,5.4,5.98,5.1
490,772,4,,196,54,140,71.76840215,0.130676807,130,31.09256384,21,1.4,105,0.9,5,110,0.3,13,7,85,24.05,24.86,32.65,25.39,22.67,4.84,5.18,5.42,4.7,3.37
491,773,1,,201,147,130,81.48802018,0.093899782,129,50.5404223,36.4,,137,2.1,14,95,4.9,17,8,163,28.5,26,29.5,27.5,26,4.5,5,5.5,4.5,4.5
492,773,2,,209,24,100,75.68766637,0.039794001,137,60.50833301,5.3,0.5,156,4.8,10,,6.4,0,7,12,26,22,21,27,30,7,6,7,5,5
493,773,3,,195,24,115,75.81120944,0.113465478,130,46.97357431,8.3,0.7,41,0.4,11,90,0.3,0,5,29,25.38,26.03,25.61,27.06,25.91,5.85,4.77,5.18,6.07,6.05
494,773,4,,198,45,140,66.8,0.123771484,131,52.99582743,13.6,1.2,134,4.5,2,99,3,,,NA,,,,,,,,,,
495,773,5,,198,26,160,75.1059322,0.100343332,129,61.74513856,9.1,0.8,163,0.8,3,99,0.2,4,18,26,24.99,27.69,22.59,24.16,23.69,5.66,5.67,5.11,5.51,5.59
496,774,1,,82,0,185,77.32022127,,,53.17523104,8,,92,0.375,0,82,0.5,,,0,,,,,,,,,,
497,774,2,,274,0,115,77.10651828,,,88.14794192,,,244,4.142857143,,,0.666666667,,,NA,,,,,,,,,,
498,774,3,,,0,,77.11934156,,,72.05487729,1.9,0.5,124,2.25,0,0,2.1,,,0,,,,,,,,,,
499,774,4,,277,0,155,71.39747497,,,45.87606089,4.9,0.9,312,3.857142857,0,67,0.2,,,0,,,,,,,,,,
500,774,5,,,0,,,,,,0.1,,,0,0,0,1.166666667,,,0,,,,,,,,,,
501,775,1,,180,219,105,69.75483263,0.097229029,129,33.86796734,71.8,,8,0.7,6,129,2.6,0,16,231,28.7,30.2,27.1,29.4,26,4.2,4,4.1,4.6,4
502,775,2,,186,15,155,70.17699115,0.095424251,138,45.79581122,2,,146,0.6,1,61,0.6,7,0,7,23,21,22,21,23,3,5,3,4,5
503,775,3,,187,29,95,70.7798618,0.12187889,130,48.87356332,8.2,,64,13,18,66,,0,11,30,24.58,29.94,25.4,28.29,25.77,4.83,5.07,4.94,4.21,4.34
504,775,4,,188,23,125,67.61904762,0.1161368,133,40.42193322,5,0.5,246,3.9,7,64,2.2,8,0,23,27,25.5,24.9,24.1,18,4,4.1,4.5,3.5,4
505,775,5,,190,20,115,68.33184657,0.117855316,131,48.12488741,4.1,0.2,113,1.9,7,70,0,4,0,21,24,20,21,11,21,7,4,6,2,4
506,776,1,,234,0,100,77.2797527,0.106026945,131,47.74456915,174.5,,54,1,8,154,0.7,1,0,293,29.38,31.53,32.18,25.29,29.58,4.87,5.71,5.87,4.92,4.75
507,776,2,,229,3,75,77.86209481,0.108635956,131,66.95636509,135.7,13.8,51,0.9,26,,0.1,51,0,325,27.37,28.12,32.02,30.08,29.96,5.96,5.49,6.42,5.96,5.99
508,776,4,,239,0,145,72.79327474,0.123771484,131,70.3131748,51.9,,117,1.3,20,130,0.2,5,0,182,28.69,27.02,26.11,28.99,24.2,5.55,5.27,5.34,5.86,4.83
509,776,5,,239,0,175,71.021611,0.117855316,131,51.77311552,212.2,18.2,93,8.7,17,173,0,84,0,516,29.5,29,28.5,25,28,5,5,4,4.5,5
510,777,1,,200,117,105,78.9845173,0.100343332,131,46.77773451,31.9,3.6,204,2.7,6,94,2.6,9,6,124,27.3,25.99,26.23,26.82,26.77,6,5.21,5.99,5.83,5.23
511,777,2,,193,186,160,56.62533431,0.115710298,131,42.06738953,93.1,12.1,31,1.9,8,119,0.4,36,11,329,24.39,22.62,24.95,27.33,24.49,6,5.98,5.75,4.83,4.7
512,777,3,,211,37,145,72.00911508,0.10211893,136,42.04486951,11.2,1.8,82,2.5,13,88,2.2,8,1,57,26,25,20,19,15,7,8,4,4,2
513,777,4,,199,37,110,74.46664409,0.065321251,136,46.50077931,19.6,2.3,91,1.5,12,84,0.6,,,NA,,,,,,,,,,
514,777,5,,199,37,125,74.52991453,0.12187889,131,48.06598302,18.5,1.7,18,0.9,30,182,0.5,9,13,80,28.32,23.89,29.63,29.4,28.02,5.75,4.18,4.98,5.9,5.35
515,778,1,,203,301,125,75.34751773,0.106026945,130,64.74840581,257.5,19.7,102,1.2,6,157,0.6,72,3,405,34.3,33.2,33.2,26.2,28.2,4.1,3.8,5.2,3.5,4.1
516,778,2,,218,28,125,76.05633803,0.1,133,52.46480711,21.7,2.5,142,2.2,5,106,4.9,0,10,25,32,33,31,32.1,26.5,3,4,3.5,3.1,4
517,778,3,,213,17,85,72.25054625,0.017609126,134,48.51131331,11.4,0.8,123,1.3,7,87,1.1,0,6,23,27.41,26.47,26.14,25.22,30.08,4.08,4.37,4.43,4.75,4.8
518,778,4,,212,35,115,75.88039867,0.123771484,130,50.2815725,52.3,,60,0.6,16,107,0.4,17,2,88,35.95,32.21,36.21,34.57,26.8,4.51,4.44,4.9,4.43,4.2
519,778,5,,,0,,,0.10326877,133,,,,,,2,,,,,0,,,,,,,,,,
520,779,1,,204,92,110,77.5746496,0.090323706,132,76.10447311,68.8,7.1,72,1.4,8,127,1.8,13,3,135,28.12,30.25,36.22,20.36,23.55,4.3,4.38,4.96,3.01,3.22
521,779,2,,201,119,80,77.05253035,0.12187889,131,53.68408493,18.6,11.3,95,0.9,3,135,0,22,7,192,25.2,36.2,28.1,30.5,26.9,4,3.9,4.1,4.2,3.8
522,779,3,,205,49,130,74.39252336,0.077663334,134,62.18512767,27.1,3.3,70,1.1,15,100,0.9,21,3,66,35.75,33.13,33.27,37,32.18,4.91,4.39,4.43,4.33,4.15
523,779,4,,190,24,100,74.6179966,0.090323706,133,46.25430875,15.8,1.8,104,10.5,13,92,0.8,10,1,33,32.42,32.42,26.99,30.92,32.49,3.65,3.4,3.52,4.16,3.72
524,779,5,,207,122,145,72.04719305,0.115710298,131,52.08210627,116,10.2,78,1,9,122,1,36,4,246,32.5,42.5,33.5,29.5,31.5,3.5,4,4,4.5,4
525,780,1,,253,0,130,79.98102467,0.12187889,127,63.54354066,,,65,5,0,83,0.111111111,,,NA,,,,,,,,,,
526,780,2,,,,115,,,,,,,,,0,,,,,0,,,,,,,,,,
527,780,3,3,,,,,,,,,,,,,,,,,NA,,,,,,,,,,
528,780,4,,,0,200,70.83333333,,,59.99985963,2.1,0.8,187,0.428571429,0,0,0.7,,,0,,,,,,,,,,
529,780,5,A,282,0,105,68.61826698,0.038046142,207,49.99351766,4.9,0.4,164,11.71428571,0,82,0,,,0,,,,,,,,,,
530,780,5,B,244,0,170,65.39351852,0.035218252,147,35.79754615,16.8,,185,11.7,0,99,0.1,0,0,39,32,22.5,21,31,30.5,4.5,3,3,4.5,5
531,781,1,,228,11,155,77.13163065,,145,57.41214638,126.3,10.7,182,6.8,0,123,0.6,0,0,360,28.52,27.99,31.48,29.08,30.87,4.55,5.08,5.35,5.03,5.23
532,781,2,,229,10,140,76.61022576,0.120411998,131,50.6381794,113.5,7.8,78,2.8,5,159,0.8,0,0,178,29.59,26.82,24.18,32.55,29.15,5.85,5.47,4.27,5.83,5.93
533,781,3,,228,6,130,70.60185185,0.084509804,134,52.22062251,37.4,4,178,0.9,10,127,0.8,0,0,77,24,23,23,23,26,6,6,4,4,5
534,781,4,,229,6,180,72.15767635,0.090308999,134,64.06184033,22.3,2.5,98,1.3,9,120,0.3,10,0,32,28.27,29.1,28.39,29.89,28.12,5.55,6.32,5.09,5.69,5.49
535,782,1,,208,91,105,79.09326425,0.113033377,135,50.21727382,79.5,5.7,79,1.9,10,103,0.1,13,0,224,30.91,26.46,30.62,23.81,31.77,4.76,4.64,4.55,4.36,4.6
536,782,2,,204,130,125,76.83171151,0.077815125,134,58.61180317,47.7,3.6,42,1.7,9,100,0,12,2,151,33.59,28.6,24.3,23.01,16.54,6.09,5.14,4.64,4.24,2.91
537,782,3,,204,78,180,74.21083979,0.090308999,133,45.39873772,34.1,3.7,156,0.2,15,101,0.3,,,NA,,,,,,,,,,
538,782,4,,203,64,105,73.06397306,0.081291336,135,45.92971711,27.9,,146,0.5,3,77,0.8,14,0,121,32.66,28.39,36.07,27.57,27.38,5.26,5.54,5.01,5.05,5.29
539,782,5,,203,25,100,71.23236823,0.08646125,132,42.54594596,7.8,1.3,108,0.3,9,89,0.9,14,0,18,21.6,29.79,24.36,28.17,26.03,5.18,4.66,4.79,5.14,4.66
540,783,1,,269,0,135,76.95078031,0.047712125,136,62.63143242,0.5,,91,3.9,3,84,0.5,,,0,,,,,,,,,,
541,783,2,,276,0,125,68.37606838,,,61.69663492,2.2,0.1,88,1,,,0.6,,,0,,,,,,,,,,
542,783,4,,237,0,135,71.08745685,0.12734756,131,47.62875455,117.8,,6,1.5,2,130,0,0,0,172,33.9,33.5,34,34.1,33.1,3,2.2,3.2,2.9,3
543,784,1,,231,6,65,82.52364296,0.106026945,131,51.13269287,207.6,,55,1.5,12,163,0.7,5,0,543,24.1,24.5,21,23.2,24.1,3.9,3.9,4.1,4.3,4.2
544,784,2,,234,0,89,74.01960784,0.106026945,130,53.57422664,45.5,4.2,8,1,8,130,0,3,0,130,24.5,25,22.5,26,24.5,4.5,4.5,5,4.5,4.5
545,784,2,,134,0,120,50.63291139,,,39.90844322,,,56,2,,,0,,,NA,,,,,,,,,,
546,784,3,,,0,,,,132,,,,,,10,,,,,0,,,,,,,,,,
547,784,4,,238,0,105,65.2892562,0.111111111,132,55.86046675,30.4,2.7,132,4,9,94,2.2,0,0,117,21,24.5,22.5,21.5,23.5,5,4,3,3.5,4
548,784,5,,229,4,145,74.23099246,0.115710298,133,50.99988068,13.8,1.4,77,0.9,3,113,1.2,0,0,37,20.79,20.49,25.17,23.95,25.88,4.44,3.97,4.37,4.52,4.55
549,785,1,,193,25,100,76.51006711,0.093899782,131,44.173125,4,0.5,104,2.8,11,80,7.5,9,6,26,30.81,30.52,31.37,23.13,18.95,5.45,4.96,5.96,3.83,3.21
550,785,2,,187,69,130,75.76134245,0.117855316,131,38.34951965,52.7,3.3,34,3.5,16,,5,6,11,200,32.5,31.5,30.5,33.5,35,3,5,4,5.5,5.5
551,785,3,,192,30,110,77.68899816,0.10326877,131,32.8618478,11.3,1.1,133,0.9,15,86,1.3,3,2,47,29.56,30.36,28.49,28.45,29.44,4.78,5.89,5.43,4.6,5.46
552,785,4,,,21,140,74.55386649,0.084509804,135,50.02536067,16.7,2.4,246,1.7,2,74,0.5,5,4,14,28.23,30.83,31.63,28.49,30.13,5.7,5.78,6.09,6.3,5.83
553,785,5,,190,53,145,71.21290994,0.12187889,132,45.24182964,13.8,1.3,72,0.6,2,110,1.2,3,10,53,23.36,30.5,26.13,23.1,35.26,4.08,5.24,5.12,5.2,4.65
554,786,1,,248,0,65,77.2710419,0.132221929,134,57.79235927,54.6,,196,5,7,153,0.1,0,0,33,21.9,27.8,26.4,24.3,23.5,3.2,3.1,3.5,3.9,3.4
555,786,2,,248,0,110,78.4522003,0.065321251,139,71.72585959,19.6,2.3,100,7.9,3,120,0.3,0,0,23,30,30.5,26.8,27.2,32.1,3.2,3.1,3.4,3,3.8
556,786,3,,249,0,165,71.25,0.069897,136,47.94860577,,,90,1.1,5,84,0.3,,,NA,,,,,,,,,,
557,786,4,,255,0,115,69.78193146,0.213513265,,62.03776955,,0.2,184,2.1,8,89,1.3,,,0,,,,,,,,,,
558,786,5,,248,0,165,69.77848101,0.093899782,132,64.58866468,14.1,2.4,112,4.7,11,125,0,2,0,24,24.5,30,27,28,29.5,3.5,4,3,3.5,3.5
559,787,1,A,240,0,787,78.88888889,,,43.34426945,69.9,,134,1.125,0,0,,,,0,,,,,,,,,,
560,787,1,B,,,,72.13114754,0.095424251,143,53.10332404,3,0.5,74,1.5,2,90,2.2,0,0,187,27.62,25.66,27.54,26.7,24.34,4.62,4.64,4.38,4.35,4.06
561,787,2,,240,0,150,73.74670185,,,50.96678537,44.7,4.8,11,1.7,,,0.3,,,NA,,,,,,,,,,
562,787,3,,341,0,150,70.52132701,0.095424251,133,47.39880281,63.2,9.2,78,3.6,21,131,0.6,20,0,176,28.41,28.09,24.91,26.67,29.32,4.46,4.81,4.36,4.67,4.82
563,787,4,,249,0,130,75.74827322,0.075257499,155,,6.5,0.7,112,1.2,0,64,0.4,,,0,,,,,,,,,,
564,788,2,3,,0,90,80.40778499,,,57.28651805,6,1.3,95,0.5,5,0,4.4,,,NA,,,,,,,,,,
565,788,5,1,196,27,135,68.47022188,,140,41.14186289,12.2,1,188,3.6,2,84,2.777777778,2,0,30,21.5,25.5,23.1,23,21.5,3.5,3.5,4.7,3.3,2.5
566,788,5,2,240,0,90,75.29182879,,198,43.22499518,7.9,,211,1.3,0,70,2.6,0,0,4,23.52,21.96,27.18,24.83,,3.92,3.81,5.3,4.47,
567,789,1,,196,22,140,75.50702028,0.082262521,132,33.01379414,7,0.4,40,1.5,10,89,0.3,1,9,19,19.95,22.4,25.03,24.6,22.41,3.84,6.05,6.67,6.75,5.43
568,789,2,,187,53,110,74.30587164,,,44.04925196,28,2.4,232,1.6,,,2.2,16,11,63,32.48,25.44,35.71,31.85,23.15,5.86,3.73,5.89,5.66,4.6
569,789,3,,192,42,200,73.63145721,0.100343332,132,48.3917537,14.9,1,210,0.8,5,100,7.8,7,15,60,28.85,31.36,29.05,30.35,30.76,9.37,10.05,8.97,10.08,5.58
570,789,4,,195,21,195,72.85817135,0.05187675,130,40.13276252,3.8,0.2,134,3.5,5,70,0.9,0,6,15,29.45,30.5,30.21,21.07,10.32,6.04,6.41,5.1,5.99,3.96
571,789,5,,186,138,155,68.06603774,0.123771484,130,42.43101904,84.3,,143,1,7,120,1.3,28,6,358,20.4,21.54,22.41,22.92,18.96,5.11,4.46,4.51,4.95,4.25
572,790,1,,196,108,150,77.80903525,0.108635956,132,48.87356332,38.6,4.4,102,0.8,5,121,0.4,44,2,98,15.59,18.32,22.46,28.26,32.41,4.9,4.45,5.54,6.23,6.75
573,790,2,,209,31,130,73.60034453,,,54.12806082,8.4,0.5,52,0.6,,,0,,,NA,,,,,,,,,,
574,790,3,,200,20,60,79.21946275,0.047712125,136,67.94101752,3.8,,115,1.4,4,62,0.75,0,0,15,22.11,28.46,23.52,30.35,25.79,5.43,5.39,4.79,6.3,5
575,790,4,,,0,105,82.56227758,,,79.17320186,3.7,1.5,93,0.7,0,0,1.9,,,0,,,,,,,,,,
576,791,1,,201,45,120,77.67929089,0.05022329,132,,8.4,0.8,135,1.6,13,80,3.142857143,0,0,47,31,30,31,25,15,5,6,5,4,3
577,791,2,,197,195,85,72.2323601,0.084509804,133,43.29648084,52.2,5.9,54,1.2,3,117,0,0,6,230,37.75,27.34,31.97,26.89,32.93,5.44,4.84,5.46,4.8,5.36
578,791,3,,196,94,120,72.63495457,0.060205999,135,52.88876515,16.4,,105,0.9,5,100,0.9,0,6,117,30.05,30.94,28.04,32.28,30.36,9.53,9.29,9.36,10.06,9.82
579,791,4,,201,17,150,75.99323753,0.049357513,,57.16143832,2.5,0.1,77,0.1,8,60,1,0,2,16,29.5,24.9,22.1,20.1,15.1,3.5,3.9,4.1,3.1,2.9
580,791,5,,201,62,120,63.79310345,0.115710298,132,34.17746573,,,156,5.3,14,82,9.6,0,0,76,26.97,26.36,20.93,24.77,22.69,4.87,4.69,4.18,4.79,4.49
581,792,1,,214,89,95,77.30943152,0.113033377,,54.57944145,85.3,7,96,1.4,6,125,0.2,0,0,223,28.57,29.26,26.57,28.71,28.5,5.62,5.36,4.96,5.46,5.56
582,792,2,,222,24,90,73.23420074,0.074036269,134,45.8225299,26,2.4,121,1.9,10,,0.8,10,0,107,25.87,26.99,24.59,29.2,29.84,5.18,5.47,5.15,5.36,5.56
583,792,2,,210,101,110,,0.084509804,135,,128.1,10.3,,,28,137,1,0,0,366,27.9,31.2,25,25.5,32.8,5.2,5.3,4.8,4.5,4
584,792,4,,210,28,120,72.85223368,0.065321251,133,46.28156526,18,0.8,55,1.3,12,100,0.9,0,0,69,9.94,21.29,21.16,28.84,31.58,5.65,6.12,9.79,4.51,2.16
585,792,5,,,,,,0.117855316,131,47.14274685,8.9,2.4,41,,8,,,,,0,,,,,,,,,,
586,793,2,2,,,,72.21345122,,,41.95503005,,,46,0.5,,,,,,NA,,,,,,,,,,
587,798,4,,,0,65,,,,,0.1,0.1,,1,0,0,4.5,,,0,,,,,,,,,,
588,803,5,1,,,125,64.18181818,0.022011407,142,48.21351519,9.6,,24,0.4,0,64,0.3,,,0,,,,,,,,,,
589,803,5,3,288,0,110,64.62585034,0.047712125,152,40.27682885,1.6,,135,0.8,2,79,1.5,,,0,,,,,,,,,,
590,806,2,1,208,40,90,73.94067797,0.069897,136,47.8318004,26.5,2.4,164,0.3,3,109,1.3,6,0,71,29.72,28.03,27.1,25.57,26.01,5.12,5.61,5.43,5.17,5.08
591,824,1,,248,0,50,79.09516381,,161,104.8595678,6.6,0.4,80,0.5,0,76,0.7,1,0,13,31.2,26.2,24.3,26.9,28.2,4.3,3.9,3.5,3.6,4.2
592,825,3,1,231,1,175,71.08571429,0.093899782,133,39.84769977,10.9,1.4,126,6.9,14,83,0.3,2,0,19,34.62,36.25,34.17,36.73,35.27,5.56,5.47,5.25,5.21,5.71
593,831,1,,231,1,85,71.6904277,0.08646125,132,48.75221369,132.2,13.2,151,1.4,12,141,1.3,0,1,335,20.78,19.86,32.65,33.05,23.89,5.32,4.77,4.45,3.62,4.4
594,831,2,,238,0,120,73.99080225,0.060205999,135,68.2361566,12,1.6,109,1.5,3,60,2.6,0,0,6,23.25,21.32,23.18,23.09,18.68,2.79,4.05,3.9,3.95,3.71
595,837,1,,264,0,125,73.94514768,0.063616167,,62.13593058,11.3,1.5,80,2.4,2,107,0.2,1,0,23,37.9,32.79,18.1,34.3,25.69,4.94,4.95,3.33,5.19,2.86
596,837,2,,259,0,135,69.92353441,0.059640157,135,63.03356039,,,202,1.4,0,97,0.6,,,NA,,,,,,,,,,
597,837,3,,236,0,130,74.85789244,0.106026945,132,59.86266482,70.7,8.1,92,1.8,11,156,0.1,0,0,55,21.89,20.33,40.03,27.4,41.03,5.1,4.86,2.3,5.79,3.05
598,837,4,,270,0,200,77.56457565,0.075257499,,84.17986736,8.4,0.8,108,0.6,0,94,0.1,0,0,11,19.36,22.84,22.43,31.66,31.51,2.79,3.04,2.9,3.61,4.15
599,837,5,,254,0,135,76.67713389,0.095424251,134,55.94004006,65.9,6.5,35,0.9,8,157,0.1,0,0,66,35.5,38.5,22.5,34.5,32.5,3.5,4,2.5,3,4
600,851,1,,190,15,120,75.215311,0.047712125,140,67.5320862,,,166,0.5,8,,0.25,,,NA,,,,,,,,,,
601,851,2,,,0,120,76.59906396,,,77.60851408,0.2,,62,1.7,,,1.8,,,0,,,,,,,,,,
602,851,3,3,,0,,,,,,0.2,,,,0,0,7,,,0,,,,,,,,,,
603,851,5,,,0,120,80.92068774,,,82.58655757,0.3,,140,1.428571429,0,0,4.5,,,0,,,,,,,,,,
604,864,2,,199,26,75,74.8534202,0.092941893,135,55.11566053,3.9,0.5,104,0.8,9,183,0,0,2,23,34.9,23.1,25.1,21.5,17.9,8,7,7,5,5
605,877,1,,200,110,150,78.3706721,0.10326877,129,61.93991818,41.4,3.7,9,1.8,10,85,1.3,19,7,133,24.72,26.18,27.56,26.56,24.81,5.57,4.48,6,4.93,5.73
606,880,4,1,193,54,165,78.50526988,0.069897,136,49.21041118,27.7,,82,19.2,9,91,5.3,8,1,56,34.19,31.25,33.42,35.29,35.28,5.56,5.96,5.93,4.26,5.07
607,888,1,,208,25,105,77.07889126,0.139794001,132,72.72205208,26.1,,99,1.1,5,70,4.7,12,0,77,29.8,32.3,35.7,29.1,30.5,4.1,5.1,5.1,4.5,4
608,888,1,2,207,63,165,76.68139421,0.072579168,141,47.80268792,,,202,1.4,12,84,2.4,,,NA,,,,,,,,,,
609,890,4,1,203,31,140,73.51664255,0.058337418,136,35.20386206,11.9,1.5,76,1.3,13,87,1.4,0,0,46,25.68,26.51,24.12,25.3,21.12,5.41,5.74,5.37,5.5,5.17
610,891,3,1,276,0,110,73.92405063,0.095424251,133,61.89110816,1.9,,225,1.8,0,53,0.7,,,0,,,,,,,,,,
611,891,3,2,241,0,125,71.99816682,0.065321251,150,41.12032264,17.3,2.1,213,8.3,14,110,1.3,13,0,33,36.99,25.55,29.2,33.85,26.8,5.04,3.78,4.45,5.16,4.12
612,891,4,,206,42,80,66.62387677,0.060205999,137,,15.2,1,204,0.7,4,106,3.8,0,0,64,30.08,27.21,22.75,28.15,27.23,4.45,5.16,5.08,4.67,5.07
613,892,3,,207,41,110,74.26379609,0.082262521,131,54.69346536,33.4,3.5,79,8,18,104,0.2,0,0,55,31.2,31.5,30.2,24.4,33.5,5.1,5.9,5.2,4.2,5
614,893,1,,205,88,130,76.05300521,0.033447777,129,47.42742527,131,11.3,180,1.7,12,95,0.5,3,0,93,26.16,35.38,29.43,20.46,33.38,4.72,5.44,5.99,5.25,5.59
615,893,1,2,200,122,100,74.41553295,0.10326877,131,42.73112962,44.8,3,0,1.2,5,150,1,,,NA,,,,,,,,,,
616,893,4,,219,18,60,70.67137809,0.060205999,134,42.11250201,15.2,1.5,148,24.44444444,5,100,0.6,2,0,18,34.56,28.51,31.71,27.25,20.38,6.17,5.62,5.91,4.35,4.2
617,893,5,,,0,,74.41553295,0.100343332,132,,,,,,17,,,,,0,,,,,,,,,,
618,908,1,,204,192,100,79.18705307,0.10326877,130,49.42719714,100.7,,110,1.2,12,153,0.3,64,0,252,28.5,29.4,34.2,28.3,31.1,4.5,4.9,5.2,4.1,5
619,908,2,,209,34,135,70.88859416,0.117855316,130,49.77174667,36.4,2.2,51,1.4,3,0,0.6,0,0,61,30.47,32.41,33.58,30.28,31.02,4.99,5.26,5.71,5.34,5.01
620,908,3,,220,18,115,69.07001045,0.082262521,131,42.66149715,9.8,0.7,160,1,9,91,0.3,5,0,32,32.91,28.34,26.64,25.74,27.54,5.5,5.54,5.2,4.81,5.64
621,908,4,,220,17,150,68.95943563,0.108635956,131,36.54714577,6.5,0.7,155,0.8,3,82,0.1,4,0,23,26.11,21.82,22.8,26.46,24.23,5.07,4.57,4.43,5.38,5.02
622,914,1,,200,137,100,77.35129639,0.106026945,131,59.32010291,86.7,0.1,270,3.5,4,120,0.4,70,2,231,15.97,17.83,19.76,29.1,31.44,2.44,4.86,5.32,6.36,7.69
623,914,1,5,213,36,115,79.42073171,0.075188179,131,144.9074101,8.1,8,40,0.7,13,79,2.7,,,NA,,,,,,,,,,
624,914,2,,199,173,165,81.02030948,0.113465478,134,59.40984588,91.9,9.3,14,1.1,3,145,0.9,52,18,243,29.84,24.76,26.92,32.33,29.14,6.26,5.87,6.46,7.14,6.17
625,914,3,,209,41,120,75.3968254,0.082262521,131,68.47412053,18.5,1.3,89,2.8,0,88,0.7,23,0,53,27.95,29.32,27.29,29.94,25.6,5.49,5.19,5.48,6.27,6.06
626,914,4,,204,58,170,71.30434783,0.10326877,132,43.65748541,17.1,1.6,97,1.2,12,89,,11,4,56,27.9,26.2,27.6,28.3,26.5,6.6,6.9,5.2,6.1,4.9
627,915,1,,190,34,70,75.86445367,0.097229029,132,58.30721325,8.5,0.5,56,3.6,16,81,1.6,,,NA,,,,,,,,,,
628,915,2,,185,55,70,77.76475758,,,48.06598302,23.4,2,29,0.4,,,1,0,21,59,30.07,31.81,29.3,26.18,26.16,5.57,6.25,6.26,6.19,5.98
629,915,3,,,0,135,75.4714544,,,50.67084919,6.3,2.7,102,0.8,0,0,2.3,,,0,,,,,,,,,,
630,915,4,,,0,130,70.92084006,,,63.85350915,1.6,0.5,111,2.9,0,0,1.1,,,NA,,,,,,,,,,
631,915,5,,188,39,90,47.6366517,0.129040889,131,59.0969272,16.4,1.5,99,2.4,9,106,0.5,0,11,48,25.73,24.69,24.44,25.11,23.57,5.98,5.3,5.73,5.76,5.19
632,6,1,,,0,85,,,,,1.4,,,7,0,0,3.5,,,0,,,,,,,,,,
633,6,2,,,0,105,80.18468642,,,84.36070489,0.3,,516,1.666666667,0,0,0,,,0,,,,,,,,,,
634,6,3,,,0,110,75.78975312,,,54.01637981,2.9,0.2,132,0.1,0,0,0.8,,,0,,,,,,,,,,
635,6,4,,,0,115,81.74386921,,,,0.5,0.1,156,4.111111111,0,0,0.8,,,0,,,,,,,,,,
636,6,5,,,0,60,,0.100343332,,,0.1,,,26.25,9,80,,,,0,,,,,,,,,,
637,8,1,,195,24,110,81.65230613,0.117855316,130,65.61388158,8,1,57,1.2,20,,0.5,9,5,48,25.1,18.44,20.36,23.1,24.58,3.69,3.4,3.52,4.64,5.52
638,8,2,,186,29,85,77.09011944,0.08646125,131,53.28345743,7.1,1,37,1.9,9,0,0.3,6,16,52,24.39,27.54,24.71,27.95,28.98,4.57,5.23,4.92,5.12,6.04
639,8,3,,200,14,130,73.04347826,,132,63.95750509,,,146,8.5,/,,0.571428571,,,0,,,,,,,,,,
640,8,4,,,0,150,67.54385965,0.117855316,,35.944996,,,245,1.2,3,,2.9,,,0,,,,,,,,,,
641,8,5,,194,13,105,70.91722595,0.107918125,130,35.944996,2.5,0.1,128,0.8,9,97,3.125,0,0,88,19.5,21,15,15,11,2.5,5,3,1.6,1
642,9,1,,207,88,110,80.12085851,0.1161368,134,96.72391164,42.8,,61,0.9,1,124,5.2,31,5,140,30.74,32.39,26.83,27.25,32.46,6.17,5.85,5.72,5.24,5.38
643,9,2,,200,119,115,72.66907589,0.084509804,135,41.93263014,59.2,,8,3.4,14,81,0.1,33,12,220,30.5,24.5,31.5,30.5,27,5.5,4.5,5,5.5,5.5
644,9,3,,215,23,160,68.58137511,,136,42.24842187,8.4,0.7,94,1.9,,,0.6,0,0,28,22.14,26.92,28.57,27.75,23.5,4.86,5.72,5.04,4.96,4.84
645,9,5,,209,26,100,75.87253414,0.084509804,134,,11.5,0.9,59,7,4,63,0.6,0,0,30,27.33,29.03,26.28,27.42,25.5,4.67,5.18,5.56,5.2,4.87