Pop,Turku_ID,Tissue,Oenothein_B ,Oenothein_A
6,141204 Daniel Ob Leaf 1,Leaf,49.23032653,4.657332915
8,141204 Daniel Ob Leaf 2,Leaf,62.52368116,5.280348278
9,141204 Daniel Ob Leaf 3,Leaf,70.12406911,6.526646158
22,141204 Daniel Ob Leaf 4,Leaf,12.47718267,23.87700175
23,141204 Daniel Ob Leaf 5,Leaf,17.56978005,27.93956423
181,141204 Daniel Ob Leaf 6,Leaf,2.301454082,22.17842776
182,141204 Daniel Ob Leaf 7,Leaf,4.109732895,28.67838428
183,141204 Daniel Ob Leaf 8,Leaf,62.54475815,7.022122905
378,141204 Daniel Ob Leaf 9,Leaf,92.3631605,8.368505903
379,141204 Daniel Ob Leaf 10,Leaf,1.080531191,23.6769649
411,141204 Daniel Ob Leaf 11,Leaf,63.5911592,5.856356084
442,141204 Daniel Ob Leaf 12,Leaf,9.393115758,19.87963795
447,141204 Daniel Ob Leaf 13,Leaf,0.566718778,34.86669071
465,141204 Daniel Ob Leaf 14,Leaf,3.280592627,28.72489631
501,141204 Daniel Ob Leaf 15,Leaf,1.164774463,20.36230591
514,141204 Daniel Ob Leaf 16,Leaf,0.7161389,20.75444627
515,141204 Daniel Ob Leaf 17,Leaf,0.369002695,48.51663423
516,141204 Daniel Ob Leaf 18,Leaf,1.540692147,64.80776007
518,141204 Daniel Ob Leaf 19,Leaf,55.66244658,5.308945967
570,141204 Daniel Ob Leaf 20,Leaf,49.90310209,5.113676105
571,141204 Daniel Ob Leaf 21,Leaf,49.16465798,4.342774095
572,141204 Daniel Ob Leaf 22,Leaf,44.33058037,4.172966427
573,141204 Daniel Ob Leaf 23,Leaf,46.14154061,3.896865119
574,141204 Daniel Ob Leaf 24,Leaf,48.19256225,12.24089205
658,141204 Daniel Ob Leaf 25,Leaf,56.94822992,6.263390748
659,141204 Daniel Ob Leaf 26,Leaf,3.236123976,31.32365884
661,141204 Daniel Ob Leaf 27,Leaf,69.11910979,4.970323777
676,141204 Daniel Ob Leaf 28,Leaf,0.498702543,49.60973839
688,141204 Daniel Ob Leaf 29,Leaf,79.02671404,9.503198511
689,141204 Daniel Ob Leaf 30,Leaf,67.27128682,6.129866162
690,141204 Daniel Ob Leaf 31,Leaf,79.11261355,4.030055419
691,141204 Daniel Ob Leaf 32,Leaf,88.06997634,5.314946341
692,141204 Daniel Ob Leaf 33,Leaf,48.38663753,3.655378521
693,141204 Daniel Ob Leaf 34,Leaf,62.47369215,4.04148125
694,141204 Daniel Ob Leaf 35,Leaf,63.82814523,4.652226161
696,141204 Daniel Ob Leaf 36,Leaf,59.12175673,3.484845663
697,141204 Daniel Ob Leaf 38,Leaf,89.54070383,6.077943845
698,141204 Daniel Ob Leaf 39,Leaf,58.23658246,5.895412821
699,141204 Daniel Ob Leaf 40,Leaf,67.39598955,7.442568408
700,141204 Daniel Ob Leaf 41,Leaf,57.30799176,4.234669299
701,141204 Daniel Ob Leaf 42,Leaf,63.7259196,4.707290932
702,141204 Daniel Ob Leaf 43,Leaf,49.35498387,3.20077445
703,141204 Daniel Ob Leaf 44,Leaf,81.20093789,9.120605727
704,141204 Daniel Ob Leaf 45,Leaf,64.85064076,5.338203046
705,141204 Daniel Ob Leaf 46,Leaf,65.73966602,7.131744778
706,141204 Daniel Ob Leaf 47,Leaf,54.80635907,6.057778052
707,141204 Daniel Ob Leaf 48,Leaf,55.00350221,3.708855599
708,141204 Daniel Ob Leaf 49,Leaf,79.90743948,6.038819616
709,141204 Daniel Ob Leaf 50,Leaf,1.245034689,56.47047526
710,141204 Daniel Ob Leaf 51,Leaf,0.56166072,17.28324338
712,141204 Daniel Ob Leaf 52,Leaf,23.34190434,24.28191463
713,141204 Daniel Ob Leaf 53,Leaf,0.502466411,17.18767255
714,141204 Daniel Ob Leaf 54,Leaf,0.505329231,29.79003846
715,141204 Daniel Ob Leaf 55,Leaf,0.766238764,34.3881716
716,141204 Daniel Ob Leaf 56,Leaf,81.28143415,8.706634615
717,141204 Daniel Ob Leaf 57,Leaf,64.67248495,6.573824636
718,141204 Daniel Ob Leaf 58,Leaf,58.06742241,4.843586128
719,141204 Daniel Ob Leaf 59,Leaf,51.3663229,3.794094518
720,141204 Daniel Ob Leaf 60,Leaf,23.0287037,12.89864166
723,141204 Daniel Ob Leaf 61,Leaf,0.419504235,18.85524235
724,141204 Daniel Ob Leaf 62,Leaf,0.603858299,63.37234343
725,141204 Daniel Ob Leaf 63,Leaf,1.956527679,38.57759301
726,141204 Daniel Ob Leaf 64,Leaf,5.157393722,56.28103797
727,141204 Daniel Ob Leaf 65,Leaf,5.655260546,36.56190199
728,141204 Daniel Ob Leaf 66,Leaf,69.86961988,4.244757666
729,141204 Daniel Ob Leaf 67,Leaf,35.03058997,4.83290665
730,141204 Daniel Ob Leaf 68,Leaf,0.729483562,44.81518646
731,141204 Daniel Ob Leaf 69,Leaf,1.1243016,18.07727
732,141204 Daniel Ob Leaf 70,Leaf,0.754114785,15.40075063
733,141204 Daniel Ob Leaf 71,Leaf,18.650356,18.0392679
734,141204 Daniel Ob Leaf 72,Leaf,56.96285579,6.006185963
735,141204 Daniel Ob Leaf 73,Leaf,44.64033019,9.354022062
736,141204 Daniel Ob Leaf 74,Leaf,6.719632926,26.70654354
737,141204 Daniel Ob Leaf 75,Leaf,6.788333121,53.69249265
738,141204 Daniel Ob Leaf 76,Leaf,5.06267458,44.36808736
739,141204 Daniel Ob Leaf 77,Leaf,0.759355902,44.61624878
740,141204 Daniel Ob Leaf 78,Leaf,14.516586,35.12177692
741,141204 Daniel Ob Leaf 79,Leaf,73.70655549,8.325495364
742,141204 Daniel Ob Leaf 80,Leaf,84.31065841,4.734053815
743,141204 Daniel Ob Leaf 81,Leaf,5.296972973,46.78509134
744,141205 Daniel Ob Leaf 82,Leaf,72.18323301,8.56622971
745,141205 Daniel Ob Leaf 83,Leaf,86.41084938,10.22602941
746,141205 Daniel Ob Leaf 84,Leaf,0.775771695,36.58714005
747,141205 Daniel Ob Leaf 85,Leaf,31.97358673,9.393609119
748,141205 Daniel Ob Leaf 86,Leaf,49.83490882,6.95169227
749,141205 Daniel Ob Leaf 87,Leaf,77.90526503,7.198106915
750,141205 Daniel Ob Leaf 88,Leaf,44.40718485,6.39873
751,141205 Daniel Ob Leaf 89,Leaf,71.32623916,5.242864328
752,141205 Daniel Ob Leaf 90,Leaf,73.14871558,5.286904346
753,141205 Daniel Ob Leaf 91,Leaf,84.59000722,5.025888562
754,141205 Daniel Ob Leaf 92,Leaf,83.67506525,6.7428348
755,141205 Daniel Ob Leaf 93,Leaf,72.93174476,5.360521092
756,141205 Daniel Ob Leaf 94,Leaf,76.99458927,5.643996991
757,141205 Daniel Ob Leaf 95,Leaf,76.30379816,6.56993084
758,141205 Daniel Ob Leaf 96,Leaf,30.46215692,30.39577482
759,141205 Daniel Ob Leaf 97,Leaf,69.0590156,5.632488676
760,141205 Daniel Ob Leaf 98,Leaf,60.01718831,3.832630391
761,141205 Daniel Ob Leaf 99,Leaf,47.02738466,13.64753885
762,141205 Daniel Ob Leaf 100,Leaf,0.743524184,28.49118942
763,141205 Daniel Ob Leaf 101,Leaf,59.37216768,2.589733566
765,141205 Daniel Ob Leaf 102,Leaf,6.199880533,49.03834144
766,141205 Daniel Ob Leaf 103,Leaf,1.963419383,52.92944812
767,141205 Daniel Ob Leaf 104,Leaf,0.761492108,32.88348523
768,141205 Daniel Ob Leaf 105,Leaf,7.276510998,38.24637856
769,141205 Daniel Ob Leaf 106,Leaf,0.354336693,35.28063478
770,141205 Daniel Ob Leaf 107,Leaf,49.59932156,7.065008612
771,141205 Daniel Ob Leaf 108,Leaf,3.166891886,29.46929133
772,141205 Daniel Ob Leaf 109,Leaf,77.04452344,7.83962334
773,141205 Daniel Ob Leaf 110,Leaf,64.77118064,7.791644254
774,141205 Daniel Ob Leaf 111,Leaf,0.461303343,12.81977964
775,141205 Daniel Ob Leaf 112,Leaf,36.58963969,7.277467139
776,141205 Daniel Ob Leaf 113,Leaf,1.035448006,52.061903
777,141205 Daniel Ob Leaf 114,Leaf,59.80192065,6.78055625
778,141205 Daniel Ob Leaf 115,Leaf,60.67095074,4.95533276
779,141205 Daniel Ob Leaf 116,Leaf,48.75710758,4.431198327
780,141205 Daniel Ob Leaf 117,Leaf,0.70201648,13.37173194
781,141205 Daniel Ob Leaf 118,Leaf,0.447747297,34.92014765
782,141205 Daniel Ob Leaf 119,Leaf,58.81135805,5.319474937
783,141205 Daniel Ob Leaf 120,Leaf,11.7452437,11.12701555
784,141205 Daniel Ob Leaf 121,Leaf,58.63549361,5.589197
785,141205 Daniel Ob Leaf 122,Leaf,5.149538157,28.00224712
786,141205 Daniel Ob Leaf 123,Leaf,0.915958006,22.37270267
787,141205 Daniel Ob Leaf 124,Leaf,0.765401907,22.29344957
788,141205 Daniel Ob Leaf 125,Leaf,66.7613997,7.761549118
789,141205 Daniel Ob Leaf 126,Leaf,53.79233769,6.047992087
790,141205 Daniel Ob Leaf 127,Leaf,75.54199965,5.869382872
791,141205 Daniel Ob Leaf 128,Leaf,52.91708276,7.641621689
792,141205 Daniel Ob Leaf 129,Leaf,3.872944135,46.08403715
803,141205 Daniel Ob Leaf 130,Leaf,8.207413102,32.41971009
806,141205 Daniel Ob Leaf 131,Leaf,3.404798995,25.59845178
825,141205 Daniel Ob Leaf 132,Leaf,0.397753139,27.38749617
831,141205 Daniel Ob Leaf 133,Leaf,9.651101477,57.97110167
837,141205 Daniel Ob Leaf 134,Leaf,0.508775088,10.8144072
851,141205 Daniel Ob Leaf 135,Leaf,57.19694075,5.810802005
864,141205 Daniel Ob Leaf 136,Leaf,45.0323934,5.519786168
877,141205 Daniel Ob Leaf 137,Leaf,85.00348078,8.114968215
880,141205 Daniel Ob Leaf 138,Leaf,63.62978508,7.033792006
888,141205 Daniel Ob Leaf 139,Leaf,71.88318896,5.25833252
890,141205 Daniel Ob Leaf 140,Leaf,56.22292753,6.184302969
891,141205 Daniel Ob Leaf 141,Leaf,16.77134585,10.9117152
892,141205 Daniel Ob Leaf 142,Leaf,94.77730572,10.38988354
893,141205 Daniel Ob Leaf 143,Leaf,80.17871664,8.631891074
908,141205 Daniel Ob Leaf 144,Leaf,69.92874623,4.114903363
914,141205 Daniel Ob Leaf 145,Leaf,87.26780752,8.893059129
915,141205 Daniel Ob Leaf 146,Leaf,66.20261651,4.837386076
705,141205 Daniel Ob Flower 181,Flower,23.06814855,1.423711302
23,141205 Daniel Ob Flower 183,Flower,12.88133936,11.6873631
778,141205 Daniel Ob Flower 185,Flower,30.064138,2.961370968
762,141205 Daniel Ob Flower 187,Flower,9.898992018,12.91143366
712,141205 Daniel Ob Flower 189,Flower,17.46199353,2.78564787
737,141205 Daniel Ob Flower 191,Flower,2.328564519,3.057882486
730,141205 Daniel Ob Flower 193,Flower,1.27297719,22.04216848
713,141205 Daniel Ob Flower 195,Flower,11.0195331,44.53903641
8,141205 Daniel Ob Flower 308,Flower,31.70271904,4.492868008
182,141205 Daniel Ob Flower 311,Flower,25.72183302,39.50486097
183,141205 Daniel Ob Flower 312,Flower,27.21929341,6.882211538
378,141205 Daniel Ob Flower 313,Flower,27.87264967,5.571797954
379,141205 Daniel Ob Flower 314,Flower,18.92731097,49.9731216
411,141205 Daniel Ob Flower 315,Flower,37.74356652,10.43067584
442,141205 Daniel Ob Flower 316,Flower,10.23207175,22.92702532
9,141206 Daniel Ob Flower 309,Flower,20.27139564,2.803412281
22,141206 Daniel Ob Flower 310,Flower,5.606325552,12.73064492
447,141206 Daniel Ob Flower 317,Flower,3.192221914,23.34007189
465,141206 Daniel Ob Flower 318,Flower,9.657824448,26.83637089
501,141206 Daniel Ob Flower 319,Flower,1.971981444,20.5872547
514,141206 Daniel Ob Flower 320,Flower,18.19921162,20.62818538
515,141206 Daniel Ob Flower 321,Flower,0.588612341,13.20754698
516,141206 Daniel Ob Flower 322,Flower,4.100387266,24.56564932
518,141206 Daniel Ob Flower 323,Flower,31.34207145,4.643564977
570,141206 Daniel Ob Flower 324,Flower,24.88124352,3.531713568
571,141206 Daniel Ob Flower 325,Flower,26.39944494,3.640329077
572,141206 Daniel Ob Flower 326,Flower,23.91639857,0.116372283
573,141206 Daniel Ob Flower 327,Flower,24.87454821,3.018262649
574,141206 Daniel Ob Flower 328,Flower,26.27032433,17.29320614
658,141206 Daniel Ob Flower 329,Flower,38.2372673,7.904331745
659,141206 Daniel Ob Flower 330,Flower,9.562039401,12.20135059
676,141206 Daniel Ob Flower 331,Flower,1.937069561,24.18938659
688,141206 Daniel Ob Flower 332,Flower,40.90908558,6.646498011
689,141206 Daniel Ob Flower 333,Flower,50.94980644,6.362380429
690,141206 Daniel Ob Flower 334,Flower,36.04176841,2.81000879
691,141206 Daniel Ob Flower 335,Flower,19.27410271,3.958363499
692,141206 Daniel Ob Flower 336,Flower,48.13812972,6.088138244
693,141206 Daniel Ob Flower 337,Flower,21.82673032,2.428605459
694,141206 Daniel Ob Flower 338,Flower,43.178087,7.007787298
695,141206 Daniel Ob Flower 339,Flower,27.87722973,3.559489594
696,141206 Daniel Ob Flower 340,Flower,36.60860964,4.106439169
697,141206 Daniel Ob Flower 341,Flower,28.45272831,4.470927964
698,141206 Daniel Ob Flower 342,Flower,50.80119814,6.739008325
699,141206 Daniel Ob Flower 343,Flower,27.30663387,4.857655696
700,141206 Daniel Ob Flower 344,Flower,55.54050255,9.9524375
701,141207 Daniel Ob Flower 345,Flower,16.42417602,2.437145551
702,141207 Daniel Ob Flower 346,Flower,26.734976,3.020603704
703,141207 Daniel Ob Flower 347,Flower,62.47000461,13.46572462
704,141207 Daniel Ob Flower 348,Flower,32.37515237,5.632357467
706,141207 Daniel Ob Flower 349,Flower,32.89195286,2.467987836
707,141207 Daniel Ob Flower 350,Flower,38.51374829,3.110062096
708,141207 Daniel Ob Flower 351,Flower,20.51673186,2.604284119
710,141207 Daniel Ob Flower 352,Flower,43.64214067,5.85721998
714,141207 Daniel Ob Flower 353,Flower,2.092908358,12.97820771
715,141207 Daniel Ob Flower 354,Flower,5.190335644,11.22195421
718,141207 Daniel Ob Flower 355,Flower,18.8296472,2.820157908
719,141207 Daniel Ob Flower 356,Flower,36.4798793,4.255130615
720,141207 Daniel Ob Flower 357,Flower,22.66923508,4.702994753
723,141207 Daniel Ob Flower 358,Flower,1.57894862,11.7664137
724,141207 Daniel Ob Flower 359,Flower,4.809703012,50.97139056
725,141207 Daniel Ob Flower 360,Flower,5.285606834,22.57552889
726,141207 Daniel Ob Flower 361,Flower,7.503328976,14.9713439
727,141207 Daniel Ob Flower 362,Flower,6.059124268,17.71856203
728,141207 Daniel Ob Flower 363,Flower,36.80138323,5.626816377
729,141207 Daniel Ob Flower 364,Flower,31.23678123,4.722356465
731,141207 Daniel Ob Flower 365,Flower,3.325525651,11.995914
732,141207 Daniel Ob Flower 366,Flower,1.667349457,6.655766705
733,141207 Daniel Ob Flower 367,Flower,1.106780248,9.549765509
734,141207 Daniel Ob Flower 368,Flower,34.54222545,6.008453881
735,141207 Daniel Ob Flower 369,Flower,35.02604831,13.10962886
738,141207 Daniel Ob Flower 370,Flower,6.585711978,12.38760065
739,141207 Daniel Ob Flower 371,Flower,3.434189698,32.29240704
740,141207 Daniel Ob Flower 372,Flower,11.39396835,16.68739297
741,141207 Daniel Ob Flower 373,Flower,26.70829579,3.424108115
742,141207 Daniel Ob Flower 374,Flower,13.33096803,1.179001232
743,141207 Daniel Ob Flower 375,Flower,1.252089826,0.50373201
744,141207 Daniel Ob Flower 376,Flower,21.67323436,3.207843857
745,141207 Daniel Ob Flower 377,Flower,25.5084525,3.76406625
746,141207 Daniel Ob Flower 378,Flower,3.51493852,27.15345026
747,141207 Daniel Ob Flower 379,Flower,28.76631934,8.279192602
748,141207 Daniel Ob Flower 380,Flower,36.40129714,2.985364662
749,141207 Daniel Ob Flower 381,Flower,20.26024807,0.626044701
750,141207 Daniel Ob Flower 382,Flower,24.32535207,0.525185961
751,141207 Daniel Ob Flower 383,Flower,18.57022374,1.832491067
752,141207 Daniel Ob Flower 384,Flower,4.035681333,0.51154321
753,141207 Daniel Ob Flower 385,Flower,36.37663958,3.715593889
754,141207 Daniel Ob Flower 386,Flower,33.33424867,3.811607411
755,141207 Daniel Ob Flower 387,Flower,33.9580409,5.259803678
756,141207 Daniel Ob Flower 388,Flower,32.12609277,3.693164043
757,141207 Daniel Ob Flower 389,Flower,35.73731069,7.580086628
758,141207 Daniel Ob Flower 390,Flower,17.57610044,12.26707927
759,141207 Daniel Ob Flower 391,Flower,17.69110482,3.478186496
760,141207 Daniel Ob Flower 392,Flower,18.68364415,2.987388535
761,141207 Daniel Ob Flower 393,Flower,34.95587691,11.45757108
763,141207 Daniel Ob Flower 394,Flower,38.5101106,9.435263739
765,141207 Daniel Ob Flower 395,Flower,9.224839756,21.26511341
766,141207 Daniel Ob Flower 396,Flower,2.539756546,20.94402812
767,141207 Daniel Ob Flower 397,Flower,1.391047552,14.75817807
768,141207 Daniel Ob Flower 398,Flower,11.69531866,18.60370297
769,141207 Daniel Ob Flower 399,Flower,1.488597723,21.47199266
770,141207 Daniel Ob Flower 400,Flower,25.86493899,7.558848114
771,141207 Daniel Ob Flower 401,Flower,6.749275249,18.70858939
772,141207 Daniel Ob Flower 402,Flower,34.47089202,4.336073892
773,141207 Daniel Ob Flower 403,Flower,37.75168211,4.568334608
774,141207 Daniel Ob Flower 404,Flower,25.14233408,4.184676514
775,141209 Daniel Ob Flower 405,Flower,38.31615929,9.030030196
776,141209 Daniel Ob Flower 406,Flower,2.111496855,20.78211671
777,141209 Daniel Ob Flower 407,Flower,15.67512872,2.918094397
779,141209 Daniel Ob Flower 408,Flower,35.48637637,3.757409684
780,141209 Daniel Ob Flower 409,Flower,1.619907924,19.7704012
781,141209 Daniel Ob Flower 410,Flower,2.978185545,37.87647153
782,141209 Daniel Ob Flower 411,Flower,24.39156604,16.85994522
784,141209 Daniel Ob Flower 412,Flower,2.974769824,12.68231934
785,141209 Daniel Ob Flower 413,Flower,46.87010468,6.419653941
786,141209 Daniel Ob Flower 414,Flower,3.776440668,9.638570727
787,141209 Daniel Ob Flower 415,Flower,2.825663338,20.5253614
788,141209 Daniel Ob Flower 416,Flower,63.59296421,13.03352783
789,141209 Daniel Ob Flower 417,Flower,61.7772091,8.529983847
790,141209 Daniel Ob Flower 418,Flower,20.42512768,2.480250611
791,141209 Daniel Ob Flower 419,Flower,17.31891558,4.174239019
792,141209 Daniel Ob Flower 420,Flower,5.763953702,21.62650862
806,141209 Daniel Ob Flower 421,Flower,8.117913303,30.89528925
824,141209 Daniel Ob Flower 422,Flower,4.57996557,53.1842519
825,141209 Daniel Ob Flower 423,Flower,4.533653148,51.41509151
831,141209 Daniel Ob Flower 424,Flower,9.555882724,37.95707937
837,141209 Daniel Ob Flower 425,Flower,2.694850944,22.05797465
851,141209 Daniel Ob Flower 426,Flower,41.43872976,8.780943978
877,141209 Daniel Ob Flower 427,Flower,24.44771472,3.000453971
880,141209 Daniel Ob Flower 428,Flower,28.94137315,5.911278325
888,141209 Daniel Ob Flower 429,Flower,31.97673191,6.058497031
890,141209 Daniel Ob Flower 430,Flower,16.14297757,5.620346212
891,141209 Daniel Ob Flower 431,Flower,30.54636018,44.24695631
892,141209 Daniel Ob Flower 432,Flower,59.84244887,13.46159795
893,141209 Daniel Ob Flower 433,Flower,61.29135663,13.67291749
908,141209 Daniel Ob Flower 434,Flower,28.20594046,6.255330769
914,141209 Daniel Ob Flower 435,Flower,21.16243572,3.806441364
915,141209 Daniel Ob Flower 436,Flower,42.84652879,7.690478196
705,141205 Daniel Ob Fruit 182,Fruit,67.2643983,18.70780546
23,141205 Daniel Ob Fruit 184,Fruit,10.27878462,40.77050528
778,141205 Daniel Ob Fruit 186,Fruit,62.26116618,5.33779902
762,141205 Daniel Ob Fruit 188,Fruit,80.55927086,69.25515853
712,141205 Daniel Ob Fruit 190,Fruit,87.44429114,11.51540374
737,141205 Daniel Ob Fruit 192,Fruit,4.104669904,44.32466281
730,141205 Daniel Ob Fruit 194,Fruit,1.357436406,22.85623272
713,141205 Daniel Ob Fruit 196,Fruit,8.422436341,111.9931918
8,141209 Daniel Ob Fruit 574,Fruit,40.24907122,4.413968293
9,141209 Daniel Ob Fruit 575,Fruit,49.01163778,13.16054629
22,141209 Daniel Ob Fruit 576,Fruit,5.649726935,84.0540691
182,141209 Daniel Ob Fruit 577,Fruit,20.72091847,117.1954809
183,141209 Daniel Ob Fruit 578,Fruit,64.75974234,12.35840122
411,141209 Daniel Ob Fruit 579,Fruit,85.59367726,17.55634162
442,141209 Daniel Ob Fruit 580,Fruit,11.20790853,77.05334932
465,141209 Daniel Ob Fruit 581,Fruit,14.6282808,106.1241964
501,141209 Daniel Ob Fruit 582,Fruit,5.019257383,118.7129659
514,141209 Daniel Ob Fruit 583,Fruit,52.0876065,21.06299878
515,141209 Daniel Ob Fruit 584,Fruit,6.783193722,137.5177217
516,141209 Daniel Ob Fruit 585,Fruit,5.287499096,93.54702662
518,141209 Daniel Ob Fruit 586,Fruit,66.64991528,12.5843042
570,141209 Daniel Ob Fruit 587,Fruit,41.97337024,3.379536585
571,141209 Daniel Ob Fruit 588,Fruit,20.36478667,1.681070171
572,141209 Daniel Ob Fruit 589,Fruit,60.60236411,3.639864599
573,141209 Daniel Ob Fruit 590,Fruit,56.13873783,6.602943548
574,141209 Daniel Ob Fruit 591,Fruit,51.95891636,48.27139814
658,141209 Daniel Ob Fruit 592,Fruit,41.68691356,15.71340909
659,141209 Daniel Ob Fruit 593,Fruit,4.796717479,38.65303742
676,141209 Daniel Ob Fruit 594,Fruit,4.111953217,120.2470773
688,141209 Daniel Ob Fruit 595,Fruit,102.9541491,23.64041829
689,141209 Daniel Ob Fruit 596,Fruit,40.80440711,3.552152846
690,141209 Daniel Ob Fruit 597,Fruit,110.6316968,16.72494968
691,141209 Daniel Ob Fruit 598,Fruit,50.32139895,2.945108587
692,141209 Daniel Ob Fruit 599,Fruit,65.06108169,9.32896117
693,141209 Daniel Ob Fruit 600,Fruit,87.38782268,6.767312658
694,141209 Daniel Ob Fruit 601,Fruit,21.5263784,1.098742604
695,141210 Daniel Ob Fruit 602,Fruit,48.03540299,3.843394724
696,141210 Daniel Ob Fruit 603,Fruit,41.74856978,4.528221271
697,141210 Daniel Ob Fruit 604,Fruit,38.80693727,13.49704169
698,141210 Daniel Ob Fruit 605,Fruit,37.71051152,4.495261137
699,141210 Daniel Ob Fruit 606,Fruit,43.55714658,4.765472002
700,141210 Daniel Ob Fruit 607,Fruit,24.9069622,2.3630094
701,141210 Daniel Ob Fruit 608,Fruit,51.78025075,10.66615547
702,141210 Daniel Ob Fruit 609,Fruit,37.34627637,3.494124815
703,141210 Daniel Ob Fruit 610,Fruit,81.84635877,16.68665157
704,141210 Daniel Ob Fruit 611,Fruit,83.76369715,20.87007013
706,141210 Daniel Ob Fruit 612,Fruit,56.38421007,7.391533719
708,141210 Daniel Ob Fruit 613,Fruit,63.63315994,7.250095729
709,141210 Daniel Ob Fruit 614,Fruit,72.10232955,13.0635925
714,141210 Daniel Ob Fruit 615,Fruit,3.629279388,122.0607168
715,141210 Daniel Ob Fruit 616,Fruit,10.32903883,117.7679057
716,141210 Daniel Ob Fruit 617,Fruit,99.61641826,11.96161865
717,141210 Daniel Ob Fruit 618,Fruit,78.11897241,15.3318407
718,141210 Daniel Ob Fruit 619,Fruit,26.28931,2.971912053
719,141210 Daniel Ob Fruit 620,Fruit,43.27003083,4.23381278
720,141210 Daniel Ob Fruit 621,Fruit,55.01011541,21.50684416
723,141210 Daniel Ob Fruit 622,Fruit,4.469714727,94.13171938
725,141210 Daniel Ob Fruit 623,Fruit,3.078093611,88.31359955
726,141210 Daniel Ob Fruit 624,Fruit,2.06288218,68.50797374
727,141210 Daniel Ob Fruit 625,Fruit,5.610176996,62.61782226
728,141210 Daniel Ob Fruit 626,Fruit,44.2876431,11.3392479
729,141210 Daniel Ob Fruit 627,Fruit,44.3863057,10.01016507
731,141210 Daniel Ob Fruit 628,Fruit,3.397943885,43.12308757
732,141210 Daniel Ob Fruit 629,Fruit,5.765107029,102.7863771
734,141210 Daniel Ob Fruit 630,Fruit,35.04659143,8.803696742
735,141210 Daniel Ob Fruit 631,Fruit,51.37633805,35.13655605
738,141210 Daniel Ob Fruit 632,Fruit,2.215775749,77.52216317
739,141210 Daniel Ob Fruit 633,Fruit,8.429601036,108.833538
740,141210 Daniel Ob Fruit 634,Fruit,5.524793102,57.00032412
741,141210 Daniel Ob Fruit 635,Fruit,71.88962751,8.6432643
742,141210 Daniel Ob Fruit 636,Fruit,72.31790707,14.01735088
743,141210 Daniel Ob Fruit 637,Fruit,3.900033563,82.44328364
744,141210 Daniel Ob Fruit 638,Fruit,38.34093451,4.995846614
745,141210 Daniel Ob Fruit 639,Fruit,43.67356204,8.61925636
746,141210 Daniel Ob Fruit 640,Fruit,4.792986451,110.4232732
747,141210 Daniel Ob Fruit 641,Fruit,28.5720858,20.0540075
748,141210 Daniel Ob Fruit 642,Fruit,60.56403351,12.11995202
749,141210 Daniel Ob Fruit 643,Fruit,77.53551855,11.86328431
750,141210 Daniel Ob Fruit 644,Fruit,60.70895471,11.27063113
751,141210 Daniel Ob Fruit 645,Fruit,57.12940689,5.018620479
752,141210 Daniel Ob Fruit 646,Fruit,74.70190814,13.90040218
753,141210 Daniel Ob Fruit 647,Fruit,105.6640976,14.75234359
754,141210 Daniel Ob Fruit 648,Fruit,64.29991733,10.60072963
755,141210 Daniel Ob Fruit 649,Fruit,74.84204423,12.15639177
756,141210 Daniel Ob Fruit 650,Fruit,100.6351441,13.83140728
757,141210 Daniel Ob Fruit 651,Fruit,123.2551928,22.9261086
758,141210 Daniel Ob Fruit 652,Fruit,36.52259819,73.07487412
759,141210 Daniel Ob Fruit 653,Fruit,18.60038688,1.034839109
761,141210 Daniel Ob Fruit 654,Fruit,30.49978799,26.2429834
763,141210 Daniel Ob Fruit 655,Fruit,66.0712916,15.72789051
765,141210 Daniel Ob Fruit 656,Fruit,18.07821854,121.2711645
766,141210 Daniel Ob Fruit 657,Fruit,9.783275465,106.9917385
767,141210 Daniel Ob Fruit 658,Fruit,6.070782589,79.84101811
768,141210 Daniel Ob Fruit 659,Fruit,17.65278502,123.6366177
769,141210 Daniel Ob Fruit 660,Fruit,2.317395524,79.71819479
770,141210 Daniel Ob Fruit 661,Fruit,46.70164506,23.51598826
771,141211 Daniel Ob Fruit 662,Fruit,7.678212108,62.02981938
772,141211 Daniel Ob Fruit 663,Fruit,108.1754826,12.76924295
773,141211 Daniel Ob Fruit 664,Fruit,57.96108521,10.84128557
775,141211 Daniel Ob Fruit 665,Fruit,23.10448951,3.04868541
776,141211 Daniel Ob Fruit 666,Fruit,28.08126397,85.63088848
777,141211 Daniel Ob Fruit 667,Fruit,66.32516492,14.44548077
779,141211 Daniel Ob Fruit 668,Fruit,92.49491527,14.2990561
780,141211 Daniel Ob Fruit 669,Fruit,5.737492051,93.02866658
781,141211 Daniel Ob Fruit 670,Fruit,3.635309664,117.344733
782,141211 Daniel Ob Fruit 671,Fruit,58.33228897,10.09701348
784,141211 Daniel Ob Fruit 672,Fruit,3.783413854,59.79181585
785,141211 Daniel Ob Fruit 673,Fruit,79.62297201,7.458149062
786,141211 Daniel Ob Fruit 674,Fruit,11.28582918,82.68330064
787,141211 Daniel Ob Fruit 675,Fruit,6.227054587,80.82246814
788,141211 Daniel Ob Fruit 676,Fruit,116.8138832,18.42496542
789,141211 Daniel Ob Fruit 677,Fruit,103.9690952,11.91303981
790,141211 Daniel Ob Fruit 678,Fruit,61.86750975,3.346075
791,141211 Daniel Ob Fruit 679,Fruit,33.3847706,17.49531095
792,141211 Daniel Ob Fruit 680,Fruit,1.609382307,61.16979547
798,141211 Daniel Ob Fruit 681,Fruit,27.70674202,3.710203905
806,141211 Daniel Ob Fruit 682,Fruit,20.41090885,120.9010595
824,141211 Daniel Ob Fruit 684,Fruit,7.772542456,114.1923422
825,141211 Daniel Ob Fruit 685,Fruit,7.453006712,126.7799559
831,141211 Daniel Ob Fruit 686,Fruit,9.067267074,76.09474804
851,141211 Daniel Ob Fruit 687,Fruit,18.72768249,1.467634409
864,141211 Daniel Ob Fruit 688,Fruit,54.60650306,15.55762275
877,141211 Daniel Ob Fruit 689,Fruit,40.20454422,3.726473843
880,141211 Daniel Ob Fruit 690,Fruit,20.887578,4.3793175
888,141211 Daniel Ob Fruit 691,Fruit,33.79219749,4.323878575
890,141211 Daniel Ob Fruit 692,Fruit,30.8677629,7.789617898
891,141211 Daniel Ob Fruit 693,Fruit,27.03264788,52.4589425
892,141211 Daniel Ob Fruit 694,Fruit,69.05141489,30.88625747
893,141211 Daniel Ob Fruit 695,Fruit,65.05939808,20.66252831
908,141211 Daniel Ob Fruit 696,Fruit,60.65875968,19.75017848
914,141211 Daniel Ob Fruit 697,Fruit,62.73889653,13.19889247
915,141211 Daniel Ob Fruit 698,Fruit,46.60824915,6.3666925